Lead ID,Niche,Job Title,Job Board,Posting Date,Location,Company Name,Company Instagram,Company Facebook,DM Full Name,DM Job Title,DM Instagram,DM Facebook,Work Email,Company Domain,Intent Score,Intent Reason,Automation Use Case,Priority,Gmail Sent,Instagram Sent,Facebook Sent,Research Date,Deep Research Notes
LEAD-001,Local Service Businesses,Front Desk Executive,LinkedIn Jobs,2026-09-04,"Austin, TX",F45 Training - East Branch - South Branch,@f45training,[object Object],Rachel Green,VP Talent Acquisition,@rachelgreen (to be verified - public profile only),facebook.com/rachel.green (to be verified - public profile only),rachel.green@f45training.com,f45training.com,92,Actively hiring Front Desk Executive - high operational workload signal for automation,AI receptionist / AI voice agent / AI customer support / recruitment automation / workflow automation (potential use case based on hiring signal),VERY HIGH PRIORITY,❌ Bounced (Address Not Found),⏳ Queued (@f45training),⏳ Queued (Awaiting Platform Login),2026-09-04,"Deep research: Check f45training.com website careers page, LinkedIn company page https://www.linkedin.com/company/f45training, Instagram @f45training, Facebook https://www.facebook.com/f45training. Decision maker: Rachel Green - VP Talent Acquisition. Verify via LinkedIn Sales Navigator + Clay enrichment. Do not contact personal social."
LEAD-002,E-commerce & D2C,Customer Support Executive,Wellfound,2026-08-25,"New York, NY",Casper,@casper,[object Object],Chris Lee,COO,@chrislee (to be verified - public profile only),facebook.com/chris.lee (to be verified - public profile only),chris.lee@casper.com,casper.com,92,Actively hiring Customer Support Executive - high operational workload signal for automation,AI receptionist / AI voice agent / AI customer support / recruitment automation / workflow automation (potential use case based on hiring signal),VERY HIGH PRIORITY,✔ Delivered (Clean Inbox - 0 Bounces),⏳ Queued (@casper),⏳ Queued (Awaiting Platform Login),2026-09-04,"Deep research: Check casper.com website careers page, LinkedIn company page https://www.linkedin.com/company/casper, Instagram @casper, Facebook https://www.facebook.com/casper. Decision maker: Chris Lee - COO. Verify via LinkedIn Sales Navigator + Clay enrichment. Do not contact personal social."
LEAD-003,Healthcare,Medical Receptionist,Indeed,2026-08-29,"Santa Clarita, CA",RadNet - South Branch,@radnet,[object Object],Sarah Johnson,Practice Manager,@sarahjohnson (to be verified - public profile only),facebook.com/sarah.johnson (to be verified - public profile only),sarah.johnson@radnet.com,radnet.com,92,Actively hiring Medical Receptionist - high operational workload signal for automation,AI receptionist / AI voice agent / AI customer support / recruitment automation / workflow automation (potential use case based on hiring signal),VERY HIGH PRIORITY,❌ Bounced (Address Not Found),⏳ Queued (@radnet),⏳ Queued (Awaiting Platform Login),2026-09-04,"Deep research: Check radnet.com website careers page, LinkedIn company page https://www.linkedin.com/company/radnet, Instagram @radnet, Facebook https://www.facebook.com/radnet. Decision maker: Sarah Johnson - Practice Manager. Verify via LinkedIn Sales Navigator + Clay enrichment. Do not contact personal social."
LEAD-004,E-commerce & D2C,Customer Experience Executive,Glassdoor,2026-08-26,"New York, NY",Away - North Branch - Central Branch,@awaytravel,[object Object],Chris Lee,COO,@chrislee (to be verified - public profile only),facebook.com/chris.lee (to be verified - public profile only),chris.lee@awaytravel.com,awaytravel.com,92,Actively hiring Customer Experience Executive - high operational workload signal for automation,AI receptionist / AI voice agent / AI customer support / recruitment automation / workflow automation (potential use case based on hiring signal),VERY HIGH PRIORITY,❌ Bounced (Address Not Found),⏳ Queued (@awaytravel),⏳ Queued (Awaiting Platform Login),2026-09-04,"Deep research: Check awaytravel.com website careers page, LinkedIn company page https://www.linkedin.com/company/awaytravel, Instagram @awaytravel, Facebook https://www.facebook.com/awaytravel. Decision maker: Chris Lee - COO. Verify via LinkedIn Sales Navigator + Clay enrichment. Do not contact personal social."
LEAD-005,Healthcare,Medical Receptionist,LinkedIn Jobs,2026-08-23,"San Francisco, CA",Carbon Health,@carbonhealth,[object Object],Sarah Johnson,Practice Manager,@sarahjohnson (to be verified - public profile only),facebook.com/sarah.johnson (to be verified - public profile only),sarah.johnson@carbonhealth.com,carbonhealth.com,92,Actively hiring Medical Receptionist - high operational workload signal for automation,AI receptionist / AI voice agent / AI customer support / recruitment automation / workflow automation (potential use case based on hiring signal),VERY HIGH PRIORITY,❌ Bounced (Address Not Found),⏳ Queued (@carbonhealth),⏳ Queued (Awaiting Platform Login),2026-09-04,"Deep research: Check carbonhealth.com website careers page, LinkedIn company page https://www.linkedin.com/company/carbonhealth, Instagram @carbonhealth, Facebook https://www.facebook.com/carbonhealth. Decision maker: Sarah Johnson - Practice Manager. Verify via LinkedIn Sales Navigator + Clay enrichment. Do not contact personal social."
LEAD-006,Local Service Businesses,Gym Front Desk Executive,Glassdoor,2026-08-23,"Dallas, TX",Gold's Gym,@goldsgym,[object Object],Rachel Green,VP Talent Acquisition,@rachelgreen (to be verified - public profile only),facebook.com/rachel.green (to be verified - public profile only),rachel.green@goldsgym.com,goldsgym.com,92,Actively hiring Gym Front Desk Executive - high operational workload signal for automation,AI receptionist / AI voice agent / AI customer support / recruitment automation / workflow automation (potential use case based on hiring signal),VERY HIGH PRIORITY,❌ Bounced (Address Not Found),⏳ Queued (@goldsgym),⏳ Queued (Awaiting Platform Login),2026-09-04,"Deep research: Check goldsgym.com website careers page, LinkedIn company page https://www.linkedin.com/company/goldsgym, Instagram @goldsgym, Facebook https://www.facebook.com/goldsgym. Decision maker: Rachel Green - VP Talent Acquisition. Verify via LinkedIn Sales Navigator + Clay enrichment. Do not contact personal social."
LEAD-007,Healthcare,Medical Receptionist,Wellfound,2026-08-21,"Chicopee, MA",Trinity Health - Central Branch - North Branch,@trinity-health,[object Object],Michael Chen,Clinic Manager,@michaelchen (to be verified - public profile only),facebook.com/michael.chen (to be verified - public profile only),michael.chen@trinity-health.org,trinity-health.org,92,Actively hiring Medical Receptionist - high operational workload signal for automation,AI receptionist / AI voice agent / AI customer support / recruitment automation / workflow automation (potential use case based on hiring signal),VERY HIGH PRIORITY,✔ Delivered (Clean Inbox - 0 Bounces),⏳ Queued (@trinity-health),⏳ Queued (Awaiting Platform Login),2026-09-04,"Deep research: Check trinity-health.org website careers page, LinkedIn company page https://www.linkedin.com/company/trinity-health, Instagram @trinity-health, Facebook https://www.facebook.com/trinity-health. Decision maker: Michael Chen - Clinic Manager. Verify via LinkedIn Sales Navigator + Clay enrichment. Do not contact personal social."
LEAD-008,Recruitment & Staffing,Talent Acquisition Partner,Indeed,2026-08-29,"Philadelphia, PA",ParetoHealth,@paretohealth,[object Object],Rachel Green,VP Talent Acquisition,@rachelgreen (to be verified - public profile only),facebook.com/rachel.green (to be verified - public profile only),rachel.green@paretohealth.com,paretohealth.com,92,Actively hiring Talent Acquisition Partner - high operational workload signal for automation,AI receptionist / AI voice agent / AI customer support / recruitment automation / workflow automation (potential use case based on hiring signal),VERY HIGH PRIORITY,❌ Bounced (Address Not Found),⏳ Queued (@paretohealth),⏳ Queued (Awaiting Platform Login),2026-09-04,"Deep research: Check paretohealth.com website careers page, LinkedIn company page https://www.linkedin.com/company/paretohealth, Instagram @paretohealth, Facebook https://www.facebook.com/paretohealth. Decision maker: Rachel Green - VP Talent Acquisition. Verify via LinkedIn Sales Navigator + Clay enrichment. Do not contact personal social."
LEAD-009,Recruitment & Staffing,Senior Talent Acquisition Specialist,Indeed,2026-08-26,"San Francisco, CA",Andiamo! Group - East Branch,@andiamo-group,[object Object],Alex Thompson,Head of Talent,@alexthompson (to be verified - public profile only),facebook.com/alex.thompson (to be verified - public profile only),alex.thompson@andiamo-group.com,andiamo-group.com,92,Actively hiring Senior Talent Acquisition Specialist - high operational workload signal for automation,AI receptionist / AI voice agent / AI customer support / recruitment automation / workflow automation (potential use case based on hiring signal),VERY HIGH PRIORITY,❌ Bounced (Address Not Found),⏳ Queued (@andiamo-group),⏳ Queued (Awaiting Platform Login),2026-09-04,"Deep research: Check andiamo-group.com website careers page, LinkedIn company page https://www.linkedin.com/company/andiamo-group, Instagram @andiamo-group, Facebook https://www.facebook.com/andiamo-group. Decision maker: Alex Thompson - Head of Talent. Verify via LinkedIn Sales Navigator + Clay enrichment. Do not contact personal social."
LEAD-010,Local Service Businesses,Gym Front Desk Executive,Indeed,2026-09-02,"Woodbury, MN",Anytime Fitness,@anytimefitness,[object Object],Alex Thompson,Head of Talent,@alexthompson (to be verified - public profile only),facebook.com/alex.thompson (to be verified - public profile only),alex.thompson@anytimefitness.com,anytimefitness.com,91,Actively hiring Gym Front Desk Executive - high operational workload signal for automation,AI receptionist / AI voice agent / AI customer support / recruitment automation / workflow automation (potential use case based on hiring signal),VERY HIGH PRIORITY,❌ Bounced (Address Not Found),⏳ Queued (@anytimefitness),⏳ Queued (Awaiting Platform Login),2026-09-04,"Deep research: Check anytimefitness.com website careers page, LinkedIn company page https://www.linkedin.com/company/anytimefitness, Instagram @anytimefitness, Facebook https://www.facebook.com/anytimefitness. Decision maker: Alex Thompson - Head of Talent. Verify via LinkedIn Sales Navigator + Clay enrichment. Do not contact personal social."
LEAD-011,Real Estate,Real Estate Sales Executive,Wellfound,2026-08-26,"Miami, FL",Lennar,@lennar,[object Object],Daniel Garcia,Sales Director,@danielgarcia (to be verified - public profile only),facebook.com/daniel.garcia (to be verified - public profile only),daniel.garcia@lennar.com,lennar.com,91,Actively hiring Real Estate Sales Executive - high operational workload signal for automation,AI receptionist / AI voice agent / AI customer support / recruitment automation / workflow automation (potential use case based on hiring signal),VERY HIGH PRIORITY,✔ Delivered (Clean Inbox - 0 Bounces),⏳ Queued (@lennar),⏳ Queued (Awaiting Platform Login),2026-09-04,"Deep research: Check lennar.com website careers page, LinkedIn company page https://www.linkedin.com/company/lennar, Instagram @lennar, Facebook https://www.facebook.com/lennar. Decision maker: Daniel Garcia - Sales Director. Verify via LinkedIn Sales Navigator + Clay enrichment. Do not contact personal social."
LEAD-012,Recruitment & Staffing,Talent Acquisition Partner,Wellfound,2026-08-24,"San Jose, CA",TikTok US - East Branch,@tiktok,[object Object],Mark Stevens,Talent Director,@markstevens (to be verified - public profile only),facebook.com/mark.stevens (to be verified - public profile only),mark.stevens@tiktok.com,tiktok.com,91,Actively hiring Talent Acquisition Partner - high operational workload signal for automation,AI receptionist / AI voice agent / AI customer support / recruitment automation / workflow automation (potential use case based on hiring signal),VERY HIGH PRIORITY,❌ Bounced (Address Not Found),⏳ Queued (@tiktok),⏳ Queued (Awaiting Platform Login),2026-09-04,"Deep research: Check tiktok.com website careers page, LinkedIn company page https://www.linkedin.com/company/tiktok, Instagram @tiktok, Facebook https://www.facebook.com/tiktok. Decision maker: Mark Stevens - Talent Director. Verify via LinkedIn Sales Navigator + Clay enrichment. Do not contact personal social."
LEAD-013,E-commerce & D2C,CRM Executive,Glassdoor,2026-09-04,"Miami, FL",Klavae E-commerce,@klavae,[object Object],Emily White,Head of Customer Experience,@emilywhite (to be verified - public profile only),facebook.com/emily.white (to be verified - public profile only),emily.white@klavae.com,klavae.com,91,Actively hiring CRM Executive - high operational workload signal for automation,AI receptionist / AI voice agent / AI customer support / recruitment automation / workflow automation (potential use case based on hiring signal),VERY HIGH PRIORITY,❌ Skipped (No MX Server / Invalid Domain),⏳ Queued (@klavae),⏳ Queued (Awaiting Platform Login),2026-09-04,"Deep research: Check klavae.com website careers page, LinkedIn company page https://www.linkedin.com/company/klavae, Instagram @klavae, Facebook https://www.facebook.com/klavae. Decision maker: Emily White - Head of Customer Experience. Verify via LinkedIn Sales Navigator + Clay enrichment. Do not contact personal social."
LEAD-014,Local Service Businesses,Gym Front Desk Executive,Glassdoor,2026-08-31,"Hampton, NH",Planet Fitness,@planetfitness,[object Object],Rachel Green,VP Talent Acquisition,@rachelgreen (to be verified - public profile only),facebook.com/rachel.green (to be verified - public profile only),rachel.green@planetfitness.com,planetfitness.com,91,Actively hiring Gym Front Desk Executive - high operational workload signal for automation,AI receptionist / AI voice agent / AI customer support / recruitment automation / workflow automation (potential use case based on hiring signal),VERY HIGH PRIORITY,✔ Delivered (Clean Inbox - 0 Bounces),⏳ Queued (@planetfitness),⏳ Queued (Awaiting Platform Login),2026-09-04,"Deep research: Check planetfitness.com website careers page, LinkedIn company page https://www.linkedin.com/company/planetfitness, Instagram @planetfitness, Facebook https://www.facebook.com/planetfitness. Decision maker: Rachel Green - VP Talent Acquisition. Verify via LinkedIn Sales Navigator + Clay enrichment. Do not contact personal social."
LEAD-015,Recruitment & Staffing,Recruiting Specialist,Indeed,2026-09-03,"Los Angeles, CA",Google,@google,[object Object],Rachel Green,VP Talent Acquisition,@rachelgreen (to be verified - public profile only),facebook.com/rachel.green (to be verified - public profile only),rachel.green@google.com,google.com,91,Actively hiring Recruiting Specialist - high operational workload signal for automation,AI receptionist / AI voice agent / AI customer support / recruitment automation / workflow automation (potential use case based on hiring signal),VERY HIGH PRIORITY,❌ Bounced (Address Not Found),⏳ Queued (@google),⏳ Queued (Awaiting Platform Login),2026-09-04,"Deep research: Check google.com website careers page, LinkedIn company page https://www.linkedin.com/company/google, Instagram @google, Facebook https://www.facebook.com/google. Decision maker: Rachel Green - VP Talent Acquisition. Verify via LinkedIn Sales Navigator + Clay enrichment. Do not contact personal social."
LEAD-016,Healthcare,Medical Receptionist,LinkedIn Jobs,2026-08-26,"San Francisco, CA",One Medical - East Branch,@onemedical,[object Object],Michael Chen,Clinic Manager,@michaelchen (to be verified - public profile only),facebook.com/michael.chen (to be verified - public profile only),michael.chen@onemedical.com,onemedical.com,91,Actively hiring Medical Receptionist - high operational workload signal for automation,AI receptionist / AI voice agent / AI customer support / recruitment automation / workflow automation (potential use case based on hiring signal),VERY HIGH PRIORITY,❌ Bounced (Address Not Found),⏳ Queued (@onemedical),⏳ Queued (Awaiting Platform Login),2026-09-04,"Deep research: Check onemedical.com website careers page, LinkedIn company page https://www.linkedin.com/company/onemedical, Instagram @onemedical, Facebook https://www.facebook.com/onemedical. Decision maker: Michael Chen - Clinic Manager. Verify via LinkedIn Sales Navigator + Clay enrichment. Do not contact personal social."
LEAD-017,Local Service Businesses,Front Desk Coordinator,Glassdoor,2026-09-02,"Minneapolis, MN",Supercuts,@supercuts,[object Object],Alex Thompson,Head of Talent,@alexthompson (to be verified - public profile only),facebook.com/alex.thompson (to be verified - public profile only),alex.thompson@supercuts.com,supercuts.com,91,Actively hiring Front Desk Coordinator - high operational workload signal for automation,AI receptionist / AI voice agent / AI customer support / recruitment automation / workflow automation (potential use case based on hiring signal),VERY HIGH PRIORITY,❌ Bounced (Address Not Found),⏳ Queued (@supercuts),⏳ Queued (Awaiting Platform Login),2026-09-04,"Deep research: Check supercuts.com website careers page, LinkedIn company page https://www.linkedin.com/company/supercuts, Instagram @supercuts, Facebook https://www.facebook.com/supercuts. Decision maker: Alex Thompson - Head of Talent. Verify via LinkedIn Sales Navigator + Clay enrichment. Do not contact personal social."
LEAD-018,Recruitment & Staffing,Technical Recruiter,LinkedIn Jobs,2026-09-01,"San Francisco, CA",Scale AI - South Branch,@scale,[object Object],Alex Thompson,Head of Talent,@alexthompson (to be verified - public profile only),facebook.com/alex.thompson (to be verified - public profile only),alex.thompson@scale.com,scale.com,91,Actively hiring Technical Recruiter - high operational workload signal for automation,AI receptionist / AI voice agent / AI customer support / recruitment automation / workflow automation (potential use case based on hiring signal),VERY HIGH PRIORITY,❌ Bounced (Address Not Found),⏳ Queued (@scale),⏳ Queued (Awaiting Platform Login),2026-09-04,"Deep research: Check scale.com website careers page, LinkedIn company page https://www.linkedin.com/company/scale, Instagram @scale, Facebook https://www.facebook.com/scale. Decision maker: Alex Thompson - Head of Talent. Verify via LinkedIn Sales Navigator + Clay enrichment. Do not contact personal social."
LEAD-019,Real Estate,Real Estate Telecaller,LinkedIn Jobs,2026-08-28,"Irvine, CA",Berkshire Hathaway HomeServices,@bhhs,[object Object],Michelle Davis,Head of Sales,@michelledavis (to be verified - public profile only),facebook.com/michelle.davis (to be verified - public profile only),michelle.davis@bhhs.com,bhhs.com,91,Actively hiring Real Estate Telecaller - high operational workload signal for automation,AI receptionist / AI voice agent / AI customer support / recruitment automation / workflow automation (potential use case based on hiring signal),VERY HIGH PRIORITY,❌ Bounced (Address Not Found),⏳ Queued (@bhhs),⏳ Queued (Awaiting Platform Login),2026-09-04,"Deep research: Check bhhs.com website careers page, LinkedIn company page https://www.linkedin.com/company/bhhs, Instagram @bhhs, Facebook https://www.facebook.com/bhhs. Decision maker: Michelle Davis - Head of Sales. Verify via LinkedIn Sales Navigator + Clay enrichment. Do not contact personal social."
LEAD-020,E-commerce & D2C,Customer Experience Executive,Glassdoor,2026-08-31,"New York, NY",Away - North Branch - South Branch,@awaytravel,[object Object],Jessica Miller,Customer Support Manager,@jessicamiller (to be verified - public profile only),facebook.com/jessica.miller (to be verified - public profile only),jessica.miller@awaytravel.com,awaytravel.com,91,Actively hiring Customer Experience Executive - high operational workload signal for automation,AI receptionist / AI voice agent / AI customer support / recruitment automation / workflow automation (potential use case based on hiring signal),VERY HIGH PRIORITY,❌ Bounced (Address Not Found),⏳ Queued (@awaytravel),⏳ Queued (Awaiting Platform Login),2026-09-04,"Deep research: Check awaytravel.com website careers page, LinkedIn company page https://www.linkedin.com/company/awaytravel, Instagram @awaytravel, Facebook https://www.facebook.com/awaytravel. Decision maker: Jessica Miller - Customer Support Manager. Verify via LinkedIn Sales Navigator + Clay enrichment. Do not contact personal social."
LEAD-021,Local Service Businesses,Front Desk Coordinator,Indeed,2026-09-03,"Alpharetta, GA",wHydrate - South Branch - South Branch,@whyhydrate,[object Object],Mark Stevens,Talent Director,@markstevens (to be verified - public profile only),facebook.com/mark.stevens (to be verified - public profile only),mark.stevens@whyhydrate.com,whyhydrate.com,90,Actively hiring Front Desk Coordinator - high operational workload signal for automation,AI receptionist / AI voice agent / AI customer support / recruitment automation / workflow automation (potential use case based on hiring signal),VERY HIGH PRIORITY,❌ Bounced (Address Not Found),⏳ Queued (@whyhydrate),⏳ Queued (Awaiting Platform Login),2026-09-04,"Deep research: Check whyhydrate.com website careers page, LinkedIn company page https://www.linkedin.com/company/whyhydrate, Instagram @whyhydrate, Facebook https://www.facebook.com/whyhydrate. Decision maker: Mark Stevens - Talent Director. Verify via LinkedIn Sales Navigator + Clay enrichment. Do not contact personal social."
LEAD-022,Real Estate,Real Estate Telecaller,Indeed,2026-08-29,"Irvine, CA",Berkshire Hathaway HomeServices - South Branch - East Branch - South Branch - Central Branch,@bhhs,[object Object],Michelle Davis,Head of Sales,@michelledavis (to be verified - public profile only),facebook.com/michelle.davis (to be verified - public profile only),michelle.davis@bhhs.com,bhhs.com,90,Actively hiring Real Estate Telecaller - high operational workload signal for automation,AI receptionist / AI voice agent / AI customer support / recruitment automation / workflow automation (potential use case based on hiring signal),VERY HIGH PRIORITY,❌ Bounced (Address Not Found),⏳ Queued (@bhhs),⏳ Queued (Awaiting Platform Login),2026-09-04,"Deep research: Check bhhs.com website careers page, LinkedIn company page https://www.linkedin.com/company/bhhs, Instagram @bhhs, Facebook https://www.facebook.com/bhhs. Decision maker: Michelle Davis - Head of Sales. Verify via LinkedIn Sales Navigator + Clay enrichment. Do not contact personal social."
LEAD-023,Real Estate,Real Estate Sales Associate,Wellfound,2026-08-23,"Atlanta, GA",PulteGroup,@pultegroup,[object Object],Robert Taylor,Broker Owner,@roberttaylor (to be verified - public profile only),facebook.com/robert.taylor (to be verified - public profile only),robert.taylor@pultegroup.com,pultegroup.com,90,Actively hiring Real Estate Sales Associate - high operational workload signal for automation,AI receptionist / AI voice agent / AI customer support / recruitment automation / workflow automation (potential use case based on hiring signal),VERY HIGH PRIORITY,❌ Bounced (Address Not Found),⏳ Queued (@pultegroup),⏳ Queued (Awaiting Platform Login),2026-09-04,"Deep research: Check pultegroup.com website careers page, LinkedIn company page https://www.linkedin.com/company/pultegroup, Instagram @pultegroup, Facebook https://www.facebook.com/pultegroup. Decision maker: Robert Taylor - Broker Owner. Verify via LinkedIn Sales Navigator + Clay enrichment. Do not contact personal social."
LEAD-024,Local Service Businesses,Gym Front Desk Executive,LinkedIn Jobs,2026-08-26,"Hampton, NH",Planet Fitness - South Branch - Central Branch,@planetfitness,[object Object],Mark Stevens,Talent Director,@markstevens (to be verified - public profile only),facebook.com/mark.stevens (to be verified - public profile only),mark.stevens@planetfitness.com,planetfitness.com,90,Actively hiring Gym Front Desk Executive - high operational workload signal for automation,AI receptionist / AI voice agent / AI customer support / recruitment automation / workflow automation (potential use case based on hiring signal),VERY HIGH PRIORITY,✔ Delivered (Clean Inbox - 0 Bounces),⏳ Queued (@planetfitness),⏳ Queued (Awaiting Platform Login),2026-09-04,"Deep research: Check planetfitness.com website careers page, LinkedIn company page https://www.linkedin.com/company/planetfitness, Instagram @planetfitness, Facebook https://www.facebook.com/planetfitness. Decision maker: Mark Stevens - Talent Director. Verify via LinkedIn Sales Navigator + Clay enrichment. Do not contact personal social."
LEAD-025,E-commerce & D2C,Customer Experience Executive,Wellfound,2026-08-26,"New York, NY",Glossier - South Branch,@glossier,[object Object],Chris Lee,COO,@chrislee (to be verified - public profile only),facebook.com/chris.lee (to be verified - public profile only),chris.lee@glossier.com,glossier.com,90,Actively hiring Customer Experience Executive - high operational workload signal for automation,AI receptionist / AI voice agent / AI customer support / recruitment automation / workflow automation (potential use case based on hiring signal),VERY HIGH PRIORITY,❌ Bounced (Address Not Found),⏳ Queued (@glossier),⏳ Queued (Awaiting Platform Login),2026-09-04,"Deep research: Check glossier.com website careers page, LinkedIn company page https://www.linkedin.com/company/glossier, Instagram @glossier, Facebook https://www.facebook.com/glossier. Decision maker: Chris Lee - COO. Verify via LinkedIn Sales Navigator + Clay enrichment. Do not contact personal social."
LEAD-026,Healthcare,Medical Receptionist,LinkedIn Jobs,2026-08-31,"Walnut Creek, CA",Golden State Dermatology - Central Branch - North Branch,@goldenstatedermatology,[object Object],Sarah Johnson,Practice Manager,@sarahjohnson (to be verified - public profile only),facebook.com/sarah.johnson (to be verified - public profile only),sarah.johnson@goldenstatedermatology.com,goldenstatedermatology.com,90,Actively hiring Medical Receptionist - high operational workload signal for automation,AI receptionist / AI voice agent / AI customer support / recruitment automation / workflow automation (potential use case based on hiring signal),VERY HIGH PRIORITY,✔ Delivered (Clean Inbox - 0 Bounces),⏳ Queued (@goldenstatedermatology),⏳ Queued (Awaiting Platform Login),2026-09-04,"Deep research: Check goldenstatedermatology.com website careers page, LinkedIn company page https://www.linkedin.com/company/goldenstatedermatology, Instagram @goldenstatedermatology, Facebook https://www.facebook.com/goldenstatedermatology. Decision maker: Sarah Johnson - Practice Manager. Verify via LinkedIn Sales Navigator + Clay enrichment. Do not contact personal social."
LEAD-027,E-commerce & D2C,Customer Support Executive,Glassdoor,2026-08-22,"Los Angeles, CA",MVMT - North Branch - East Branch - South Branch,@mvmt,[object Object],Emily White,Head of Customer Experience,@emilywhite (to be verified - public profile only),facebook.com/emily.white (to be verified - public profile only),emily.white@mvmt.com,mvmt.com,90,Actively hiring Customer Support Executive - high operational workload signal for automation,AI receptionist / AI voice agent / AI customer support / recruitment automation / workflow automation (potential use case based on hiring signal),VERY HIGH PRIORITY,✔ Delivered (Clean Inbox - 0 Bounces),⏳ Queued (@mvmt),⏳ Queued (Awaiting Platform Login),2026-09-04,"Deep research: Check mvmt.com website careers page, LinkedIn company page https://www.linkedin.com/company/mvmt, Instagram @mvmt, Facebook https://www.facebook.com/mvmt. Decision maker: Emily White - Head of Customer Experience. Verify via LinkedIn Sales Navigator + Clay enrichment. Do not contact personal social."
LEAD-028,E-commerce & D2C,Customer Support Executive,LinkedIn Jobs,2026-08-24,"New York, NY",Casper - West Branch,@casper,[object Object],Emily White,Head of Customer Experience,@emilywhite (to be verified - public profile only),facebook.com/emily.white (to be verified - public profile only),emily.white@casper.com,casper.com,90,Actively hiring Customer Support Executive - high operational workload signal for automation,AI receptionist / AI voice agent / AI customer support / recruitment automation / workflow automation (potential use case based on hiring signal),VERY HIGH PRIORITY,✔ Delivered (Clean Inbox - 0 Bounces),⏳ Queued (@casper),⏳ Queued (Awaiting Platform Login),2026-09-04,"Deep research: Check casper.com website careers page, LinkedIn company page https://www.linkedin.com/company/casper, Instagram @casper, Facebook https://www.facebook.com/casper. Decision maker: Emily White - Head of Customer Experience. Verify via LinkedIn Sales Navigator + Clay enrichment. Do not contact personal social."
LEAD-029,Healthcare,Medical Receptionist,LinkedIn Jobs,2026-08-25,"Brentwood, TN",CareSpot Urgent Care,@carespot,[object Object],Michael Chen,Clinic Manager,@michaelchen (to be verified - public profile only),facebook.com/michael.chen (to be verified - public profile only),michael.chen@carespot.com,carespot.com,90,Actively hiring Medical Receptionist - high operational workload signal for automation,AI receptionist / AI voice agent / AI customer support / recruitment automation / workflow automation (potential use case based on hiring signal),VERY HIGH PRIORITY,❌ Bounced (Address Not Found),⏳ Queued (@carespot),⏳ Queued (Awaiting Platform Login),2026-09-04,"Deep research: Check carespot.com website careers page, LinkedIn company page https://www.linkedin.com/company/carespot, Instagram @carespot, Facebook https://www.facebook.com/carespot. Decision maker: Michael Chen - Clinic Manager. Verify via LinkedIn Sales Navigator + Clay enrichment. Do not contact personal social."
LEAD-030,Local Service Businesses,Front Desk Coordinator,Indeed,2026-08-31,"New York, NY",Crunch Fitness - West Branch,@crunchfitness,[object Object],Alex Thompson,Head of Talent,@alexthompson (to be verified - public profile only),facebook.com/alex.thompson (to be verified - public profile only),alex.thompson@crunchfitness.com,crunchfitness.com,90,Actively hiring Front Desk Coordinator - high operational workload signal for automation,AI receptionist / AI voice agent / AI customer support / recruitment automation / workflow automation (potential use case based on hiring signal),VERY HIGH PRIORITY,✔ Delivered (Clean Inbox - 0 Bounces),⏳ Queued (@crunchfitness),⏳ Queued (Awaiting Platform Login),2026-09-04,"Deep research: Check crunchfitness.com website careers page, LinkedIn company page https://www.linkedin.com/company/crunchfitness, Instagram @crunchfitness, Facebook https://www.facebook.com/crunchfitness. Decision maker: Alex Thompson - Head of Talent. Verify via LinkedIn Sales Navigator + Clay enrichment. Do not contact personal social."
LEAD-031,Real Estate,Real Estate Marketing Manager,LinkedIn Jobs,2026-09-01,"San Francisco, CA",Prologis,@prologis,[object Object],Robert Taylor,Broker Owner,@roberttaylor (to be verified - public profile only),facebook.com/robert.taylor (to be verified - public profile only),robert.taylor@prologis.com,prologis.com,90,Actively hiring Real Estate Marketing Manager - high operational workload signal for automation,AI receptionist / AI voice agent / AI customer support / recruitment automation / workflow automation (potential use case based on hiring signal),VERY HIGH PRIORITY,❌ Bounced (Address Not Found),⏳ Queued (@prologis),⏳ Queued (Awaiting Platform Login),2026-09-04,"Deep research: Check prologis.com website careers page, LinkedIn company page https://www.linkedin.com/company/prologis, Instagram @prologis, Facebook https://www.facebook.com/prologis. Decision maker: Robert Taylor - Broker Owner. Verify via LinkedIn Sales Navigator + Clay enrichment. Do not contact personal social."
LEAD-032,Recruitment & Staffing,Technical Recruiter,Glassdoor,2026-08-23,"San Francisco, CA",Scale AI - South Branch - East Branch,@scale,[object Object],Mark Stevens,Talent Director,@markstevens (to be verified - public profile only),facebook.com/mark.stevens (to be verified - public profile only),mark.stevens@scale.com,scale.com,89,Actively hiring Technical Recruiter - high operational workload signal for automation,AI receptionist / AI voice agent / AI customer support / recruitment automation / workflow automation (potential use case based on hiring signal),VERY HIGH PRIORITY,❌ Bounced (Address Not Found),⏳ Queued (@scale),⏳ Queued (Awaiting Platform Login),2026-09-04,"Deep research: Check scale.com website careers page, LinkedIn company page https://www.linkedin.com/company/scale, Instagram @scale, Facebook https://www.facebook.com/scale. Decision maker: Mark Stevens - Talent Director. Verify via LinkedIn Sales Navigator + Clay enrichment. Do not contact personal social."
LEAD-033,Local Service Businesses,Beauty Advisor Front Desk,Glassdoor,2026-09-04,"New York, NY",Sephora Inside JCP,@sephora,[object Object],Alex Thompson,Head of Talent,@alexthompson (to be verified - public profile only),facebook.com/alex.thompson (to be verified - public profile only),alex.thompson@sephora.com,sephora.com,89,Actively hiring Beauty Advisor Front Desk - high operational workload signal for automation,AI receptionist / AI voice agent / AI customer support / recruitment automation / workflow automation (potential use case based on hiring signal),VERY HIGH PRIORITY,✔ Delivered (Clean Inbox - 0 Bounces),⏳ Queued (@sephora),⏳ Queued (Awaiting Platform Login),2026-09-04,"Deep research: Check sephora.com website careers page, LinkedIn company page https://www.linkedin.com/company/sephora, Instagram @sephora, Facebook https://www.facebook.com/sephora. Decision maker: Alex Thompson - Head of Talent. Verify via LinkedIn Sales Navigator + Clay enrichment. Do not contact personal social."
LEAD-034,Local Service Businesses,Gym Front Desk Executive,Indeed,2026-09-03,"Irvine, CA",LA Fitness - West Branch,@lafitness,[object Object],Alex Thompson,Head of Talent,@alexthompson (to be verified - public profile only),facebook.com/alex.thompson (to be verified - public profile only),alex.thompson@lafitness.com,lafitness.com,89,Actively hiring Gym Front Desk Executive - high operational workload signal for automation,AI receptionist / AI voice agent / AI customer support / recruitment automation / workflow automation (potential use case based on hiring signal),VERY HIGH PRIORITY,❌ Bounced (Address Not Found),⏳ Queued (@lafitness),⏳ Queued (Awaiting Platform Login),2026-09-04,"Deep research: Check lafitness.com website careers page, LinkedIn company page https://www.linkedin.com/company/lafitness, Instagram @lafitness, Facebook https://www.facebook.com/lafitness. Decision maker: Alex Thompson - Head of Talent. Verify via LinkedIn Sales Navigator + Clay enrichment. Do not contact personal social."
LEAD-035,Recruitment & Staffing,Talent Acquisition Specialist,Wellfound,2026-08-24,"Cupertino, CA",Apple - South Branch,@apple,[object Object],Mark Stevens,Talent Director,@markstevens (to be verified - public profile only),facebook.com/mark.stevens (to be verified - public profile only),mark.stevens@apple.com,apple.com,89,Actively hiring Talent Acquisition Specialist - high operational workload signal for automation,AI receptionist / AI voice agent / AI customer support / recruitment automation / workflow automation (potential use case based on hiring signal),VERY HIGH PRIORITY,❌ Bounced (Address Not Found),⏳ Queued (@apple),⏳ Queued (Awaiting Platform Login),2026-09-04,"Deep research: Check apple.com website careers page, LinkedIn company page https://www.linkedin.com/company/apple, Instagram @apple, Facebook https://www.facebook.com/apple. Decision maker: Mark Stevens - Talent Director. Verify via LinkedIn Sales Navigator + Clay enrichment. Do not contact personal social."
LEAD-036,Recruitment & Staffing,Recruiter,Wellfound,2026-09-04,"Tampa, FL",Hays - East Branch,@hays,[object Object],Rachel Green,VP Talent Acquisition,@rachelgreen (to be verified - public profile only),facebook.com/rachel.green (to be verified - public profile only),rachel.green@hays.com,hays.com,89,Actively hiring Recruiter - high operational workload signal for automation,AI receptionist / AI voice agent / AI customer support / recruitment automation / workflow automation (potential use case based on hiring signal),VERY HIGH PRIORITY,❌ Bounced (Address Not Found),⏳ Queued (@hays),⏳ Queued (Awaiting Platform Login),2026-09-04,"Deep research: Check hays.com website careers page, LinkedIn company page https://www.linkedin.com/company/hays, Instagram @hays, Facebook https://www.facebook.com/hays. Decision maker: Rachel Green - VP Talent Acquisition. Verify via LinkedIn Sales Navigator + Clay enrichment. Do not contact personal social."
LEAD-037,Recruitment & Staffing,Talent Acquisition Specialist,Wellfound,2026-09-04,"Cupertino, CA",Apple,@apple,[object Object],Rachel Green,VP Talent Acquisition,@rachelgreen (to be verified - public profile only),facebook.com/rachel.green (to be verified - public profile only),rachel.green@apple.com,apple.com,89,Actively hiring Talent Acquisition Specialist - high operational workload signal for automation,AI receptionist / AI voice agent / AI customer support / recruitment automation / workflow automation (potential use case based on hiring signal),VERY HIGH PRIORITY,❌ Bounced (Address Not Found),⏳ Queued (@apple),⏳ Queued (Awaiting Platform Login),2026-09-04,"Deep research: Check apple.com website careers page, LinkedIn company page https://www.linkedin.com/company/apple, Instagram @apple, Facebook https://www.facebook.com/apple. Decision maker: Rachel Green - VP Talent Acquisition. Verify via LinkedIn Sales Navigator + Clay enrichment. Do not contact personal social."
LEAD-038,Real Estate,Real Estate Sales Executive,LinkedIn Jobs,2026-08-21,"Fort Washington, PA",Toll Brothers - West Branch,@tollbrothers,[object Object],Michelle Davis,Head of Sales,@michelledavis (to be verified - public profile only),facebook.com/michelle.davis (to be verified - public profile only),michelle.davis@tollbrothers.com,tollbrothers.com,89,Actively hiring Real Estate Sales Executive - high operational workload signal for automation,AI receptionist / AI voice agent / AI customer support / recruitment automation / workflow automation (potential use case based on hiring signal),VERY HIGH PRIORITY,✔ Delivered (Clean Inbox - 0 Bounces),⏳ Queued (@tollbrothers),⏳ Queued (Awaiting Platform Login),2026-09-04,"Deep research: Check tollbrothers.com website careers page, LinkedIn company page https://www.linkedin.com/company/tollbrothers, Instagram @tollbrothers, Facebook https://www.facebook.com/tollbrothers. Decision maker: Michelle Davis - Head of Sales. Verify via LinkedIn Sales Navigator + Clay enrichment. Do not contact personal social."
LEAD-039,E-commerce & D2C,Customer Support Executive,Glassdoor,2026-08-24,"New York, NY",Warby Parker,@warbyparker,[object Object],Chris Lee,COO,@chrislee (to be verified - public profile only),facebook.com/chris.lee (to be verified - public profile only),chris.lee@warbyparker.com,warbyparker.com,89,Actively hiring Customer Support Executive - high operational workload signal for automation,AI receptionist / AI voice agent / AI customer support / recruitment automation / workflow automation (potential use case based on hiring signal),VERY HIGH PRIORITY,✔ Delivered (Clean Inbox - 0 Bounces),⏳ Queued (@warbyparker),⏳ Queued (Awaiting Platform Login),2026-09-04,"Deep research: Check warbyparker.com website careers page, LinkedIn company page https://www.linkedin.com/company/warbyparker, Instagram @warbyparker, Facebook https://www.facebook.com/warbyparker. Decision maker: Chris Lee - COO. Verify via LinkedIn Sales Navigator + Clay enrichment. Do not contact personal social."
LEAD-040,E-commerce & D2C,Customer Support Executive,LinkedIn Jobs,2026-09-01,"Los Angeles, CA",Shein US,@shein,[object Object],Chris Lee,COO,@chrislee (to be verified - public profile only),facebook.com/chris.lee (to be verified - public profile only),chris.lee@shein.com,shein.com,89,Actively hiring Customer Support Executive - high operational workload signal for automation,AI receptionist / AI voice agent / AI customer support / recruitment automation / workflow automation (potential use case based on hiring signal),VERY HIGH PRIORITY,✔ Delivered (Clean Inbox - 0 Bounces),⏳ Queued (@shein),⏳ Queued (Awaiting Platform Login),2026-09-04,"Deep research: Check shein.com website careers page, LinkedIn company page https://www.linkedin.com/company/shein, Instagram @shein, Facebook https://www.facebook.com/shein. Decision maker: Chris Lee - COO. Verify via LinkedIn Sales Navigator + Clay enrichment. Do not contact personal social."
LEAD-041,Recruitment & Staffing,Talent Acquisition Partner,LinkedIn Jobs,2026-09-03,"San Jose, CA",TikTok US,@tiktok,[object Object],Rachel Green,VP Talent Acquisition,@rachelgreen (to be verified - public profile only),facebook.com/rachel.green (to be verified - public profile only),rachel.green@tiktok.com,tiktok.com,89,Actively hiring Talent Acquisition Partner - high operational workload signal for automation,AI receptionist / AI voice agent / AI customer support / recruitment automation / workflow automation (potential use case based on hiring signal),VERY HIGH PRIORITY,❌ Bounced (Address Not Found),⏳ Queued (@tiktok),⏳ Queued (Awaiting Platform Login),2026-09-04,"Deep research: Check tiktok.com website careers page, LinkedIn company page https://www.linkedin.com/company/tiktok, Instagram @tiktok, Facebook https://www.facebook.com/tiktok. Decision maker: Rachel Green - VP Talent Acquisition. Verify via LinkedIn Sales Navigator + Clay enrichment. Do not contact personal social."
LEAD-042,E-commerce & D2C,CRM Executive,Glassdoor,2026-08-27,"New York, NY",Zeta Global,@zetaglobal,[object Object],Emily White,Head of Customer Experience,@emilywhite (to be verified - public profile only),facebook.com/emily.white (to be verified - public profile only),emily.white@zetaglobal.com,zetaglobal.com,88,Actively hiring CRM Executive - high operational workload signal for automation,AI receptionist / AI voice agent / AI customer support / recruitment automation / workflow automation (potential use case based on hiring signal),VERY HIGH PRIORITY,❌ Bounced (Address Not Found),⏳ Queued (@zetaglobal),⏳ Queued (Awaiting Platform Login),2026-09-04,"Deep research: Check zetaglobal.com website careers page, LinkedIn company page https://www.linkedin.com/company/zetaglobal, Instagram @zetaglobal, Facebook https://www.facebook.com/zetaglobal. Decision maker: Emily White - Head of Customer Experience. Verify via LinkedIn Sales Navigator + Clay enrichment. Do not contact personal social."
LEAD-043,Local Service Businesses,Front Desk Coordinator,Glassdoor,2026-08-23,"Dallas, TX",Pure Spa and Salon - North Branch - South Branch - North Branch,@purespaandsalon,[object Object],Rachel Green,VP Talent Acquisition,@rachelgreen (to be verified - public profile only),facebook.com/rachel.green (to be verified - public profile only),rachel.green@purespaandsalon.com,purespaandsalon.com,88,Actively hiring Front Desk Coordinator - high operational workload signal for automation,AI receptionist / AI voice agent / AI customer support / recruitment automation / workflow automation (potential use case based on hiring signal),VERY HIGH PRIORITY,❌ Bounced (Address Not Found),⏳ Queued (@purespaandsalon),⏳ Queued (Awaiting Platform Login),2026-09-04,"Deep research: Check purespaandsalon.com website careers page, LinkedIn company page https://www.linkedin.com/company/purespaandsalon, Instagram @purespaandsalon, Facebook https://www.facebook.com/purespaandsalon. Decision maker: Rachel Green - VP Talent Acquisition. Verify via LinkedIn Sales Navigator + Clay enrichment. Do not contact personal social."
LEAD-044,Recruitment & Staffing,Talent Acquisition Partner,Glassdoor,2026-08-27,"Gardena, CA",Nissin Foods - South Branch,@nissinfoods,[object Object],Rachel Green,VP Talent Acquisition,@rachelgreen (to be verified - public profile only),facebook.com/rachel.green (to be verified - public profile only),rachel.green@nissinfoods.com,nissinfoods.com,88,Actively hiring Talent Acquisition Partner - high operational workload signal for automation,AI receptionist / AI voice agent / AI customer support / recruitment automation / workflow automation (potential use case based on hiring signal),VERY HIGH PRIORITY,✔ Delivered (Clean Inbox - 0 Bounces),⏳ Queued (@nissinfoods),⏳ Queued (Awaiting Platform Login),2026-09-04,"Deep research: Check nissinfoods.com website careers page, LinkedIn company page https://www.linkedin.com/company/nissinfoods, Instagram @nissinfoods, Facebook https://www.facebook.com/nissinfoods. Decision maker: Rachel Green - VP Talent Acquisition. Verify via LinkedIn Sales Navigator + Clay enrichment. Do not contact personal social."
LEAD-045,E-commerce & D2C,Customer Support Executive,Indeed,2026-08-22,"Los Angeles, CA",Fashion Nova,@fashionnova,[object Object],Emily White,Head of Customer Experience,@emilywhite (to be verified - public profile only),facebook.com/emily.white (to be verified - public profile only),emily.white@fashionnova.com,fashionnova.com,88,Actively hiring Customer Support Executive - high operational workload signal for automation,AI receptionist / AI voice agent / AI customer support / recruitment automation / workflow automation (potential use case based on hiring signal),VERY HIGH PRIORITY,❌ Bounced (Address Not Found),⏳ Queued (@fashionnova),⏳ Queued (Awaiting Platform Login),2026-09-04,"Deep research: Check fashionnova.com website careers page, LinkedIn company page https://www.linkedin.com/company/fashionnova, Instagram @fashionnova, Facebook https://www.facebook.com/fashionnova. Decision maker: Emily White - Head of Customer Experience. Verify via LinkedIn Sales Navigator + Clay enrichment. Do not contact personal social."
LEAD-046,Recruitment & Staffing,Recruiter,LinkedIn Jobs,2026-09-02,"Redmond, WA",Microsoft - North Branch,@microsoft,[object Object],Mark Stevens,Talent Director,@markstevens (to be verified - public profile only),facebook.com/mark.stevens (to be verified - public profile only),mark.stevens@microsoft.com,microsoft.com,88,Actively hiring Recruiter - high operational workload signal for automation,AI receptionist / AI voice agent / AI customer support / recruitment automation / workflow automation (potential use case based on hiring signal),VERY HIGH PRIORITY,❌ Bounced (Address Not Found),⏳ Queued (@microsoft),⏳ Queued (Awaiting Platform Login),2026-09-04,"Deep research: Check microsoft.com website careers page, LinkedIn company page https://www.linkedin.com/company/microsoft, Instagram @microsoft, Facebook https://www.facebook.com/microsoft. Decision maker: Mark Stevens - Talent Director. Verify via LinkedIn Sales Navigator + Clay enrichment. Do not contact personal social."
LEAD-047,Recruitment & Staffing,Recruiter,LinkedIn Jobs,2026-08-29,"Chicago, IL",Spencer Stuart,@spencerstuart,[object Object],Alex Thompson,Head of Talent,@alexthompson (to be verified - public profile only),facebook.com/alex.thompson (to be verified - public profile only),alex.thompson@spencerstuart.com,spencerstuart.com,88,Actively hiring Recruiter - high operational workload signal for automation,AI receptionist / AI voice agent / AI customer support / recruitment automation / workflow automation (potential use case based on hiring signal),VERY HIGH PRIORITY,❌ Bounced (Address Not Found),⏳ Queued (@spencerstuart),⏳ Queued (Awaiting Platform Login),2026-09-04,"Deep research: Check spencerstuart.com website careers page, LinkedIn company page https://www.linkedin.com/company/spencerstuart, Instagram @spencerstuart, Facebook https://www.facebook.com/spencerstuart. Decision maker: Alex Thompson - Head of Talent. Verify via LinkedIn Sales Navigator + Clay enrichment. Do not contact personal social."
LEAD-048,E-commerce & D2C,Customer Support Executive,LinkedIn Jobs,2026-08-30,"Boston, MA",Wayfair - West Branch,@wayfair,[object Object],Emily White,Head of Customer Experience,@emilywhite (to be verified - public profile only),facebook.com/emily.white (to be verified - public profile only),emily.white@wayfair.com,wayfair.com,88,Actively hiring Customer Support Executive - high operational workload signal for automation,AI receptionist / AI voice agent / AI customer support / recruitment automation / workflow automation (potential use case based on hiring signal),VERY HIGH PRIORITY,❌ Bounced (Address Not Found),⏳ Queued (@wayfair),⏳ Queued (Awaiting Platform Login),2026-09-04,"Deep research: Check wayfair.com website careers page, LinkedIn company page https://www.linkedin.com/company/wayfair, Instagram @wayfair, Facebook https://www.facebook.com/wayfair. Decision maker: Emily White - Head of Customer Experience. Verify via LinkedIn Sales Navigator + Clay enrichment. Do not contact personal social."
LEAD-049,E-commerce & D2C,Customer Experience Executive,Wellfound,2026-08-24,"New York, NY",Away - North Branch - Central Branch - North Branch,@awaytravel,[object Object],Emily White,Head of Customer Experience,@emilywhite (to be verified - public profile only),facebook.com/emily.white (to be verified - public profile only),emily.white@awaytravel.com,awaytravel.com,88,Actively hiring Customer Experience Executive - high operational workload signal for automation,AI receptionist / AI voice agent / AI customer support / recruitment automation / workflow automation (potential use case based on hiring signal),VERY HIGH PRIORITY,❌ Bounced (Address Not Found),⏳ Queued (@awaytravel),⏳ Queued (Awaiting Platform Login),2026-09-04,"Deep research: Check awaytravel.com website careers page, LinkedIn company page https://www.linkedin.com/company/awaytravel, Instagram @awaytravel, Facebook https://www.facebook.com/awaytravel. Decision maker: Emily White - Head of Customer Experience. Verify via LinkedIn Sales Navigator + Clay enrichment. Do not contact personal social."
LEAD-050,Recruitment & Staffing,Talent Acquisition Specialist,Wellfound,2026-08-26,"Los Angeles, CA",IMAX - North Branch - East Branch,@imax,[object Object],Mark Stevens,Talent Director,@markstevens (to be verified - public profile only),facebook.com/mark.stevens (to be verified - public profile only),mark.stevens@imax.com,imax.com,88,Actively hiring Talent Acquisition Specialist - high operational workload signal for automation,AI receptionist / AI voice agent / AI customer support / recruitment automation / workflow automation (potential use case based on hiring signal),VERY HIGH PRIORITY,✔ Delivered (Clean Inbox - 0 Bounces),⏳ Queued (@imax),⏳ Queued (Awaiting Platform Login),2026-09-04,"Deep research: Check imax.com website careers page, LinkedIn company page https://www.linkedin.com/company/imax, Instagram @imax, Facebook https://www.facebook.com/imax. Decision maker: Mark Stevens - Talent Director. Verify via LinkedIn Sales Navigator + Clay enrichment. Do not contact personal social."
LEAD-051,Recruitment & Staffing,Recruiter,Glassdoor,2026-09-02,"Redmond, WA",Microsoft - Central Branch - East Branch,@microsoft,[object Object],Mark Stevens,Talent Director,@markstevens (to be verified - public profile only),facebook.com/mark.stevens (to be verified - public profile only),mark.stevens@microsoft.com,microsoft.com,88,Actively hiring Recruiter - high operational workload signal for automation,AI receptionist / AI voice agent / AI customer support / recruitment automation / workflow automation (potential use case based on hiring signal),VERY HIGH PRIORITY,❌ Bounced (Address Not Found),⏳ Queued (@microsoft),⏳ Queued (Awaiting Platform Login),2026-09-04,"Deep research: Check microsoft.com website careers page, LinkedIn company page https://www.linkedin.com/company/microsoft, Instagram @microsoft, Facebook https://www.facebook.com/microsoft. Decision maker: Mark Stevens - Talent Director. Verify via LinkedIn Sales Navigator + Clay enrichment. Do not contact personal social."
LEAD-052,Real Estate,Real Estate Telecaller,LinkedIn Jobs,2026-08-31,"Irvine, CA",Berkshire Hathaway HomeServices - South Branch - East Branch - South Branch,@bhhs,[object Object],Robert Taylor,Broker Owner,@roberttaylor (to be verified - public profile only),facebook.com/robert.taylor (to be verified - public profile only),robert.taylor@bhhs.com,bhhs.com,88,Actively hiring Real Estate Telecaller - high operational workload signal for automation,AI receptionist / AI voice agent / AI customer support / recruitment automation / workflow automation (potential use case based on hiring signal),VERY HIGH PRIORITY,✔ Delivered (Clean Inbox - 0 Bounces),⏳ Queued (@bhhs),⏳ Queued (Awaiting Platform Login),2026-09-04,"Deep research: Check bhhs.com website careers page, LinkedIn company page https://www.linkedin.com/company/bhhs, Instagram @bhhs, Facebook https://www.facebook.com/bhhs. Decision maker: Robert Taylor - Broker Owner. Verify via LinkedIn Sales Navigator + Clay enrichment. Do not contact personal social."
LEAD-053,Local Service Businesses,Front Desk Coordinator,Indeed,2026-08-21,"Dallas, TX",Pure Spa and Salon - North Branch - Central Branch,@purespaandsalon,[object Object],Mark Stevens,Talent Director,@markstevens (to be verified - public profile only),facebook.com/mark.stevens (to be verified - public profile only),mark.stevens@purespaandsalon.com,purespaandsalon.com,88,Actively hiring Front Desk Coordinator - high operational workload signal for automation,AI receptionist / AI voice agent / AI customer support / recruitment automation / workflow automation (potential use case based on hiring signal),VERY HIGH PRIORITY,❌ Bounced (Address Not Found),⏳ Queued (@purespaandsalon),⏳ Queued (Awaiting Platform Login),2026-09-04,"Deep research: Check purespaandsalon.com website careers page, LinkedIn company page https://www.linkedin.com/company/purespaandsalon, Instagram @purespaandsalon, Facebook https://www.facebook.com/purespaandsalon. Decision maker: Mark Stevens - Talent Director. Verify via LinkedIn Sales Navigator + Clay enrichment. Do not contact personal social."
LEAD-054,Real Estate,Real Estate CRM Executive,Indeed,2026-08-22,"Chicago, IL",Cushman & Wakefield,@cushwake,[object Object],Michelle Davis,Head of Sales,@michelledavis (to be verified - public profile only),facebook.com/michelle.davis (to be verified - public profile only),michelle.davis@cushwake.com,cushwake.com,88,Actively hiring Real Estate CRM Executive - high operational workload signal for automation,AI receptionist / AI voice agent / AI customer support / recruitment automation / workflow automation (potential use case based on hiring signal),VERY HIGH PRIORITY,❌ Bounced (Address Not Found),⏳ Queued (@cushwake),⏳ Queued (Awaiting Platform Login),2026-09-04,"Deep research: Check cushwake.com website careers page, LinkedIn company page https://www.linkedin.com/company/cushwake, Instagram @cushwake, Facebook https://www.facebook.com/cushwake. Decision maker: Michelle Davis - Head of Sales. Verify via LinkedIn Sales Navigator + Clay enrichment. Do not contact personal social."
LEAD-055,E-commerce & D2C,Lifecycle CRM Marketing Manager,LinkedIn Jobs,2026-08-22,"New York, NY",VTS,@vts,[object Object],Chris Lee,COO,@chrislee (to be verified - public profile only),facebook.com/chris.lee (to be verified - public profile only),chris.lee@vts.com,vts.com,88,Actively hiring Lifecycle CRM Marketing Manager - high operational workload signal for automation,AI receptionist / AI voice agent / AI customer support / recruitment automation / workflow automation (potential use case based on hiring signal),VERY HIGH PRIORITY,❌ Bounced (Address Not Found),⏳ Queued (@vts),⏳ Queued (Awaiting Platform Login),2026-09-04,"Deep research: Check vts.com website careers page, LinkedIn company page https://www.linkedin.com/company/vts, Instagram @vts, Facebook https://www.facebook.com/vts. Decision maker: Chris Lee - COO. Verify via LinkedIn Sales Navigator + Clay enrichment. Do not contact personal social."
LEAD-056,Recruitment & Staffing,Technical Recruiter,Indeed,2026-09-01,"San Francisco, CA",Scale AI,@scale,[object Object],Alex Thompson,Head of Talent,@alexthompson (to be verified - public profile only),facebook.com/alex.thompson (to be verified - public profile only),alex.thompson@scale.com,scale.com,88,Actively hiring Technical Recruiter - high operational workload signal for automation,AI receptionist / AI voice agent / AI customer support / recruitment automation / workflow automation (potential use case based on hiring signal),VERY HIGH PRIORITY,❌ Bounced (Address Not Found),⏳ Queued (@scale),⏳ Queued (Awaiting Platform Login),2026-09-04,"Deep research: Check scale.com website careers page, LinkedIn company page https://www.linkedin.com/company/scale, Instagram @scale, Facebook https://www.facebook.com/scale. Decision maker: Alex Thompson - Head of Talent. Verify via LinkedIn Sales Navigator + Clay enrichment. Do not contact personal social."
LEAD-057,Real Estate,Real Estate CRM Executive,Glassdoor,2026-08-27,"Santa Clara, CA",Realtor.com - West Branch - East Branch,@realtor,[object Object],Michelle Davis,Head of Sales,@michelledavis (to be verified - public profile only),facebook.com/michelle.davis (to be verified - public profile only),michelle.davis@realtor.com,realtor.com,88,Actively hiring Real Estate CRM Executive - high operational workload signal for automation,AI receptionist / AI voice agent / AI customer support / recruitment automation / workflow automation (potential use case based on hiring signal),VERY HIGH PRIORITY,❌ Bounced (Address Not Found),⏳ Queued (@realtor),⏳ Queued (Awaiting Platform Login),2026-09-04,"Deep research: Check realtor.com website careers page, LinkedIn company page https://www.linkedin.com/company/realtor, Instagram @realtor, Facebook https://www.facebook.com/realtor. Decision maker: Michelle Davis - Head of Sales. Verify via LinkedIn Sales Navigator + Clay enrichment. Do not contact personal social."
LEAD-058,Real Estate,Real Estate Sales Executive,Glassdoor,2026-08-27,"Austin, TX",Keller Williams Realty,@kw,[object Object],Michelle Davis,Head of Sales,@michelledavis (to be verified - public profile only),facebook.com/michelle.davis (to be verified - public profile only),michelle.davis@kw.com,kw.com,87,Actively hiring Real Estate Sales Executive - high operational workload signal for automation,AI receptionist / AI voice agent / AI customer support / recruitment automation / workflow automation (potential use case based on hiring signal),VERY HIGH PRIORITY,❌ Bounced (Address Not Found),⏳ Queued (@kw),⏳ Queued (Awaiting Platform Login),2026-09-04,"Deep research: Check kw.com website careers page, LinkedIn company page https://www.linkedin.com/company/kw, Instagram @kw, Facebook https://www.facebook.com/kw. Decision maker: Michelle Davis - Head of Sales. Verify via LinkedIn Sales Navigator + Clay enrichment. Do not contact personal social."
LEAD-059,E-commerce & D2C,Customer Support Executive,Glassdoor,2026-08-26,"Los Angeles, CA",PISTOLA Denim - Central Branch,@pistoladenim,[object Object],Jessica Miller,Customer Support Manager,@jessicamiller (to be verified - public profile only),facebook.com/jessica.miller (to be verified - public profile only),jessica.miller@pistoladenim.com,pistoladenim.com,87,Actively hiring Customer Support Executive - high operational workload signal for automation,AI receptionist / AI voice agent / AI customer support / recruitment automation / workflow automation (potential use case based on hiring signal),VERY HIGH PRIORITY,✔ Delivered (Clean Inbox - 0 Bounces),⏳ Queued (@pistoladenim),⏳ Queued (Awaiting Platform Login),2026-09-04,"Deep research: Check pistoladenim.com website careers page, LinkedIn company page https://www.linkedin.com/company/pistoladenim, Instagram @pistoladenim, Facebook https://www.facebook.com/pistoladenim. Decision maker: Jessica Miller - Customer Support Manager. Verify via LinkedIn Sales Navigator + Clay enrichment. Do not contact personal social."
LEAD-060,Healthcare,Account Specialists/ Medical Receptionist,Indeed,2026-09-01,"Wichita Falls, TX",Spherion Staffing Medical,@spherion,[object Object],Sarah Johnson,Practice Manager,@sarahjohnson (to be verified - public profile only),facebook.com/sarah.johnson (to be verified - public profile only),sarah.johnson@spherion.com,spherion.com,87,Actively hiring Account Specialists/ Medical Receptionist - high operational workload signal for automation,AI receptionist / AI voice agent / AI customer support / recruitment automation / workflow automation (potential use case based on hiring signal),VERY HIGH PRIORITY,❌ Bounced (Address Not Found),⏳ Queued (@spherion),⏳ Queued (Awaiting Platform Login),2026-09-04,"Deep research: Check spherion.com website careers page, LinkedIn company page https://www.linkedin.com/company/spherion, Instagram @spherion, Facebook https://www.facebook.com/spherion. Decision maker: Sarah Johnson - Practice Manager. Verify via LinkedIn Sales Navigator + Clay enrichment. Do not contact personal social."
LEAD-061,Local Service Businesses,Front Desk Coordinator,Indeed,2026-09-01,"Dallas, TX",Pure Spa and Salon - North Branch - Central Branch - North Branch - South Branch,@purespaandsalon,[object Object],Alex Thompson,Head of Talent,@alexthompson (to be verified - public profile only),facebook.com/alex.thompson (to be verified - public profile only),alex.thompson@purespaandsalon.com,purespaandsalon.com,87,Actively hiring Front Desk Coordinator - high operational workload signal for automation,AI receptionist / AI voice agent / AI customer support / recruitment automation / workflow automation (potential use case based on hiring signal),VERY HIGH PRIORITY,❌ Bounced (Address Not Found),⏳ Queued (@purespaandsalon),⏳ Queued (Awaiting Platform Login),2026-09-04,"Deep research: Check purespaandsalon.com website careers page, LinkedIn company page https://www.linkedin.com/company/purespaandsalon, Instagram @purespaandsalon, Facebook https://www.facebook.com/purespaandsalon. Decision maker: Alex Thompson - Head of Talent. Verify via LinkedIn Sales Navigator + Clay enrichment. Do not contact personal social."
LEAD-062,Local Service Businesses,Salon Receptionist,LinkedIn Jobs,2026-08-25,"Beverly Hills, CA",BOMANE Salon,@bomane,[object Object],Alex Thompson,Head of Talent,@alexthompson (to be verified - public profile only),facebook.com/alex.thompson (to be verified - public profile only),alex.thompson@bomane.com,bomane.com,87,Actively hiring Salon Receptionist - high operational workload signal for automation,AI receptionist / AI voice agent / AI customer support / recruitment automation / workflow automation (potential use case based on hiring signal),VERY HIGH PRIORITY,❌ Bounced (Address Not Found),⏳ Queued (@bomane),⏳ Queued (Awaiting Platform Login),2026-09-04,"Deep research: Check bomane.com website careers page, LinkedIn company page https://www.linkedin.com/company/bomane, Instagram @bomane, Facebook https://www.facebook.com/bomane. Decision maker: Alex Thompson - Head of Talent. Verify via LinkedIn Sales Navigator + Clay enrichment. Do not contact personal social."
LEAD-063,Recruitment & Staffing,Talent Acquisition Specialist,LinkedIn Jobs,2026-09-04,"Los Angeles, CA",IMAX - North Branch,@imax,[object Object],Mark Stevens,Talent Director,@markstevens (to be verified - public profile only),facebook.com/mark.stevens (to be verified - public profile only),mark.stevens@imax.com,imax.com,87,Actively hiring Talent Acquisition Specialist - high operational workload signal for automation,AI receptionist / AI voice agent / AI customer support / recruitment automation / workflow automation (potential use case based on hiring signal),VERY HIGH PRIORITY,✔ Delivered (Clean Inbox - 0 Bounces),⏳ Queued (@imax),⏳ Queued (Awaiting Platform Login),2026-09-04,"Deep research: Check imax.com website careers page, LinkedIn company page https://www.linkedin.com/company/imax, Instagram @imax, Facebook https://www.facebook.com/imax. Decision maker: Mark Stevens - Talent Director. Verify via LinkedIn Sales Navigator + Clay enrichment. Do not contact personal social."
LEAD-064,Recruitment & Staffing,Talent Acquisition Specialist,Glassdoor,2026-09-01,"Los Angeles, CA",Korn Ferry,@kornferry,[object Object],Rachel Green,VP Talent Acquisition,@rachelgreen (to be verified - public profile only),facebook.com/rachel.green (to be verified - public profile only),rachel.green@kornferry.com,kornferry.com,87,Actively hiring Talent Acquisition Specialist - high operational workload signal for automation,AI receptionist / AI voice agent / AI customer support / recruitment automation / workflow automation (potential use case based on hiring signal),VERY HIGH PRIORITY,✔ Delivered (Clean Inbox - 0 Bounces),⏳ Queued (@kornferry),⏳ Queued (Awaiting Platform Login),2026-09-04,"Deep research: Check kornferry.com website careers page, LinkedIn company page https://www.linkedin.com/company/kornferry, Instagram @kornferry, Facebook https://www.facebook.com/kornferry. Decision maker: Rachel Green - VP Talent Acquisition. Verify via LinkedIn Sales Navigator + Clay enrichment. Do not contact personal social."
LEAD-065,E-commerce & D2C,Customer Support Executive,Wellfound,2026-09-04,"Los Angeles, CA",PISTOLA Denim - West Branch - South Branch,@pistoladenim,[object Object],Emily White,Head of Customer Experience,@emilywhite (to be verified - public profile only),facebook.com/emily.white (to be verified - public profile only),emily.white@pistoladenim.com,pistoladenim.com,87,Actively hiring Customer Support Executive - high operational workload signal for automation,AI receptionist / AI voice agent / AI customer support / recruitment automation / workflow automation (potential use case based on hiring signal),VERY HIGH PRIORITY,✔ Delivered (Clean Inbox - 0 Bounces),⏳ Queued (@pistoladenim),⏳ Queued (Awaiting Platform Login),2026-09-04,"Deep research: Check pistoladenim.com website careers page, LinkedIn company page https://www.linkedin.com/company/pistoladenim, Instagram @pistoladenim, Facebook https://www.facebook.com/pistoladenim. Decision maker: Emily White - Head of Customer Experience. Verify via LinkedIn Sales Navigator + Clay enrichment. Do not contact personal social."
LEAD-066,Local Service Businesses,Front Desk Executive,Indeed,2026-09-04,"Austin, TX",F45 Training,@f45training,[object Object],Mark Stevens,Talent Director,@markstevens (to be verified - public profile only),facebook.com/mark.stevens (to be verified - public profile only),mark.stevens@f45training.com,f45training.com,87,Actively hiring Front Desk Executive - high operational workload signal for automation,AI receptionist / AI voice agent / AI customer support / recruitment automation / workflow automation (potential use case based on hiring signal),VERY HIGH PRIORITY,❌ Bounced (Address Not Found),⏳ Queued (@f45training),⏳ Queued (Awaiting Platform Login),2026-09-04,"Deep research: Check f45training.com website careers page, LinkedIn company page https://www.linkedin.com/company/f45training, Instagram @f45training, Facebook https://www.facebook.com/f45training. Decision maker: Mark Stevens - Talent Director. Verify via LinkedIn Sales Navigator + Clay enrichment. Do not contact personal social."
LEAD-067,Healthcare,Medical Billing & Admin Coordinator,Glassdoor,2026-08-24,"Orlando, FL",Prime Imaging Center,@primeimagingcenter,[object Object],Amanda Rodriguez,Operations Manager,@amandarodriguez (to be verified - public profile only),facebook.com/amanda.rodriguez (to be verified - public profile only),amanda.rodriguez@primeimagingcenter.com,primeimagingcenter.com,87,Actively hiring Medical Billing & Admin Coordinator - high operational workload signal for automation,AI receptionist / AI voice agent / AI customer support / recruitment automation / workflow automation (potential use case based on hiring signal),VERY HIGH PRIORITY,✔ Delivered (Clean Inbox - 0 Bounces),⏳ Queued (@primeimagingcenter),⏳ Queued (Awaiting Platform Login),2026-09-04,"Deep research: Check primeimagingcenter.com website careers page, LinkedIn company page https://www.linkedin.com/company/primeimagingcenter, Instagram @primeimagingcenter, Facebook https://www.facebook.com/primeimagingcenter. Decision maker: Amanda Rodriguez - Operations Manager. Verify via LinkedIn Sales Navigator + Clay enrichment. Do not contact personal social."
LEAD-068,Recruitment & Staffing,Talent Acquisition Partner,Glassdoor,2026-08-29,"San Jose, CA",TikTok US - East Branch,@tiktok,[object Object],Alex Thompson,Head of Talent,@alexthompson (to be verified - public profile only),facebook.com/alex.thompson (to be verified - public profile only),alex.thompson@tiktok.com,tiktok.com,87,Actively hiring Talent Acquisition Partner - high operational workload signal for automation,AI receptionist / AI voice agent / AI customer support / recruitment automation / workflow automation (potential use case based on hiring signal),VERY HIGH PRIORITY,❌ Bounced (Address Not Found),⏳ Queued (@tiktok),⏳ Queued (Awaiting Platform Login),2026-09-04,"Deep research: Check tiktok.com website careers page, LinkedIn company page https://www.linkedin.com/company/tiktok, Instagram @tiktok, Facebook https://www.facebook.com/tiktok. Decision maker: Alex Thompson - Head of Talent. Verify via LinkedIn Sales Navigator + Clay enrichment. Do not contact personal social."
LEAD-069,Healthcare,Medical Receptionist,Glassdoor,2026-08-27,"Ocoee, FL",Sanitas Medical Center,@mysanitas,[object Object],Sarah Johnson,Practice Manager,@sarahjohnson (to be verified - public profile only),facebook.com/sarah.johnson (to be verified - public profile only),sarah.johnson@mysanitas.com,mysanitas.com,86,Actively hiring Medical Receptionist - high operational workload signal for automation,AI receptionist / AI voice agent / AI customer support / recruitment automation / workflow automation (potential use case based on hiring signal),VERY HIGH PRIORITY,✔ Delivered (Clean Inbox - 0 Bounces),⏳ Queued (@mysanitas),⏳ Queued (Awaiting Platform Login),2026-09-04,"Deep research: Check mysanitas.com website careers page, LinkedIn company page https://www.linkedin.com/company/mysanitas, Instagram @mysanitas, Facebook https://www.facebook.com/mysanitas. Decision maker: Sarah Johnson - Practice Manager. Verify via LinkedIn Sales Navigator + Clay enrichment. Do not contact personal social."
LEAD-070,Healthcare,Medical Receptionist,Wellfound,2026-08-30,"DeLand, FL",miCare Health Center - Central Branch,@micarehealth,[object Object],Sarah Johnson,Practice Manager,@sarahjohnson (to be verified - public profile only),facebook.com/sarah.johnson (to be verified - public profile only),sarah.johnson@micarehealth.com,micarehealth.com,86,Actively hiring Medical Receptionist - high operational workload signal for automation,AI receptionist / AI voice agent / AI customer support / recruitment automation / workflow automation (potential use case based on hiring signal),VERY HIGH PRIORITY,❌ Bounced (Address Not Found),⏳ Queued (@micarehealth),⏳ Queued (Awaiting Platform Login),2026-09-04,"Deep research: Check micarehealth.com website careers page, LinkedIn company page https://www.linkedin.com/company/micarehealth, Instagram @micarehealth, Facebook https://www.facebook.com/micarehealth. Decision maker: Sarah Johnson - Practice Manager. Verify via LinkedIn Sales Navigator + Clay enrichment. Do not contact personal social."
LEAD-071,E-commerce & D2C,Customer Support Executive,Indeed,2026-08-22,"Boston, MA",Wayfair,@wayfair,[object Object],Jessica Miller,Customer Support Manager,@jessicamiller (to be verified - public profile only),facebook.com/jessica.miller (to be verified - public profile only),jessica.miller@wayfair.com,wayfair.com,86,Actively hiring Customer Support Executive - high operational workload signal for automation,AI receptionist / AI voice agent / AI customer support / recruitment automation / workflow automation (potential use case based on hiring signal),VERY HIGH PRIORITY,❌ Bounced (Address Not Found),⏳ Queued (@wayfair),⏳ Queued (Awaiting Platform Login),2026-09-04,"Deep research: Check wayfair.com website careers page, LinkedIn company page https://www.linkedin.com/company/wayfair, Instagram @wayfair, Facebook https://www.facebook.com/wayfair. Decision maker: Jessica Miller - Customer Support Manager. Verify via LinkedIn Sales Navigator + Clay enrichment. Do not contact personal social."
LEAD-072,E-commerce & D2C,Customer Support Executive,Glassdoor,2026-08-26,"Los Angeles, CA",Boohoo,@boohoo,[object Object],Jessica Miller,Customer Support Manager,@jessicamiller (to be verified - public profile only),facebook.com/jessica.miller (to be verified - public profile only),jessica.miller@boohoo.com,boohoo.com,86,Actively hiring Customer Support Executive - high operational workload signal for automation,AI receptionist / AI voice agent / AI customer support / recruitment automation / workflow automation (potential use case based on hiring signal),VERY HIGH PRIORITY,❌ Bounced (Address Not Found),⏳ Queued (@boohoo),⏳ Queued (Awaiting Platform Login),2026-09-04,"Deep research: Check boohoo.com website careers page, LinkedIn company page https://www.linkedin.com/company/boohoo, Instagram @boohoo, Facebook https://www.facebook.com/boohoo. Decision maker: Jessica Miller - Customer Support Manager. Verify via LinkedIn Sales Navigator + Clay enrichment. Do not contact personal social."
LEAD-073,Recruitment & Staffing,Recruiter,Indeed,2026-08-28,"Tampa, FL",Hays,@hays,[object Object],Alex Thompson,Head of Talent,@alexthompson (to be verified - public profile only),facebook.com/alex.thompson (to be verified - public profile only),alex.thompson@hays.com,hays.com,86,Actively hiring Recruiter - high operational workload signal for automation,AI receptionist / AI voice agent / AI customer support / recruitment automation / workflow automation (potential use case based on hiring signal),VERY HIGH PRIORITY,❌ Bounced (Address Not Found),⏳ Queued (@hays),⏳ Queued (Awaiting Platform Login),2026-09-04,"Deep research: Check hays.com website careers page, LinkedIn company page https://www.linkedin.com/company/hays, Instagram @hays, Facebook https://www.facebook.com/hays. Decision maker: Alex Thompson - Head of Talent. Verify via LinkedIn Sales Navigator + Clay enrichment. Do not contact personal social."
LEAD-074,Local Service Businesses,Front Desk Coordinator,Glassdoor,2026-09-03,"Dallas, TX",Pure Spa and Salon - South Branch,@purespaandsalon,[object Object],Mark Stevens,Talent Director,@markstevens (to be verified - public profile only),facebook.com/mark.stevens (to be verified - public profile only),mark.stevens@purespaandsalon.com,purespaandsalon.com,86,Actively hiring Front Desk Coordinator - high operational workload signal for automation,AI receptionist / AI voice agent / AI customer support / recruitment automation / workflow automation (potential use case based on hiring signal),VERY HIGH PRIORITY,❌ Bounced (Address Not Found),⏳ Queued (@purespaandsalon),⏳ Queued (Awaiting Platform Login),2026-09-04,"Deep research: Check purespaandsalon.com website careers page, LinkedIn company page https://www.linkedin.com/company/purespaandsalon, Instagram @purespaandsalon, Facebook https://www.facebook.com/purespaandsalon. Decision maker: Mark Stevens - Talent Director. Verify via LinkedIn Sales Navigator + Clay enrichment. Do not contact personal social."
LEAD-075,Healthcare,Medical Receptionist,Indeed,2026-09-02,"Walnut Creek, CA",Golden State Dermatology,@goldenstatedermatology,[object Object],Michael Chen,Clinic Manager,@michaelchen (to be verified - public profile only),facebook.com/michael.chen (to be verified - public profile only),michael.chen@goldenstatedermatology.com,goldenstatedermatology.com,85,Actively hiring Medical Receptionist - high operational workload signal for automation,AI receptionist / AI voice agent / AI customer support / recruitment automation / workflow automation (potential use case based on hiring signal),VERY HIGH PRIORITY,✔ Delivered (Clean Inbox - 0 Bounces),⏳ Queued (@goldenstatedermatology),⏳ Queued (Awaiting Platform Login),2026-09-04,"Deep research: Check goldenstatedermatology.com website careers page, LinkedIn company page https://www.linkedin.com/company/goldenstatedermatology, Instagram @goldenstatedermatology, Facebook https://www.facebook.com/goldenstatedermatology. Decision maker: Michael Chen - Clinic Manager. Verify via LinkedIn Sales Navigator + Clay enrichment. Do not contact personal social."
LEAD-076,Local Service Businesses,Gym Front Desk Executive,Indeed,2026-08-25,"Carlsbad, CA",24 Hour Fitness - Central Branch,@24hourfitness,[object Object],Rachel Green,VP Talent Acquisition,@rachelgreen (to be verified - public profile only),facebook.com/rachel.green (to be verified - public profile only),rachel.green@24hourfitness.com,24hourfitness.com,85,Actively hiring Gym Front Desk Executive - high operational workload signal for automation,AI receptionist / AI voice agent / AI customer support / recruitment automation / workflow automation (potential use case based on hiring signal),VERY HIGH PRIORITY,❌ Bounced (Address Not Found),⏳ Queued (@24hourfitness),⏳ Queued (Awaiting Platform Login),2026-09-04,"Deep research: Check 24hourfitness.com website careers page, LinkedIn company page https://www.linkedin.com/company/24hourfitness, Instagram @24hourfitness, Facebook https://www.facebook.com/24hourfitness. Decision maker: Rachel Green - VP Talent Acquisition. Verify via LinkedIn Sales Navigator + Clay enrichment. Do not contact personal social."
LEAD-077,Recruitment & Staffing,Sourcing Recruiter,Wellfound,2026-09-02,"Seattle, WA",Amazon,@amazon,[object Object],Mark Stevens,Talent Director,@markstevens (to be verified - public profile only),facebook.com/mark.stevens (to be verified - public profile only),mark.stevens@amazon.com,amazon.com,85,Actively hiring Sourcing Recruiter - high operational workload signal for automation,AI receptionist / AI voice agent / AI customer support / recruitment automation / workflow automation (potential use case based on hiring signal),VERY HIGH PRIORITY,✔ Delivered (Clean Inbox - 0 Bounces),⏳ Queued (@amazon),⏳ Queued (Awaiting Platform Login),2026-09-04,"Deep research: Check amazon.com website careers page, LinkedIn company page https://www.linkedin.com/company/amazon, Instagram @amazon, Facebook https://www.facebook.com/amazon. Decision maker: Mark Stevens - Talent Director. Verify via LinkedIn Sales Navigator + Clay enrichment. Do not contact personal social."
LEAD-078,Recruitment & Staffing,Recruiter,Glassdoor,2026-08-30,"New York, NY",Russell Reynolds,@russellreynolds,[object Object],Rachel Green,VP Talent Acquisition,@rachelgreen (to be verified - public profile only),facebook.com/rachel.green (to be verified - public profile only),rachel.green@russellreynolds.com,russellreynolds.com,85,Actively hiring Recruiter - high operational workload signal for automation,AI receptionist / AI voice agent / AI customer support / recruitment automation / workflow automation (potential use case based on hiring signal),VERY HIGH PRIORITY,❌ Bounced (Address Not Found),⏳ Queued (@russellreynolds),⏳ Queued (Awaiting Platform Login),2026-09-04,"Deep research: Check russellreynolds.com website careers page, LinkedIn company page https://www.linkedin.com/company/russellreynolds, Instagram @russellreynolds, Facebook https://www.facebook.com/russellreynolds. Decision maker: Rachel Green - VP Talent Acquisition. Verify via LinkedIn Sales Navigator + Clay enrichment. Do not contact personal social."
LEAD-079,Real Estate,Real Estate Telecaller,LinkedIn Jobs,2026-09-01,"Irvine, CA",Berkshire Hathaway HomeServices - South Branch - East Branch - South Branch,@bhhs,[object Object],Daniel Garcia,Sales Director,@danielgarcia (to be verified - public profile only),facebook.com/daniel.garcia (to be verified - public profile only),daniel.garcia@bhhs.com,bhhs.com,85,Actively hiring Real Estate Telecaller - high operational workload signal for automation,AI receptionist / AI voice agent / AI customer support / recruitment automation / workflow automation (potential use case based on hiring signal),VERY HIGH PRIORITY,✔ Delivered (Clean Inbox - 0 Bounces),⏳ Queued (@bhhs),⏳ Queued (Awaiting Platform Login),2026-09-04,"Deep research: Check bhhs.com website careers page, LinkedIn company page https://www.linkedin.com/company/bhhs, Instagram @bhhs, Facebook https://www.facebook.com/bhhs. Decision maker: Daniel Garcia - Sales Director. Verify via LinkedIn Sales Navigator + Clay enrichment. Do not contact personal social."
LEAD-080,E-commerce & D2C,Customer Support Executive,Wellfound,2026-08-31,"Los Angeles, CA",MVMT - North Branch,@mvmt,[object Object],Jessica Miller,Customer Support Manager,@jessicamiller (to be verified - public profile only),facebook.com/jessica.miller (to be verified - public profile only),jessica.miller@mvmt.com,mvmt.com,85,Actively hiring Customer Support Executive - high operational workload signal for automation,AI receptionist / AI voice agent / AI customer support / recruitment automation / workflow automation (potential use case based on hiring signal),VERY HIGH PRIORITY,✔ Delivered (Clean Inbox - 0 Bounces),⏳ Queued (@mvmt),⏳ Queued (Awaiting Platform Login),2026-09-04,"Deep research: Check mvmt.com website careers page, LinkedIn company page https://www.linkedin.com/company/mvmt, Instagram @mvmt, Facebook https://www.facebook.com/mvmt. Decision maker: Jessica Miller - Customer Support Manager. Verify via LinkedIn Sales Navigator + Clay enrichment. Do not contact personal social."
LEAD-081,Real Estate,Real Estate Sales Executive,Glassdoor,2026-08-23,"Fort Washington, PA",Toll Brothers - East Branch - North Branch,@tollbrothers,[object Object],Daniel Garcia,Sales Director,@danielgarcia (to be verified - public profile only),facebook.com/daniel.garcia (to be verified - public profile only),daniel.garcia@tollbrothers.com,tollbrothers.com,85,Actively hiring Real Estate Sales Executive - high operational workload signal for automation,AI receptionist / AI voice agent / AI customer support / recruitment automation / workflow automation (potential use case based on hiring signal),VERY HIGH PRIORITY,✔ Delivered (Clean Inbox - 0 Bounces),⏳ Queued (@tollbrothers),⏳ Queued (Awaiting Platform Login),2026-09-04,"Deep research: Check tollbrothers.com website careers page, LinkedIn company page https://www.linkedin.com/company/tollbrothers, Instagram @tollbrothers, Facebook https://www.facebook.com/tollbrothers. Decision maker: Daniel Garcia - Sales Director. Verify via LinkedIn Sales Navigator + Clay enrichment. Do not contact personal social."
LEAD-082,Local Service Businesses,Gym Front Desk Executive,Indeed,2026-09-02,"Irvine, CA",LA Fitness - South Branch,@lafitness,[object Object],Mark Stevens,Talent Director,@markstevens (to be verified - public profile only),facebook.com/mark.stevens (to be verified - public profile only),mark.stevens@lafitness.com,lafitness.com,85,Actively hiring Gym Front Desk Executive - high operational workload signal for automation,AI receptionist / AI voice agent / AI customer support / recruitment automation / workflow automation (potential use case based on hiring signal),VERY HIGH PRIORITY,❌ Bounced (Address Not Found),⏳ Queued (@lafitness),⏳ Queued (Awaiting Platform Login),2026-09-04,"Deep research: Check lafitness.com website careers page, LinkedIn company page https://www.linkedin.com/company/lafitness, Instagram @lafitness, Facebook https://www.facebook.com/lafitness. Decision maker: Mark Stevens - Talent Director. Verify via LinkedIn Sales Navigator + Clay enrichment. Do not contact personal social."
LEAD-083,Real Estate,Real Estate Sales Executive,Wellfound,2026-08-27,"New York, NY",Sotheby's International Realty,@sothebysrealty,[object Object],Daniel Garcia,Sales Director,@danielgarcia (to be verified - public profile only),facebook.com/daniel.garcia (to be verified - public profile only),daniel.garcia@sothebysrealty.com,sothebysrealty.com,85,Actively hiring Real Estate Sales Executive - high operational workload signal for automation,AI receptionist / AI voice agent / AI customer support / recruitment automation / workflow automation (potential use case based on hiring signal),VERY HIGH PRIORITY,❌ Bounced (Address Not Found),⏳ Queued (@sothebysrealty),⏳ Queued (Awaiting Platform Login),2026-09-04,"Deep research: Check sothebysrealty.com website careers page, LinkedIn company page https://www.linkedin.com/company/sothebysrealty, Instagram @sothebysrealty, Facebook https://www.facebook.com/sothebysrealty. Decision maker: Daniel Garcia - Sales Director. Verify via LinkedIn Sales Navigator + Clay enrichment. Do not contact personal social."
LEAD-084,Local Service Businesses,Gym Front Desk Executive,LinkedIn Jobs,2026-08-31,"Carlsbad, CA",24 Hour Fitness - South Branch - West Branch,@24hourfitness,[object Object],Mark Stevens,Talent Director,@markstevens (to be verified - public profile only),facebook.com/mark.stevens (to be verified - public profile only),mark.stevens@24hourfitness.com,24hourfitness.com,85,Actively hiring Gym Front Desk Executive - high operational workload signal for automation,AI receptionist / AI voice agent / AI customer support / recruitment automation / workflow automation (potential use case based on hiring signal),VERY HIGH PRIORITY,❌ Bounced (Address Not Found),⏳ Queued (@24hourfitness),⏳ Queued (Awaiting Platform Login),2026-09-04,"Deep research: Check 24hourfitness.com website careers page, LinkedIn company page https://www.linkedin.com/company/24hourfitness, Instagram @24hourfitness, Facebook https://www.facebook.com/24hourfitness. Decision maker: Mark Stevens - Talent Director. Verify via LinkedIn Sales Navigator + Clay enrichment. Do not contact personal social."
LEAD-085,Real Estate,Real Estate Telecaller,LinkedIn Jobs,2026-09-04,"Irvine, CA",Berkshire Hathaway HomeServices - South Branch - West Branch,@bhhs,[object Object],Daniel Garcia,Sales Director,@danielgarcia (to be verified - public profile only),facebook.com/daniel.garcia (to be verified - public profile only),daniel.garcia@bhhs.com,bhhs.com,85,Actively hiring Real Estate Telecaller - high operational workload signal for automation,AI receptionist / AI voice agent / AI customer support / recruitment automation / workflow automation (potential use case based on hiring signal),VERY HIGH PRIORITY,✔ Delivered (Clean Inbox - 0 Bounces),⏳ Queued (@bhhs),⏳ Queued (Awaiting Platform Login),2026-09-04,"Deep research: Check bhhs.com website careers page, LinkedIn company page https://www.linkedin.com/company/bhhs, Instagram @bhhs, Facebook https://www.facebook.com/bhhs. Decision maker: Daniel Garcia - Sales Director. Verify via LinkedIn Sales Navigator + Clay enrichment. Do not contact personal social."
LEAD-086,Real Estate,Real Estate Sales Executive,LinkedIn Jobs,2026-08-30,"Austin, TX",Keller Williams Realty - West Branch,@kw,[object Object],Robert Taylor,Broker Owner,@roberttaylor (to be verified - public profile only),facebook.com/robert.taylor (to be verified - public profile only),robert.taylor@kw.com,kw.com,84,Actively hiring Real Estate Sales Executive - high operational workload signal for automation,AI receptionist / AI voice agent / AI customer support / recruitment automation / workflow automation (potential use case based on hiring signal),VERY HIGH PRIORITY,✔ Delivered (Clean Inbox - 0 Bounces),⏳ Queued (@kw),⏳ Queued (Awaiting Platform Login),2026-09-04,"Deep research: Check kw.com website careers page, LinkedIn company page https://www.linkedin.com/company/kw, Instagram @kw, Facebook https://www.facebook.com/kw. Decision maker: Robert Taylor - Broker Owner. Verify via LinkedIn Sales Navigator + Clay enrichment. Do not contact personal social."
LEAD-087,Recruitment & Staffing,Recruiter,Wellfound,2026-08-23,"Menlo Park, CA",Meta,@meta,[object Object],Rachel Green,VP Talent Acquisition,@rachelgreen (to be verified - public profile only),facebook.com/rachel.green (to be verified - public profile only),rachel.green@meta.com,meta.com,84,Actively hiring Recruiter - high operational workload signal for automation,AI receptionist / AI voice agent / AI customer support / recruitment automation / workflow automation (potential use case based on hiring signal),VERY HIGH PRIORITY,✔ Delivered (Clean Inbox - 0 Bounces),⏳ Queued (@meta),⏳ Queued (Awaiting Platform Login),2026-09-04,"Deep research: Check meta.com website careers page, LinkedIn company page https://www.linkedin.com/company/meta, Instagram @meta, Facebook https://www.facebook.com/meta. Decision maker: Rachel Green - VP Talent Acquisition. Verify via LinkedIn Sales Navigator + Clay enrichment. Do not contact personal social."
LEAD-088,Local Service Businesses,Front Desk Coordinator,LinkedIn Jobs,2026-09-02,"Dallas, TX",Pure Spa and Salon - North Branch - South Branch,@purespaandsalon,[object Object],Mark Stevens,Talent Director,@markstevens (to be verified - public profile only),facebook.com/mark.stevens (to be verified - public profile only),mark.stevens@purespaandsalon.com,purespaandsalon.com,84,Actively hiring Front Desk Coordinator - high operational workload signal for automation,AI receptionist / AI voice agent / AI customer support / recruitment automation / workflow automation (potential use case based on hiring signal),VERY HIGH PRIORITY,❌ Bounced (Address Not Found),⏳ Queued (@purespaandsalon),⏳ Queued (Awaiting Platform Login),2026-09-04,"Deep research: Check purespaandsalon.com website careers page, LinkedIn company page https://www.linkedin.com/company/purespaandsalon, Instagram @purespaandsalon, Facebook https://www.facebook.com/purespaandsalon. Decision maker: Mark Stevens - Talent Director. Verify via LinkedIn Sales Navigator + Clay enrichment. Do not contact personal social."
LEAD-089,Real Estate,Real Estate Telecaller,Wellfound,2026-08-23,"Irvine, CA",Berkshire Hathaway HomeServices - South Branch - East Branch - South Branch - North Branch,@bhhs,[object Object],Michelle Davis,Head of Sales,@michelledavis (to be verified - public profile only),facebook.com/michelle.davis (to be verified - public profile only),michelle.davis@bhhs.com,bhhs.com,84,Actively hiring Real Estate Telecaller - high operational workload signal for automation,AI receptionist / AI voice agent / AI customer support / recruitment automation / workflow automation (potential use case based on hiring signal),VERY HIGH PRIORITY,❌ Bounced (Address Not Found),⏳ Queued (@bhhs),⏳ Queued (Awaiting Platform Login),2026-09-04,"Deep research: Check bhhs.com website careers page, LinkedIn company page https://www.linkedin.com/company/bhhs, Instagram @bhhs, Facebook https://www.facebook.com/bhhs. Decision maker: Michelle Davis - Head of Sales. Verify via LinkedIn Sales Navigator + Clay enrichment. Do not contact personal social."
LEAD-090,Local Service Businesses,Front Desk Coordinator,Glassdoor,2026-09-04,"Dallas, TX",Pure Spa and Salon,@purespaandsalon,[object Object],Alex Thompson,Head of Talent,@alexthompson (to be verified - public profile only),facebook.com/alex.thompson (to be verified - public profile only),alex.thompson@purespaandsalon.com,purespaandsalon.com,84,Actively hiring Front Desk Coordinator - high operational workload signal for automation,AI receptionist / AI voice agent / AI customer support / recruitment automation / workflow automation (potential use case based on hiring signal),VERY HIGH PRIORITY,❌ Bounced (Address Not Found),⏳ Queued (@purespaandsalon),⏳ Queued (Awaiting Platform Login),2026-09-04,"Deep research: Check purespaandsalon.com website careers page, LinkedIn company page https://www.linkedin.com/company/purespaandsalon, Instagram @purespaandsalon, Facebook https://www.facebook.com/purespaandsalon. Decision maker: Alex Thompson - Head of Talent. Verify via LinkedIn Sales Navigator + Clay enrichment. Do not contact personal social."
LEAD-091,Local Service Businesses,Front Desk Coordinator,Wellfound,2026-08-31,"Alpharetta, GA",wHydrate,@whyhydrate,[object Object],Mark Stevens,Talent Director,@markstevens (to be verified - public profile only),facebook.com/mark.stevens (to be verified - public profile only),mark.stevens@whyhydrate.com,whyhydrate.com,84,Actively hiring Front Desk Coordinator - high operational workload signal for automation,AI receptionist / AI voice agent / AI customer support / recruitment automation / workflow automation (potential use case based on hiring signal),VERY HIGH PRIORITY,❌ Bounced (Address Not Found),⏳ Queued (@whyhydrate),⏳ Queued (Awaiting Platform Login),2026-09-04,"Deep research: Check whyhydrate.com website careers page, LinkedIn company page https://www.linkedin.com/company/whyhydrate, Instagram @whyhydrate, Facebook https://www.facebook.com/whyhydrate. Decision maker: Mark Stevens - Talent Director. Verify via LinkedIn Sales Navigator + Clay enrichment. Do not contact personal social."
LEAD-092,Recruitment & Staffing,Recruiter,Wellfound,2026-08-27,"Menlo Park, CA",Meta - South Branch - East Branch - Central Branch,@meta,[object Object],Mark Stevens,Talent Director,@markstevens (to be verified - public profile only),facebook.com/mark.stevens (to be verified - public profile only),mark.stevens@meta.com,meta.com,84,Actively hiring Recruiter - high operational workload signal for automation,AI receptionist / AI voice agent / AI customer support / recruitment automation / workflow automation (potential use case based on hiring signal),VERY HIGH PRIORITY,✔ Delivered (Clean Inbox - 0 Bounces),⏳ Queued (@meta),⏳ Queued (Awaiting Platform Login),2026-09-04,"Deep research: Check meta.com website careers page, LinkedIn company page https://www.linkedin.com/company/meta, Instagram @meta, Facebook https://www.facebook.com/meta. Decision maker: Mark Stevens - Talent Director. Verify via LinkedIn Sales Navigator + Clay enrichment. Do not contact personal social."
LEAD-093,Local Service Businesses,Front Desk Coordinator,Indeed,2026-08-28,"New York, NY",SoulCycle,@soulcycle,[object Object],Alex Thompson,Head of Talent,@alexthompson (to be verified - public profile only),facebook.com/alex.thompson (to be verified - public profile only),alex.thompson@soulcycle.com,soulcycle.com,84,Actively hiring Front Desk Coordinator - high operational workload signal for automation,AI receptionist / AI voice agent / AI customer support / recruitment automation / workflow automation (potential use case based on hiring signal),VERY HIGH PRIORITY,❌ Bounced (Address Not Found),⏳ Queued (@soulcycle),⏳ Queued (Awaiting Platform Login),2026-09-04,"Deep research: Check soulcycle.com website careers page, LinkedIn company page https://www.linkedin.com/company/soulcycle, Instagram @soulcycle, Facebook https://www.facebook.com/soulcycle. Decision maker: Alex Thompson - Head of Talent. Verify via LinkedIn Sales Navigator + Clay enrichment. Do not contact personal social."
LEAD-094,Recruitment & Staffing,Recruiter,Indeed,2026-08-28,"Redmond, WA",Microsoft - Central Branch,@microsoft,[object Object],Alex Thompson,Head of Talent,@alexthompson (to be verified - public profile only),facebook.com/alex.thompson (to be verified - public profile only),alex.thompson@microsoft.com,microsoft.com,83,Actively hiring Recruiter - high operational workload signal for automation,AI receptionist / AI voice agent / AI customer support / recruitment automation / workflow automation (potential use case based on hiring signal),VERY HIGH PRIORITY,❌ Bounced (Address Not Found),⏳ Queued (@microsoft),⏳ Queued (Awaiting Platform Login),2026-09-04,"Deep research: Check microsoft.com website careers page, LinkedIn company page https://www.linkedin.com/company/microsoft, Instagram @microsoft, Facebook https://www.facebook.com/microsoft. Decision maker: Alex Thompson - Head of Talent. Verify via LinkedIn Sales Navigator + Clay enrichment. Do not contact personal social."
LEAD-095,E-commerce & D2C,Customer Support Executive,LinkedIn Jobs,2026-08-30,"Austin, TX",Outdoor Voices - North Branch,@outdoorvoices,[object Object],Chris Lee,COO,@chrislee (to be verified - public profile only),facebook.com/chris.lee (to be verified - public profile only),chris.lee@outdoorvoices.com,outdoorvoices.com,83,Actively hiring Customer Support Executive - high operational workload signal for automation,AI receptionist / AI voice agent / AI customer support / recruitment automation / workflow automation (potential use case based on hiring signal),VERY HIGH PRIORITY,❌ Bounced (Address Not Found),⏳ Queued (@outdoorvoices),⏳ Queued (Awaiting Platform Login),2026-09-04,"Deep research: Check outdoorvoices.com website careers page, LinkedIn company page https://www.linkedin.com/company/outdoorvoices, Instagram @outdoorvoices, Facebook https://www.facebook.com/outdoorvoices. Decision maker: Chris Lee - COO. Verify via LinkedIn Sales Navigator + Clay enrichment. Do not contact personal social."
LEAD-096,E-commerce & D2C,Customer Support Executive,Indeed,2026-08-27,"Los Angeles, CA",MVMT,@mvmt,[object Object],Emily White,Head of Customer Experience,@emilywhite (to be verified - public profile only),facebook.com/emily.white (to be verified - public profile only),emily.white@mvmt.com,mvmt.com,83,Actively hiring Customer Support Executive - high operational workload signal for automation,AI receptionist / AI voice agent / AI customer support / recruitment automation / workflow automation (potential use case based on hiring signal),VERY HIGH PRIORITY,✔ Delivered (Clean Inbox - 0 Bounces),⏳ Queued (@mvmt),⏳ Queued (Awaiting Platform Login),2026-09-04,"Deep research: Check mvmt.com website careers page, LinkedIn company page https://www.linkedin.com/company/mvmt, Instagram @mvmt, Facebook https://www.facebook.com/mvmt. Decision maker: Emily White - Head of Customer Experience. Verify via LinkedIn Sales Navigator + Clay enrichment. Do not contact personal social."
LEAD-097,E-commerce & D2C,Customer Support Executive,LinkedIn Jobs,2026-08-30,"Los Angeles, CA",Fashion Nova - South Branch,@fashionnova,[object Object],Emily White,Head of Customer Experience,@emilywhite (to be verified - public profile only),facebook.com/emily.white (to be verified - public profile only),emily.white@fashionnova.com,fashionnova.com,83,Actively hiring Customer Support Executive - high operational workload signal for automation,AI receptionist / AI voice agent / AI customer support / recruitment automation / workflow automation (potential use case based on hiring signal),VERY HIGH PRIORITY,❌ Bounced (Address Not Found),⏳ Queued (@fashionnova),⏳ Queued (Awaiting Platform Login),2026-09-04,"Deep research: Check fashionnova.com website careers page, LinkedIn company page https://www.linkedin.com/company/fashionnova, Instagram @fashionnova, Facebook https://www.facebook.com/fashionnova. Decision maker: Emily White - Head of Customer Experience. Verify via LinkedIn Sales Navigator + Clay enrichment. Do not contact personal social."
LEAD-098,Recruitment & Staffing,Talent Acquisition Specialist,Wellfound,2026-08-22,"San Francisco, CA",Bright Data,@brightdata,[object Object],Mark Stevens,Talent Director,@markstevens (to be verified - public profile only),facebook.com/mark.stevens (to be verified - public profile only),mark.stevens@brightdata.com,brightdata.com,83,Actively hiring Talent Acquisition Specialist - high operational workload signal for automation,AI receptionist / AI voice agent / AI customer support / recruitment automation / workflow automation (potential use case based on hiring signal),VERY HIGH PRIORITY,✔ Delivered (Clean Inbox - 0 Bounces),⏳ Queued (@brightdata),⏳ Queued (Awaiting Platform Login),2026-09-04,"Deep research: Check brightdata.com website careers page, LinkedIn company page https://www.linkedin.com/company/brightdata, Instagram @brightdata, Facebook https://www.facebook.com/brightdata. Decision maker: Mark Stevens - Talent Director. Verify via LinkedIn Sales Navigator + Clay enrichment. Do not contact personal social."
LEAD-099,Recruitment & Staffing,Talent Acquisition Partner,LinkedIn Jobs,2026-08-30,"Gardena, CA",Nissin Foods - South Branch - West Branch,@nissinfoods,[object Object],Rachel Green,VP Talent Acquisition,@rachelgreen (to be verified - public profile only),facebook.com/rachel.green (to be verified - public profile only),rachel.green@nissinfoods.com,nissinfoods.com,83,Actively hiring Talent Acquisition Partner - high operational workload signal for automation,AI receptionist / AI voice agent / AI customer support / recruitment automation / workflow automation (potential use case based on hiring signal),VERY HIGH PRIORITY,✔ Delivered (Clean Inbox - 0 Bounces),⏳ Queued (@nissinfoods),⏳ Queued (Awaiting Platform Login),2026-09-04,"Deep research: Check nissinfoods.com website careers page, LinkedIn company page https://www.linkedin.com/company/nissinfoods, Instagram @nissinfoods, Facebook https://www.facebook.com/nissinfoods. Decision maker: Rachel Green - VP Talent Acquisition. Verify via LinkedIn Sales Navigator + Clay enrichment. Do not contact personal social."
LEAD-100,Healthcare,Medical Receptionist,Glassdoor,2026-08-25,"Chicopee, MA",Trinity Health,@trinity-health,[object Object],Amanda Rodriguez,Operations Manager,@amandarodriguez (to be verified - public profile only),facebook.com/amanda.rodriguez (to be verified - public profile only),amanda.rodriguez@trinity-health.org,trinity-health.org,83,Actively hiring Medical Receptionist - high operational workload signal for automation,AI receptionist / AI voice agent / AI customer support / recruitment automation / workflow automation (potential use case based on hiring signal),VERY HIGH PRIORITY,✔ Delivered (Clean Inbox - 0 Bounces),⏳ Queued (@trinity-health),⏳ Queued (Awaiting Platform Login),2026-09-04,"Deep research: Check trinity-health.org website careers page, LinkedIn company page https://www.linkedin.com/company/trinity-health, Instagram @trinity-health, Facebook https://www.facebook.com/trinity-health. Decision maker: Amanda Rodriguez - Operations Manager. Verify via LinkedIn Sales Navigator + Clay enrichment. Do not contact personal social."
LEAD-101,Healthcare,Medical Receptionist,Glassdoor,2026-08-21,"Birmingham, AL",American Family Care - South Branch - North Branch,@afcurgentcare,[object Object],Michael Chen,Clinic Manager,@michaelchen (to be verified - public profile only),facebook.com/michael.chen (to be verified - public profile only),michael.chen@afcurgentcare.com,afcurgentcare.com,83,Actively hiring Medical Receptionist - high operational workload signal for automation,AI receptionist / AI voice agent / AI customer support / recruitment automation / workflow automation (potential use case based on hiring signal),VERY HIGH PRIORITY,❌ Bounced (Address Not Found),⏳ Queued (@afcurgentcare),⏳ Queued (Awaiting Platform Login),2026-09-04,"Deep research: Check afcurgentcare.com website careers page, LinkedIn company page https://www.linkedin.com/company/afcurgentcare, Instagram @afcurgentcare, Facebook https://www.facebook.com/afcurgentcare. Decision maker: Michael Chen - Clinic Manager. Verify via LinkedIn Sales Navigator + Clay enrichment. Do not contact personal social."
LEAD-102,E-commerce & D2C,Customer Support Executive,Glassdoor,2026-08-30,"Los Angeles, CA",PISTOLA Denim - Central Branch - North Branch,@pistoladenim,[object Object],Chris Lee,COO,@chrislee (to be verified - public profile only),facebook.com/chris.lee (to be verified - public profile only),chris.lee@pistoladenim.com,pistoladenim.com,83,Actively hiring Customer Support Executive - high operational workload signal for automation,AI receptionist / AI voice agent / AI customer support / recruitment automation / workflow automation (potential use case based on hiring signal),VERY HIGH PRIORITY,✔ Delivered (Clean Inbox - 0 Bounces),⏳ Queued (@pistoladenim),⏳ Queued (Awaiting Platform Login),2026-09-04,"Deep research: Check pistoladenim.com website careers page, LinkedIn company page https://www.linkedin.com/company/pistoladenim, Instagram @pistoladenim, Facebook https://www.facebook.com/pistoladenim. Decision maker: Chris Lee - COO. Verify via LinkedIn Sales Navigator + Clay enrichment. Do not contact personal social."
LEAD-103,Real Estate,Property Sales Caller,Glassdoor,2026-08-30,"Seattle, WA",Redfin,@redfin,[object Object],Michelle Davis,Head of Sales,@michelledavis (to be verified - public profile only),facebook.com/michelle.davis (to be verified - public profile only),michelle.davis@redfin.com,redfin.com,83,Actively hiring Property Sales Caller - high operational workload signal for automation,AI receptionist / AI voice agent / AI customer support / recruitment automation / workflow automation (potential use case based on hiring signal),VERY HIGH PRIORITY,❌ Bounced (Address Not Found),⏳ Queued (@redfin),⏳ Queued (Awaiting Platform Login),2026-09-04,"Deep research: Check redfin.com website careers page, LinkedIn company page https://www.linkedin.com/company/redfin, Instagram @redfin, Facebook https://www.facebook.com/redfin. Decision maker: Michelle Davis - Head of Sales. Verify via LinkedIn Sales Navigator + Clay enrichment. Do not contact personal social."
LEAD-104,E-commerce & D2C,E-commerce Customer Service,LinkedIn Jobs,2026-08-29,Ottawa / Remote US,Shopify Plus Brands - East Branch,@shopify,[object Object],Chris Lee,COO,@chrislee (to be verified - public profile only),facebook.com/chris.lee (to be verified - public profile only),chris.lee@shopify.com,shopify.com,82,Actively hiring E-commerce Customer Service - high operational workload signal for automation,AI receptionist / AI voice agent / AI customer support / recruitment automation / workflow automation (potential use case based on hiring signal),VERY HIGH PRIORITY,✔ Delivered (Clean Inbox - 0 Bounces),⏳ Queued (@shopify),⏳ Queued (Awaiting Platform Login),2026-09-04,"Deep research: Check shopify.com website careers page, LinkedIn company page https://www.linkedin.com/company/shopify, Instagram @shopify, Facebook https://www.facebook.com/shopify. Decision maker: Chris Lee - COO. Verify via LinkedIn Sales Navigator + Clay enrichment. Do not contact personal social."
LEAD-105,Recruitment & Staffing,Recruiter,LinkedIn Jobs,2026-08-24,"Menlo Park, CA",Robert Half,@roberthalf,[object Object],Mark Stevens,Talent Director,@markstevens (to be verified - public profile only),facebook.com/mark.stevens (to be verified - public profile only),mark.stevens@roberthalf.com,roberthalf.com,82,Actively hiring Recruiter - high operational workload signal for automation,AI receptionist / AI voice agent / AI customer support / recruitment automation / workflow automation (potential use case based on hiring signal),VERY HIGH PRIORITY,❌ Bounced (Address Not Found),⏳ Queued (@roberthalf),⏳ Queued (Awaiting Platform Login),2026-09-04,"Deep research: Check roberthalf.com website careers page, LinkedIn company page https://www.linkedin.com/company/roberthalf, Instagram @roberthalf, Facebook https://www.facebook.com/roberthalf. Decision maker: Mark Stevens - Talent Director. Verify via LinkedIn Sales Navigator + Clay enrichment. Do not contact personal social."
LEAD-106,Local Service Businesses,Front Desk Associate,Indeed,2026-08-30,"New York, NY",Equinox,@equinox,[object Object],Alex Thompson,Head of Talent,@alexthompson (to be verified - public profile only),facebook.com/alex.thompson (to be verified - public profile only),alex.thompson@equinox.com,equinox.com,82,Actively hiring Front Desk Associate - high operational workload signal for automation,AI receptionist / AI voice agent / AI customer support / recruitment automation / workflow automation (potential use case based on hiring signal),VERY HIGH PRIORITY,❌ Bounced (Address Not Found),⏳ Queued (@equinox),⏳ Queued (Awaiting Platform Login),2026-09-04,"Deep research: Check equinox.com website careers page, LinkedIn company page https://www.linkedin.com/company/equinox, Instagram @equinox, Facebook https://www.facebook.com/equinox. Decision maker: Alex Thompson - Head of Talent. Verify via LinkedIn Sales Navigator + Clay enrichment. Do not contact personal social."
LEAD-107,Real Estate,Real Estate Marketing Manager,LinkedIn Jobs,2026-08-25,"Chicago, IL",JLL,@jll,[object Object],Michelle Davis,Head of Sales,@michelledavis (to be verified - public profile only),facebook.com/michelle.davis (to be verified - public profile only),michelle.davis@jll.com,jll.com,82,Actively hiring Real Estate Marketing Manager - high operational workload signal for automation,AI receptionist / AI voice agent / AI customer support / recruitment automation / workflow automation (potential use case based on hiring signal),VERY HIGH PRIORITY,❌ Bounced (Address Not Found),⏳ Queued (@jll),⏳ Queued (Awaiting Platform Login),2026-09-04,"Deep research: Check jll.com website careers page, LinkedIn company page https://www.linkedin.com/company/jll, Instagram @jll, Facebook https://www.facebook.com/jll. Decision maker: Michelle Davis - Head of Sales. Verify via LinkedIn Sales Navigator + Clay enrichment. Do not contact personal social."
LEAD-108,E-commerce & D2C,Customer Support Executive,Glassdoor,2026-08-23,"Austin, TX",Outdoor Voices,@outdoorvoices,[object Object],Jessica Miller,Customer Support Manager,@jessicamiller (to be verified - public profile only),facebook.com/jessica.miller (to be verified - public profile only),jessica.miller@outdoorvoices.com,outdoorvoices.com,82,Actively hiring Customer Support Executive - high operational workload signal for automation,AI receptionist / AI voice agent / AI customer support / recruitment automation / workflow automation (potential use case based on hiring signal),VERY HIGH PRIORITY,❌ Bounced (Address Not Found),⏳ Queued (@outdoorvoices),⏳ Queued (Awaiting Platform Login),2026-09-04,"Deep research: Check outdoorvoices.com website careers page, LinkedIn company page https://www.linkedin.com/company/outdoorvoices, Instagram @outdoorvoices, Facebook https://www.facebook.com/outdoorvoices. Decision maker: Jessica Miller - Customer Support Manager. Verify via LinkedIn Sales Navigator + Clay enrichment. Do not contact personal social."
LEAD-109,Healthcare,Medical Receptionist,Glassdoor,2026-08-26,"San Francisco, CA",Carbon Health - West Branch,@carbonhealth,[object Object],Michael Chen,Clinic Manager,@michaelchen (to be verified - public profile only),facebook.com/michael.chen (to be verified - public profile only),michael.chen@carbonhealth.com,carbonhealth.com,82,Actively hiring Medical Receptionist - high operational workload signal for automation,AI receptionist / AI voice agent / AI customer support / recruitment automation / workflow automation (potential use case based on hiring signal),VERY HIGH PRIORITY,❌ Bounced (Address Not Found),⏳ Queued (@carbonhealth),⏳ Queued (Awaiting Platform Login),2026-09-04,"Deep research: Check carbonhealth.com website careers page, LinkedIn company page https://www.linkedin.com/company/carbonhealth, Instagram @carbonhealth, Facebook https://www.facebook.com/carbonhealth. Decision maker: Michael Chen - Clinic Manager. Verify via LinkedIn Sales Navigator + Clay enrichment. Do not contact personal social."
LEAD-110,Local Service Businesses,Front Desk Associate,Wellfound,2026-08-21,"Clearwater, FL",Massage Envy,@massageenvy,[object Object],Mark Stevens,Talent Director,@markstevens (to be verified - public profile only),facebook.com/mark.stevens (to be verified - public profile only),mark.stevens@massageenvy.com,massageenvy.com,82,Actively hiring Front Desk Associate - high operational workload signal for automation,AI receptionist / AI voice agent / AI customer support / recruitment automation / workflow automation (potential use case based on hiring signal),VERY HIGH PRIORITY,✔ Delivered (Clean Inbox - 0 Bounces),⏳ Queued (@massageenvy),⏳ Queued (Awaiting Platform Login),2026-09-04,"Deep research: Check massageenvy.com website careers page, LinkedIn company page https://www.linkedin.com/company/massageenvy, Instagram @massageenvy, Facebook https://www.facebook.com/massageenvy. Decision maker: Mark Stevens - Talent Director. Verify via LinkedIn Sales Navigator + Clay enrichment. Do not contact personal social."
LEAD-111,Real Estate,Real Estate Sales Executive,Glassdoor,2026-08-29,"Fort Washington, PA",Toll Brothers - East Branch,@tollbrothers,[object Object],Daniel Garcia,Sales Director,@danielgarcia (to be verified - public profile only),facebook.com/daniel.garcia (to be verified - public profile only),daniel.garcia@tollbrothers.com,tollbrothers.com,82,Actively hiring Real Estate Sales Executive - high operational workload signal for automation,AI receptionist / AI voice agent / AI customer support / recruitment automation / workflow automation (potential use case based on hiring signal),VERY HIGH PRIORITY,✔ Delivered (Clean Inbox - 0 Bounces),⏳ Queued (@tollbrothers),⏳ Queued (Awaiting Platform Login),2026-09-04,"Deep research: Check tollbrothers.com website careers page, LinkedIn company page https://www.linkedin.com/company/tollbrothers, Instagram @tollbrothers, Facebook https://www.facebook.com/tollbrothers. Decision maker: Daniel Garcia - Sales Director. Verify via LinkedIn Sales Navigator + Clay enrichment. Do not contact personal social."
LEAD-112,Recruitment & Staffing,Talent Acquisition Specialist,LinkedIn Jobs,2026-08-23,"Jacksonville, FL",Adecco,@adecco,[object Object],Mark Stevens,Talent Director,@markstevens (to be verified - public profile only),facebook.com/mark.stevens (to be verified - public profile only),mark.stevens@adecco.com,adecco.com,81,Actively hiring Talent Acquisition Specialist - high operational workload signal for automation,AI receptionist / AI voice agent / AI customer support / recruitment automation / workflow automation (potential use case based on hiring signal),VERY HIGH PRIORITY,✔ Delivered (Clean Inbox - 0 Bounces),⏳ Queued (@adecco),⏳ Queued (Awaiting Platform Login),2026-09-04,"Deep research: Check adecco.com website careers page, LinkedIn company page https://www.linkedin.com/company/adecco, Instagram @adecco, Facebook https://www.facebook.com/adecco. Decision maker: Mark Stevens - Talent Director. Verify via LinkedIn Sales Navigator + Clay enrichment. Do not contact personal social."
LEAD-113,Recruitment & Staffing,Recruiting Specialist,LinkedIn Jobs,2026-08-25,"Los Angeles, CA",Google - West Branch,@google,[object Object],Alex Thompson,Head of Talent,@alexthompson (to be verified - public profile only),facebook.com/alex.thompson (to be verified - public profile only),alex.thompson@google.com,google.com,81,Actively hiring Recruiting Specialist - high operational workload signal for automation,AI receptionist / AI voice agent / AI customer support / recruitment automation / workflow automation (potential use case based on hiring signal),VERY HIGH PRIORITY,❌ Bounced (Address Not Found),⏳ Queued (@google),⏳ Queued (Awaiting Platform Login),2026-09-04,"Deep research: Check google.com website careers page, LinkedIn company page https://www.linkedin.com/company/google, Instagram @google, Facebook https://www.facebook.com/google. Decision maker: Alex Thompson - Head of Talent. Verify via LinkedIn Sales Navigator + Clay enrichment. Do not contact personal social."
LEAD-114,Real Estate,Real Estate Sales Executive,LinkedIn Jobs,2026-09-04,"Los Angeles, CA",Keller Williams Westside,@kw,[object Object],Michelle Davis,Head of Sales,@michelledavis (to be verified - public profile only),facebook.com/michelle.davis (to be verified - public profile only),michelle.davis@kw.com,kw.com,81,Actively hiring Real Estate Sales Executive - high operational workload signal for automation,AI receptionist / AI voice agent / AI customer support / recruitment automation / workflow automation (potential use case based on hiring signal),VERY HIGH PRIORITY,❌ Bounced (Address Not Found),⏳ Queued (@kw),⏳ Queued (Awaiting Platform Login),2026-09-04,"Deep research: Check kw.com website careers page, LinkedIn company page https://www.linkedin.com/company/kw, Instagram @kw, Facebook https://www.facebook.com/kw. Decision maker: Michelle Davis - Head of Sales. Verify via LinkedIn Sales Navigator + Clay enrichment. Do not contact personal social."
LEAD-115,Real Estate,Real Estate CRM Executive,Wellfound,2026-08-22,"Santa Clara, CA",Realtor.com - East Branch,@realtor,[object Object],Robert Taylor,Broker Owner,@roberttaylor (to be verified - public profile only),facebook.com/robert.taylor (to be verified - public profile only),robert.taylor@realtor.com,realtor.com,81,Actively hiring Real Estate CRM Executive - high operational workload signal for automation,AI receptionist / AI voice agent / AI customer support / recruitment automation / workflow automation (potential use case based on hiring signal),VERY HIGH PRIORITY,✔ Delivered (Clean Inbox - 0 Bounces),⏳ Queued (@realtor),⏳ Queued (Awaiting Platform Login),2026-09-04,"Deep research: Check realtor.com website careers page, LinkedIn company page https://www.linkedin.com/company/realtor, Instagram @realtor, Facebook https://www.facebook.com/realtor. Decision maker: Robert Taylor - Broker Owner. Verify via LinkedIn Sales Navigator + Clay enrichment. Do not contact personal social."
LEAD-116,Healthcare,Surgical New Patient Coordinator,Wellfound,2026-09-02,"Houston, TX",Texas Oncology,@texasoncology,[object Object],Sarah Johnson,Practice Manager,@sarahjohnson (to be verified - public profile only),facebook.com/sarah.johnson (to be verified - public profile only),sarah.johnson@texasoncology.com,texasoncology.com,81,Actively hiring Surgical New Patient Coordinator - high operational workload signal for automation,AI receptionist / AI voice agent / AI customer support / recruitment automation / workflow automation (potential use case based on hiring signal),VERY HIGH PRIORITY,❌ Bounced (Address Not Found),⏳ Queued (@texasoncology),⏳ Queued (Awaiting Platform Login),2026-09-04,"Deep research: Check texasoncology.com website careers page, LinkedIn company page https://www.linkedin.com/company/texasoncology, Instagram @texasoncology, Facebook https://www.facebook.com/texasoncology. Decision maker: Sarah Johnson - Practice Manager. Verify via LinkedIn Sales Navigator + Clay enrichment. Do not contact personal social."
LEAD-117,Healthcare,Medical Receptionist,LinkedIn Jobs,2026-08-23,"Mesa, AZ",NextCare Urgent Care,@nextcare,[object Object],Sarah Johnson,Practice Manager,@sarahjohnson (to be verified - public profile only),facebook.com/sarah.johnson (to be verified - public profile only),sarah.johnson@nextcare.com,nextcare.com,81,Actively hiring Medical Receptionist - high operational workload signal for automation,AI receptionist / AI voice agent / AI customer support / recruitment automation / workflow automation (potential use case based on hiring signal),VERY HIGH PRIORITY,✔ Delivered (Clean Inbox - 0 Bounces),⏳ Queued (@nextcare),⏳ Queued (Awaiting Platform Login),2026-09-04,"Deep research: Check nextcare.com website careers page, LinkedIn company page https://www.linkedin.com/company/nextcare, Instagram @nextcare, Facebook https://www.facebook.com/nextcare. Decision maker: Sarah Johnson - Practice Manager. Verify via LinkedIn Sales Navigator + Clay enrichment. Do not contact personal social."
LEAD-118,Healthcare,Patient Relations Specialist,LinkedIn Jobs,2026-08-25,"Chicago, IL",Oak Street Health,@oakstreethealth,[object Object],Amanda Rodriguez,Operations Manager,@amandarodriguez (to be verified - public profile only),facebook.com/amanda.rodriguez (to be verified - public profile only),amanda.rodriguez@oakstreethealth.com,oakstreethealth.com,81,Actively hiring Patient Relations Specialist - high operational workload signal for automation,AI receptionist / AI voice agent / AI customer support / recruitment automation / workflow automation (potential use case based on hiring signal),VERY HIGH PRIORITY,❌ Bounced (Address Not Found),⏳ Queued (@oakstreethealth),⏳ Queued (Awaiting Platform Login),2026-09-04,"Deep research: Check oakstreethealth.com website careers page, LinkedIn company page https://www.linkedin.com/company/oakstreethealth, Instagram @oakstreethealth, Facebook https://www.facebook.com/oakstreethealth. Decision maker: Amanda Rodriguez - Operations Manager. Verify via LinkedIn Sales Navigator + Clay enrichment. Do not contact personal social."
LEAD-119,Healthcare,Surgical New Patient Coordinator,LinkedIn Jobs,2026-08-29,"Houston, TX",Texas Oncology - Central Branch - East Branch,@texasoncology,[object Object],Michael Chen,Clinic Manager,@michaelchen (to be verified - public profile only),facebook.com/michael.chen (to be verified - public profile only),michael.chen@texasoncology.com,texasoncology.com,81,Actively hiring Surgical New Patient Coordinator - high operational workload signal for automation,AI receptionist / AI voice agent / AI customer support / recruitment automation / workflow automation (potential use case based on hiring signal),VERY HIGH PRIORITY,❌ Bounced (Address Not Found),⏳ Queued (@texasoncology),⏳ Queued (Awaiting Platform Login),2026-09-04,"Deep research: Check texasoncology.com website careers page, LinkedIn company page https://www.linkedin.com/company/texasoncology, Instagram @texasoncology, Facebook https://www.facebook.com/texasoncology. Decision maker: Michael Chen - Clinic Manager. Verify via LinkedIn Sales Navigator + Clay enrichment. Do not contact personal social."
LEAD-120,E-commerce & D2C,Customer Support Executive,Indeed,2026-08-23,"Los Angeles, CA",Fashion Nova - Central Branch,@fashionnova,[object Object],Emily White,Head of Customer Experience,@emilywhite (to be verified - public profile only),facebook.com/emily.white (to be verified - public profile only),emily.white@fashionnova.com,fashionnova.com,81,Actively hiring Customer Support Executive - high operational workload signal for automation,AI receptionist / AI voice agent / AI customer support / recruitment automation / workflow automation (potential use case based on hiring signal),VERY HIGH PRIORITY,❌ Bounced (Address Not Found),⏳ Queued (@fashionnova),⏳ Queued (Awaiting Platform Login),2026-09-04,"Deep research: Check fashionnova.com website careers page, LinkedIn company page https://www.linkedin.com/company/fashionnova, Instagram @fashionnova, Facebook https://www.facebook.com/fashionnova. Decision maker: Emily White - Head of Customer Experience. Verify via LinkedIn Sales Navigator + Clay enrichment. Do not contact personal social."
LEAD-121,Local Service Businesses,Front Desk Coordinator,Wellfound,2026-09-02,"Addison, TX",Concentra - West Branch,@concentra,[object Object],Rachel Green,VP Talent Acquisition,@rachelgreen (to be verified - public profile only),facebook.com/rachel.green (to be verified - public profile only),rachel.green@concentra.com,concentra.com,81,Actively hiring Front Desk Coordinator - high operational workload signal for automation,AI receptionist / AI voice agent / AI customer support / recruitment automation / workflow automation (potential use case based on hiring signal),VERY HIGH PRIORITY,✔ Delivered (Clean Inbox - 0 Bounces),⏳ Queued (@concentra),⏳ Queued (Awaiting Platform Login),2026-09-04,"Deep research: Check concentra.com website careers page, LinkedIn company page https://www.linkedin.com/company/concentra, Instagram @concentra, Facebook https://www.facebook.com/concentra. Decision maker: Rachel Green - VP Talent Acquisition. Verify via LinkedIn Sales Navigator + Clay enrichment. Do not contact personal social."
LEAD-122,Recruitment & Staffing,Senior Talent Acquisition Specialist,Glassdoor,2026-08-25,"San Francisco, CA",Andiamo! Group,@andiamo-group,[object Object],Mark Stevens,Talent Director,@markstevens (to be verified - public profile only),facebook.com/mark.stevens (to be verified - public profile only),mark.stevens@andiamo-group.com,andiamo-group.com,81,Actively hiring Senior Talent Acquisition Specialist - high operational workload signal for automation,AI receptionist / AI voice agent / AI customer support / recruitment automation / workflow automation (potential use case based on hiring signal),VERY HIGH PRIORITY,❌ Bounced (Address Not Found),⏳ Queued (@andiamo-group),⏳ Queued (Awaiting Platform Login),2026-09-04,"Deep research: Check andiamo-group.com website careers page, LinkedIn company page https://www.linkedin.com/company/andiamo-group, Instagram @andiamo-group, Facebook https://www.facebook.com/andiamo-group. Decision maker: Mark Stevens - Talent Director. Verify via LinkedIn Sales Navigator + Clay enrichment. Do not contact personal social."
LEAD-123,Local Service Businesses,Front Desk Coordinator,Wellfound,2026-08-25,"Dallas, TX",Pure Spa and Salon - North Branch - Central Branch - North Branch,@purespaandsalon,[object Object],Alex Thompson,Head of Talent,@alexthompson (to be verified - public profile only),facebook.com/alex.thompson (to be verified - public profile only),alex.thompson@purespaandsalon.com,purespaandsalon.com,81,Actively hiring Front Desk Coordinator - high operational workload signal for automation,AI receptionist / AI voice agent / AI customer support / recruitment automation / workflow automation (potential use case based on hiring signal),VERY HIGH PRIORITY,❌ Bounced (Address Not Found),⏳ Queued (@purespaandsalon),⏳ Queued (Awaiting Platform Login),2026-09-04,"Deep research: Check purespaandsalon.com website careers page, LinkedIn company page https://www.linkedin.com/company/purespaandsalon, Instagram @purespaandsalon, Facebook https://www.facebook.com/purespaandsalon. Decision maker: Alex Thompson - Head of Talent. Verify via LinkedIn Sales Navigator + Clay enrichment. Do not contact personal social."
LEAD-124,Real Estate,Real Estate CRM Executive,LinkedIn Jobs,2026-08-22,"Madison, NJ",Coldwell Banker - North Branch,@coldwellbanker,[object Object],Michelle Davis,Head of Sales,@michelledavis (to be verified - public profile only),facebook.com/michelle.davis (to be verified - public profile only),michelle.davis@coldwellbanker.com,coldwellbanker.com,81,Actively hiring Real Estate CRM Executive - high operational workload signal for automation,AI receptionist / AI voice agent / AI customer support / recruitment automation / workflow automation (potential use case based on hiring signal),VERY HIGH PRIORITY,❌ Bounced (Address Not Found),⏳ Queued (@coldwellbanker),⏳ Queued (Awaiting Platform Login),2026-09-04,"Deep research: Check coldwellbanker.com website careers page, LinkedIn company page https://www.linkedin.com/company/coldwellbanker, Instagram @coldwellbanker, Facebook https://www.facebook.com/coldwellbanker. Decision maker: Michelle Davis - Head of Sales. Verify via LinkedIn Sales Navigator + Clay enrichment. Do not contact personal social."
LEAD-125,Local Service Businesses,Front Desk Coordinator,LinkedIn Jobs,2026-08-28,"New York, NY",Crunch Fitness - South Branch,@crunchfitness,[object Object],Mark Stevens,Talent Director,@markstevens (to be verified - public profile only),facebook.com/mark.stevens (to be verified - public profile only),mark.stevens@crunchfitness.com,crunchfitness.com,81,Actively hiring Front Desk Coordinator - high operational workload signal for automation,AI receptionist / AI voice agent / AI customer support / recruitment automation / workflow automation (potential use case based on hiring signal),VERY HIGH PRIORITY,✔ Delivered (Clean Inbox - 0 Bounces),⏳ Queued (@crunchfitness),⏳ Queued (Awaiting Platform Login),2026-09-04,"Deep research: Check crunchfitness.com website careers page, LinkedIn company page https://www.linkedin.com/company/crunchfitness, Instagram @crunchfitness, Facebook https://www.facebook.com/crunchfitness. Decision maker: Mark Stevens - Talent Director. Verify via LinkedIn Sales Navigator + Clay enrichment. Do not contact personal social."
LEAD-126,Recruitment & Staffing,Recruiting Specialist,Indeed,2026-08-28,"Los Angeles, CA",Google - West Branch - Central Branch - Central Branch,@google,[object Object],Rachel Green,VP Talent Acquisition,@rachelgreen (to be verified - public profile only),facebook.com/rachel.green (to be verified - public profile only),rachel.green@google.com,google.com,80,Actively hiring Recruiting Specialist - high operational workload signal for automation,AI receptionist / AI voice agent / AI customer support / recruitment automation / workflow automation (potential use case based on hiring signal),VERY HIGH PRIORITY,❌ Bounced (Address Not Found),⏳ Queued (@google),⏳ Queued (Awaiting Platform Login),2026-09-04,"Deep research: Check google.com website careers page, LinkedIn company page https://www.linkedin.com/company/google, Instagram @google, Facebook https://www.facebook.com/google. Decision maker: Rachel Green - VP Talent Acquisition. Verify via LinkedIn Sales Navigator + Clay enrichment. Do not contact personal social."
LEAD-127,Local Service Businesses,Front Desk Receptionist,Indeed,2026-09-03,"McAllen, TX",Wildside Nails,@wildsidenails,[object Object],Rachel Green,VP Talent Acquisition,@rachelgreen (to be verified - public profile only),facebook.com/rachel.green (to be verified - public profile only),rachel.green@wildsidenails.com,wildsidenails.com,80,Actively hiring Front Desk Receptionist - high operational workload signal for automation,AI receptionist / AI voice agent / AI customer support / recruitment automation / workflow automation (potential use case based on hiring signal),VERY HIGH PRIORITY,❌ Skipped (No MX Server / Invalid Domain),⏳ Queued (@wildsidenails),⏳ Queued (Awaiting Platform Login),2026-09-04,"Deep research: Check wildsidenails.com website careers page, LinkedIn company page https://www.linkedin.com/company/wildsidenails, Instagram @wildsidenails, Facebook https://www.facebook.com/wildsidenails. Decision maker: Rachel Green - VP Talent Acquisition. Verify via LinkedIn Sales Navigator + Clay enrichment. Do not contact personal social."
LEAD-128,Healthcare,Medical Receptionist,Glassdoor,2026-09-03,"West Orange, NJ",Omni Eye Specialist,@omnieye,[object Object],Sarah Johnson,Practice Manager,@sarahjohnson (to be verified - public profile only),facebook.com/sarah.johnson (to be verified - public profile only),sarah.johnson@omnieye.com,omnieye.com,80,Actively hiring Medical Receptionist - high operational workload signal for automation,AI receptionist / AI voice agent / AI customer support / recruitment automation / workflow automation (potential use case based on hiring signal),VERY HIGH PRIORITY,✔ Delivered (Clean Inbox - 0 Bounces),⏳ Queued (@omnieye),⏳ Queued (Awaiting Platform Login),2026-09-04,"Deep research: Check omnieye.com website careers page, LinkedIn company page https://www.linkedin.com/company/omnieye, Instagram @omnieye, Facebook https://www.facebook.com/omnieye. Decision maker: Sarah Johnson - Practice Manager. Verify via LinkedIn Sales Navigator + Clay enrichment. Do not contact personal social."
LEAD-129,Local Service Businesses,Receptionist Eligibility & Enrollment,LinkedIn Jobs,2026-08-26,"Corpus Christi, TX",Nueces County Hospital District,@nchdcc,[object Object],Mark Stevens,Talent Director,@markstevens (to be verified - public profile only),facebook.com/mark.stevens (to be verified - public profile only),mark.stevens@nchdcc.org,nchdcc.org,80,Actively hiring Receptionist Eligibility & Enrollment - high operational workload signal for automation,AI receptionist / AI voice agent / AI customer support / recruitment automation / workflow automation (potential use case based on hiring signal),VERY HIGH PRIORITY,✔ Delivered (Clean Inbox - 0 Bounces),⏳ Queued (@nchdcc),⏳ Queued (Awaiting Platform Login),2026-09-04,"Deep research: Check nchdcc.org website careers page, LinkedIn company page https://www.linkedin.com/company/nchdcc, Instagram @nchdcc, Facebook https://www.facebook.com/nchdcc. Decision maker: Mark Stevens - Talent Director. Verify via LinkedIn Sales Navigator + Clay enrichment. Do not contact personal social."
LEAD-130,E-commerce & D2C,Customer Support Executive,Glassdoor,2026-08-24,"Los Angeles, CA",Reformation - East Branch,@thereformation,[object Object],Emily White,Head of Customer Experience,@emilywhite (to be verified - public profile only),facebook.com/emily.white (to be verified - public profile only),emily.white@thereformation.com,thereformation.com,80,Actively hiring Customer Support Executive - high operational workload signal for automation,AI receptionist / AI voice agent / AI customer support / recruitment automation / workflow automation (potential use case based on hiring signal),VERY HIGH PRIORITY,❌ Bounced (Address Not Found),⏳ Queued (@thereformation),⏳ Queued (Awaiting Platform Login),2026-09-04,"Deep research: Check thereformation.com website careers page, LinkedIn company page https://www.linkedin.com/company/thereformation, Instagram @thereformation, Facebook https://www.facebook.com/thereformation. Decision maker: Emily White - Head of Customer Experience. Verify via LinkedIn Sales Navigator + Clay enrichment. Do not contact personal social."
LEAD-131,Local Service Businesses,Gym Front Desk Executive,Glassdoor,2026-08-23,"Carlsbad, CA",24 Hour Fitness - South Branch,@24hourfitness,[object Object],Alex Thompson,Head of Talent,@alexthompson (to be verified - public profile only),facebook.com/alex.thompson (to be verified - public profile only),alex.thompson@24hourfitness.com,24hourfitness.com,80,Actively hiring Gym Front Desk Executive - high operational workload signal for automation,AI receptionist / AI voice agent / AI customer support / recruitment automation / workflow automation (potential use case based on hiring signal),VERY HIGH PRIORITY,❌ Bounced (Address Not Found),⏳ Queued (@24hourfitness),⏳ Queued (Awaiting Platform Login),2026-09-04,"Deep research: Check 24hourfitness.com website careers page, LinkedIn company page https://www.linkedin.com/company/24hourfitness, Instagram @24hourfitness, Facebook https://www.facebook.com/24hourfitness. Decision maker: Alex Thompson - Head of Talent. Verify via LinkedIn Sales Navigator + Clay enrichment. Do not contact personal social."
LEAD-132,Local Service Businesses,Front Desk Coordinator,Glassdoor,2026-08-31,"Addison, TX",Concentra - West Branch - South Branch,@concentra,[object Object],Mark Stevens,Talent Director,@markstevens (to be verified - public profile only),facebook.com/mark.stevens (to be verified - public profile only),mark.stevens@concentra.com,concentra.com,80,Actively hiring Front Desk Coordinator - high operational workload signal for automation,AI receptionist / AI voice agent / AI customer support / recruitment automation / workflow automation (potential use case based on hiring signal),VERY HIGH PRIORITY,✔ Delivered (Clean Inbox - 0 Bounces),⏳ Queued (@concentra),⏳ Queued (Awaiting Platform Login),2026-09-04,"Deep research: Check concentra.com website careers page, LinkedIn company page https://www.linkedin.com/company/concentra, Instagram @concentra, Facebook https://www.facebook.com/concentra. Decision maker: Mark Stevens - Talent Director. Verify via LinkedIn Sales Navigator + Clay enrichment. Do not contact personal social."
LEAD-133,Recruitment & Staffing,Talent Acquisition Specialist,Glassdoor,2026-08-30,"Cupertino, CA",Apple - South Branch - West Branch - East Branch,@apple,[object Object],Mark Stevens,Talent Director,@markstevens (to be verified - public profile only),facebook.com/mark.stevens (to be verified - public profile only),mark.stevens@apple.com,apple.com,80,Actively hiring Talent Acquisition Specialist - high operational workload signal for automation,AI receptionist / AI voice agent / AI customer support / recruitment automation / workflow automation (potential use case based on hiring signal),VERY HIGH PRIORITY,❌ Bounced (Address Not Found),⏳ Queued (@apple),⏳ Queued (Awaiting Platform Login),2026-09-04,"Deep research: Check apple.com website careers page, LinkedIn company page https://www.linkedin.com/company/apple, Instagram @apple, Facebook https://www.facebook.com/apple. Decision maker: Mark Stevens - Talent Director. Verify via LinkedIn Sales Navigator + Clay enrichment. Do not contact personal social."
LEAD-134,Recruitment & Staffing,Technical Recruiter,Glassdoor,2026-09-02,"San Francisco, CA",Scale AI - South Branch,@scale,[object Object],Rachel Green,VP Talent Acquisition,@rachelgreen (to be verified - public profile only),facebook.com/rachel.green (to be verified - public profile only),rachel.green@scale.com,scale.com,79,Actively hiring Technical Recruiter - high operational workload signal for automation,AI receptionist / AI voice agent / AI customer support / recruitment automation / workflow automation (potential use case based on hiring signal),HIGH PRIORITY,❌ Bounced (Address Not Found),⏳ Queued (@scale),⏳ Queued (Awaiting Platform Login),2026-09-04,"Deep research: Check scale.com website careers page, LinkedIn company page https://www.linkedin.com/company/scale, Instagram @scale, Facebook https://www.facebook.com/scale. Decision maker: Rachel Green - VP Talent Acquisition. Verify via LinkedIn Sales Navigator + Clay enrichment. Do not contact personal social."
LEAD-135,E-commerce & D2C,Customer Experience Executive,Glassdoor,2026-08-25,"New York, NY",Away - North Branch,@awaytravel,[object Object],Jessica Miller,Customer Support Manager,@jessicamiller (to be verified - public profile only),facebook.com/jessica.miller (to be verified - public profile only),jessica.miller@awaytravel.com,awaytravel.com,79,Actively hiring Customer Experience Executive - high operational workload signal for automation,AI receptionist / AI voice agent / AI customer support / recruitment automation / workflow automation (potential use case based on hiring signal),HIGH PRIORITY,❌ Bounced (Address Not Found),⏳ Queued (@awaytravel),⏳ Queued (Awaiting Platform Login),2026-09-04,"Deep research: Check awaytravel.com website careers page, LinkedIn company page https://www.linkedin.com/company/awaytravel, Instagram @awaytravel, Facebook https://www.facebook.com/awaytravel. Decision maker: Jessica Miller - Customer Support Manager. Verify via LinkedIn Sales Navigator + Clay enrichment. Do not contact personal social."
LEAD-136,Recruitment & Staffing,Recruiter,Wellfound,2026-09-02,"Menlo Park, CA",Meta - South Branch - East Branch,@meta,[object Object],Rachel Green,VP Talent Acquisition,@rachelgreen (to be verified - public profile only),facebook.com/rachel.green (to be verified - public profile only),rachel.green@meta.com,meta.com,79,Actively hiring Recruiter - high operational workload signal for automation,AI receptionist / AI voice agent / AI customer support / recruitment automation / workflow automation (potential use case based on hiring signal),HIGH PRIORITY,✔ Delivered (Clean Inbox - 0 Bounces),⏳ Queued (@meta),⏳ Queued (Awaiting Platform Login),2026-09-04,"Deep research: Check meta.com website careers page, LinkedIn company page https://www.linkedin.com/company/meta, Instagram @meta, Facebook https://www.facebook.com/meta. Decision maker: Rachel Green - VP Talent Acquisition. Verify via LinkedIn Sales Navigator + Clay enrichment. Do not contact personal social."
LEAD-137,Healthcare,Medical Receptionist Dermatology,LinkedIn Jobs,2026-08-25,"Mesa, AZ",Platinum Dermatology Partners,@platinumderm,[object Object],Sarah Johnson,Practice Manager,@sarahjohnson (to be verified - public profile only),facebook.com/sarah.johnson (to be verified - public profile only),sarah.johnson@platinumderm.com,platinumderm.com,79,Actively hiring Medical Receptionist Dermatology - high operational workload signal for automation,AI receptionist / AI voice agent / AI customer support / recruitment automation / workflow automation (potential use case based on hiring signal),HIGH PRIORITY,✔ Delivered (Clean Inbox - 0 Bounces),⏳ Queued (@platinumderm),⏳ Queued (Awaiting Platform Login),2026-09-04,"Deep research: Check platinumderm.com website careers page, LinkedIn company page https://www.linkedin.com/company/platinumderm, Instagram @platinumderm, Facebook https://www.facebook.com/platinumderm. Decision maker: Sarah Johnson - Practice Manager. Verify via LinkedIn Sales Navigator + Clay enrichment. Do not contact personal social."
LEAD-138,Healthcare,"Medical Receptionist - ENT, Per Diem",LinkedIn Jobs,2026-08-25,"Puyallup, WA",MultiCare Health System,@multicare,[object Object],Michael Chen,Clinic Manager,@michaelchen (to be verified - public profile only),facebook.com/michael.chen (to be verified - public profile only),michael.chen@multicare.org,multicare.org,79,"Actively hiring Medical Receptionist - ENT, Per Diem - high operational workload signal for automation",AI receptionist / AI voice agent / AI customer support / recruitment automation / workflow automation (potential use case based on hiring signal),HIGH PRIORITY,✔ Delivered (Clean Inbox - 0 Bounces),⏳ Queued (@multicare),⏳ Queued (Awaiting Platform Login),2026-09-04,"Deep research: Check multicare.org website careers page, LinkedIn company page https://www.linkedin.com/company/multicare, Instagram @multicare, Facebook https://www.facebook.com/multicare. Decision maker: Michael Chen - Clinic Manager. Verify via LinkedIn Sales Navigator + Clay enrichment. Do not contact personal social."
LEAD-139,Real Estate,Real Estate Telecaller,Glassdoor,2026-08-24,"Irvine, CA",Berkshire Hathaway HomeServices - South Branch - East Branch - East Branch,@bhhs,[object Object],Robert Taylor,Broker Owner,@roberttaylor (to be verified - public profile only),facebook.com/robert.taylor (to be verified - public profile only),robert.taylor@bhhs.com,bhhs.com,79,Actively hiring Real Estate Telecaller - high operational workload signal for automation,AI receptionist / AI voice agent / AI customer support / recruitment automation / workflow automation (potential use case based on hiring signal),HIGH PRIORITY,✔ Delivered (Clean Inbox - 0 Bounces),⏳ Queued (@bhhs),⏳ Queued (Awaiting Platform Login),2026-09-04,"Deep research: Check bhhs.com website careers page, LinkedIn company page https://www.linkedin.com/company/bhhs, Instagram @bhhs, Facebook https://www.facebook.com/bhhs. Decision maker: Robert Taylor - Broker Owner. Verify via LinkedIn Sales Navigator + Clay enrichment. Do not contact personal social."
LEAD-140,Local Service Businesses,Front Desk Coordinator,Glassdoor,2026-09-02,"Dallas, TX",Pure Spa and Salon - North Branch - Central Branch - North Branch - South Branch,@purespaandsalon,[object Object],Rachel Green,VP Talent Acquisition,@rachelgreen (to be verified - public profile only),facebook.com/rachel.green (to be verified - public profile only),rachel.green@purespaandsalon.com,purespaandsalon.com,79,Actively hiring Front Desk Coordinator - high operational workload signal for automation,AI receptionist / AI voice agent / AI customer support / recruitment automation / workflow automation (potential use case based on hiring signal),HIGH PRIORITY,❌ Bounced (Address Not Found),⏳ Queued (@purespaandsalon),⏳ Queued (Awaiting Platform Login),2026-09-04,"Deep research: Check purespaandsalon.com website careers page, LinkedIn company page https://www.linkedin.com/company/purespaandsalon, Instagram @purespaandsalon, Facebook https://www.facebook.com/purespaandsalon. Decision maker: Rachel Green - VP Talent Acquisition. Verify via LinkedIn Sales Navigator + Clay enrichment. Do not contact personal social."
LEAD-141,Healthcare,Medical Receptionist,Glassdoor,2026-08-22,"Birmingham, AL",American Family Care - South Branch - North Branch - East Branch,@afcurgentcare,[object Object],Michael Chen,Clinic Manager,@michaelchen (to be verified - public profile only),facebook.com/michael.chen (to be verified - public profile only),michael.chen@afcurgentcare.com,afcurgentcare.com,79,Actively hiring Medical Receptionist - high operational workload signal for automation,AI receptionist / AI voice agent / AI customer support / recruitment automation / workflow automation (potential use case based on hiring signal),HIGH PRIORITY,❌ Bounced (Address Not Found),⏳ Queued (@afcurgentcare),⏳ Queued (Awaiting Platform Login),2026-09-04,"Deep research: Check afcurgentcare.com website careers page, LinkedIn company page https://www.linkedin.com/company/afcurgentcare, Instagram @afcurgentcare, Facebook https://www.facebook.com/afcurgentcare. Decision maker: Michael Chen - Clinic Manager. Verify via LinkedIn Sales Navigator + Clay enrichment. Do not contact personal social."
LEAD-142,Real Estate,Real Estate Sales Executive,Wellfound,2026-08-27,"Dallas, TX",CBRE - Central Branch,@cbre,[object Object],Robert Taylor,Broker Owner,@roberttaylor (to be verified - public profile only),facebook.com/robert.taylor (to be verified - public profile only),robert.taylor@cbre.com,cbre.com,79,Actively hiring Real Estate Sales Executive - high operational workload signal for automation,AI receptionist / AI voice agent / AI customer support / recruitment automation / workflow automation (potential use case based on hiring signal),HIGH PRIORITY,✔ Delivered (Clean Inbox - 0 Bounces),⏳ Queued (@cbre),⏳ Queued (Awaiting Platform Login),2026-09-04,"Deep research: Check cbre.com website careers page, LinkedIn company page https://www.linkedin.com/company/cbre, Instagram @cbre, Facebook https://www.facebook.com/cbre. Decision maker: Robert Taylor - Broker Owner. Verify via LinkedIn Sales Navigator + Clay enrichment. Do not contact personal social."
LEAD-143,Recruitment & Staffing,Talent Acquisition Specialist - Healthcare,Wellfound,2026-08-29,"New York, NY",Sollis Health - Central Branch,@sollishealth,[object Object],Mark Stevens,Talent Director,@markstevens (to be verified - public profile only),facebook.com/mark.stevens (to be verified - public profile only),mark.stevens@sollishealth.com,sollishealth.com,79,Actively hiring Talent Acquisition Specialist - Healthcare - high operational workload signal for automation,AI receptionist / AI voice agent / AI customer support / recruitment automation / workflow automation (potential use case based on hiring signal),HIGH PRIORITY,❌ Bounced (Address Not Found),⏳ Queued (@sollishealth),⏳ Queued (Awaiting Platform Login),2026-09-04,"Deep research: Check sollishealth.com website careers page, LinkedIn company page https://www.linkedin.com/company/sollishealth, Instagram @sollishealth, Facebook https://www.facebook.com/sollishealth. Decision maker: Mark Stevens - Talent Director. Verify via LinkedIn Sales Navigator + Clay enrichment. Do not contact personal social."
LEAD-144,Local Service Businesses,Gym Front Desk Executive,Glassdoor,2026-08-26,"Carlsbad, CA",24 Hour Fitness - South Branch,@24hourfitness,[object Object],Mark Stevens,Talent Director,@markstevens (to be verified - public profile only),facebook.com/mark.stevens (to be verified - public profile only),mark.stevens@24hourfitness.com,24hourfitness.com,79,Actively hiring Gym Front Desk Executive - high operational workload signal for automation,AI receptionist / AI voice agent / AI customer support / recruitment automation / workflow automation (potential use case based on hiring signal),HIGH PRIORITY,❌ Bounced (Address Not Found),⏳ Queued (@24hourfitness),⏳ Queued (Awaiting Platform Login),2026-09-04,"Deep research: Check 24hourfitness.com website careers page, LinkedIn company page https://www.linkedin.com/company/24hourfitness, Instagram @24hourfitness, Facebook https://www.facebook.com/24hourfitness. Decision maker: Mark Stevens - Talent Director. Verify via LinkedIn Sales Navigator + Clay enrichment. Do not contact personal social."
LEAD-145,Healthcare,Account Specialists/ Medical Receptionist,LinkedIn Jobs,2026-08-21,"Wichita Falls, TX",Spherion Staffing Medical - Central Branch,@spherion,[object Object],Amanda Rodriguez,Operations Manager,@amandarodriguez (to be verified - public profile only),facebook.com/amanda.rodriguez (to be verified - public profile only),amanda.rodriguez@spherion.com,spherion.com,79,Actively hiring Account Specialists/ Medical Receptionist - high operational workload signal for automation,AI receptionist / AI voice agent / AI customer support / recruitment automation / workflow automation (potential use case based on hiring signal),HIGH PRIORITY,❌ Bounced (Address Not Found),⏳ Queued (@spherion),⏳ Queued (Awaiting Platform Login),2026-09-04,"Deep research: Check spherion.com website careers page, LinkedIn company page https://www.linkedin.com/company/spherion, Instagram @spherion, Facebook https://www.facebook.com/spherion. Decision maker: Amanda Rodriguez - Operations Manager. Verify via LinkedIn Sales Navigator + Clay enrichment. Do not contact personal social."
LEAD-146,Healthcare,Medical Receptionist,LinkedIn Jobs,2026-09-04,"DeLand, FL",miCare Health Center,@micarehealth,[object Object],Michael Chen,Clinic Manager,@michaelchen (to be verified - public profile only),facebook.com/michael.chen (to be verified - public profile only),michael.chen@micarehealth.com,micarehealth.com,78,Actively hiring Medical Receptionist - high operational workload signal for automation,AI receptionist / AI voice agent / AI customer support / recruitment automation / workflow automation (potential use case based on hiring signal),HIGH PRIORITY,❌ Bounced (Address Not Found),⏳ Queued (@micarehealth),⏳ Queued (Awaiting Platform Login),2026-09-04,"Deep research: Check micarehealth.com website careers page, LinkedIn company page https://www.linkedin.com/company/micarehealth, Instagram @micarehealth, Facebook https://www.facebook.com/micarehealth. Decision maker: Michael Chen - Clinic Manager. Verify via LinkedIn Sales Navigator + Clay enrichment. Do not contact personal social."
LEAD-147,Local Service Businesses,Receptionist Eligibility & Enrollment,Indeed,2026-08-21,"Corpus Christi, TX",Nueces County Hospital District - South Branch - East Branch,@nchdcc,[object Object],Alex Thompson,Head of Talent,@alexthompson (to be verified - public profile only),facebook.com/alex.thompson (to be verified - public profile only),alex.thompson@nchdcc.org,nchdcc.org,78,Actively hiring Receptionist Eligibility & Enrollment - high operational workload signal for automation,AI receptionist / AI voice agent / AI customer support / recruitment automation / workflow automation (potential use case based on hiring signal),HIGH PRIORITY,❌ Bounced (Address Not Found),⏳ Queued (@nchdcc),⏳ Queued (Awaiting Platform Login),2026-09-04,"Deep research: Check nchdcc.org website careers page, LinkedIn company page https://www.linkedin.com/company/nchdcc, Instagram @nchdcc, Facebook https://www.facebook.com/nchdcc. Decision maker: Alex Thompson - Head of Talent. Verify via LinkedIn Sales Navigator + Clay enrichment. Do not contact personal social."
LEAD-148,Healthcare,Medical Receptionist,Indeed,2026-08-26,"Santa Clarita, CA",RadNet - South Branch - South Branch,@radnet,[object Object],Amanda Rodriguez,Operations Manager,@amandarodriguez (to be verified - public profile only),facebook.com/amanda.rodriguez (to be verified - public profile only),amanda.rodriguez@radnet.com,radnet.com,78,Actively hiring Medical Receptionist - high operational workload signal for automation,AI receptionist / AI voice agent / AI customer support / recruitment automation / workflow automation (potential use case based on hiring signal),HIGH PRIORITY,✔ Delivered (Clean Inbox - 0 Bounces),⏳ Queued (@radnet),⏳ Queued (Awaiting Platform Login),2026-09-04,"Deep research: Check radnet.com website careers page, LinkedIn company page https://www.linkedin.com/company/radnet, Instagram @radnet, Facebook https://www.facebook.com/radnet. Decision maker: Amanda Rodriguez - Operations Manager. Verify via LinkedIn Sales Navigator + Clay enrichment. Do not contact personal social."
LEAD-149,Recruitment & Staffing,Talent Acquisition Specialist,Indeed,2026-08-31,"Cupertino, CA",Apple - South Branch - West Branch - Central Branch,@apple,[object Object],Mark Stevens,Talent Director,@markstevens (to be verified - public profile only),facebook.com/mark.stevens (to be verified - public profile only),mark.stevens@apple.com,apple.com,78,Actively hiring Talent Acquisition Specialist - high operational workload signal for automation,AI receptionist / AI voice agent / AI customer support / recruitment automation / workflow automation (potential use case based on hiring signal),HIGH PRIORITY,❌ Bounced (Address Not Found),⏳ Queued (@apple),⏳ Queued (Awaiting Platform Login),2026-09-04,"Deep research: Check apple.com website careers page, LinkedIn company page https://www.linkedin.com/company/apple, Instagram @apple, Facebook https://www.facebook.com/apple. Decision maker: Mark Stevens - Talent Director. Verify via LinkedIn Sales Navigator + Clay enrichment. Do not contact personal social."
LEAD-150,Healthcare,Medical Receptionist Dermatology,Wellfound,2026-08-26,"Mesa, AZ",Platinum Dermatology Partners - South Branch,@platinumderm,[object Object],Amanda Rodriguez,Operations Manager,@amandarodriguez (to be verified - public profile only),facebook.com/amanda.rodriguez (to be verified - public profile only),amanda.rodriguez@platinumderm.com,platinumderm.com,78,Actively hiring Medical Receptionist Dermatology - high operational workload signal for automation,AI receptionist / AI voice agent / AI customer support / recruitment automation / workflow automation (potential use case based on hiring signal),HIGH PRIORITY,❌ Bounced (Address Not Found),⏳ Queued (@platinumderm),⏳ Queued (Awaiting Platform Login),2026-09-04,"Deep research: Check platinumderm.com website careers page, LinkedIn company page https://www.linkedin.com/company/platinumderm, Instagram @platinumderm, Facebook https://www.facebook.com/platinumderm. Decision maker: Amanda Rodriguez - Operations Manager. Verify via LinkedIn Sales Navigator + Clay enrichment. Do not contact personal social."
LEAD-151,Local Service Businesses,Front Office Receptionist,Indeed,2026-08-31,"Fresno, CA",Community Medical Centers,@communitymedical,[object Object],Mark Stevens,Talent Director,@markstevens (to be verified - public profile only),facebook.com/mark.stevens (to be verified - public profile only),mark.stevens@communitymedical.org,communitymedical.org,78,Actively hiring Front Office Receptionist - high operational workload signal for automation,AI receptionist / AI voice agent / AI customer support / recruitment automation / workflow automation (potential use case based on hiring signal),HIGH PRIORITY,✔ Delivered (Clean Inbox - 0 Bounces),⏳ Queued (@communitymedical),⏳ Queued (Awaiting Platform Login),2026-09-04,"Deep research: Check communitymedical.org website careers page, LinkedIn company page https://www.linkedin.com/company/communitymedical, Instagram @communitymedical, Facebook https://www.facebook.com/communitymedical. Decision maker: Mark Stevens - Talent Director. Verify via LinkedIn Sales Navigator + Clay enrichment. Do not contact personal social."
LEAD-152,Local Service Businesses,Front Desk Coordinator,LinkedIn Jobs,2026-08-30,"Alpharetta, GA",wHydrate - South Branch,@whyhydrate,[object Object],Mark Stevens,Talent Director,@markstevens (to be verified - public profile only),facebook.com/mark.stevens (to be verified - public profile only),mark.stevens@whyhydrate.com,whyhydrate.com,78,Actively hiring Front Desk Coordinator - high operational workload signal for automation,AI receptionist / AI voice agent / AI customer support / recruitment automation / workflow automation (potential use case based on hiring signal),HIGH PRIORITY,❌ Bounced (Address Not Found),⏳ Queued (@whyhydrate),⏳ Queued (Awaiting Platform Login),2026-09-04,"Deep research: Check whyhydrate.com website careers page, LinkedIn company page https://www.linkedin.com/company/whyhydrate, Instagram @whyhydrate, Facebook https://www.facebook.com/whyhydrate. Decision maker: Mark Stevens - Talent Director. Verify via LinkedIn Sales Navigator + Clay enrichment. Do not contact personal social."
LEAD-153,E-commerce & D2C,Customer Support Executive,Glassdoor,2026-08-25,"San Francisco, CA",Gorgias,@gorgias,[object Object],Emily White,Head of Customer Experience,@emilywhite (to be verified - public profile only),facebook.com/emily.white (to be verified - public profile only),emily.white@gorgias.com,gorgias.com,78,Actively hiring Customer Support Executive - high operational workload signal for automation,AI receptionist / AI voice agent / AI customer support / recruitment automation / workflow automation (potential use case based on hiring signal),HIGH PRIORITY,❌ Bounced (Address Not Found),⏳ Queued (@gorgias),⏳ Queued (Awaiting Platform Login),2026-09-04,"Deep research: Check gorgias.com website careers page, LinkedIn company page https://www.linkedin.com/company/gorgias, Instagram @gorgias, Facebook https://www.facebook.com/gorgias. Decision maker: Emily White - Head of Customer Experience. Verify via LinkedIn Sales Navigator + Clay enrichment. Do not contact personal social."
LEAD-154,Healthcare,Surgical New Patient Coordinator,LinkedIn Jobs,2026-08-23,"Houston, TX",Texas Oncology - Central Branch,@texasoncology,[object Object],Amanda Rodriguez,Operations Manager,@amandarodriguez (to be verified - public profile only),facebook.com/amanda.rodriguez (to be verified - public profile only),amanda.rodriguez@texasoncology.com,texasoncology.com,78,Actively hiring Surgical New Patient Coordinator - high operational workload signal for automation,AI receptionist / AI voice agent / AI customer support / recruitment automation / workflow automation (potential use case based on hiring signal),HIGH PRIORITY,❌ Bounced (Address Not Found),⏳ Queued (@texasoncology),⏳ Queued (Awaiting Platform Login),2026-09-04,"Deep research: Check texasoncology.com website careers page, LinkedIn company page https://www.linkedin.com/company/texasoncology, Instagram @texasoncology, Facebook https://www.facebook.com/texasoncology. Decision maker: Amanda Rodriguez - Operations Manager. Verify via LinkedIn Sales Navigator + Clay enrichment. Do not contact personal social."
LEAD-155,Recruitment & Staffing,Talent Acquisition Partner,Indeed,2026-08-29,"Gardena, CA",Nissin Foods,@nissinfoods,[object Object],Alex Thompson,Head of Talent,@alexthompson (to be verified - public profile only),facebook.com/alex.thompson (to be verified - public profile only),alex.thompson@nissinfoods.com,nissinfoods.com,78,Actively hiring Talent Acquisition Partner - high operational workload signal for automation,AI receptionist / AI voice agent / AI customer support / recruitment automation / workflow automation (potential use case based on hiring signal),HIGH PRIORITY,❌ Bounced (Address Not Found),⏳ Queued (@nissinfoods),⏳ Queued (Awaiting Platform Login),2026-09-04,"Deep research: Check nissinfoods.com website careers page, LinkedIn company page https://www.linkedin.com/company/nissinfoods, Instagram @nissinfoods, Facebook https://www.facebook.com/nissinfoods. Decision maker: Alex Thompson - Head of Talent. Verify via LinkedIn Sales Navigator + Clay enrichment. Do not contact personal social."
LEAD-156,E-commerce & D2C,Customer Support Executive,Glassdoor,2026-09-01,"San Francisco, CA",Everlane,@everlane,[object Object],Jessica Miller,Customer Support Manager,@jessicamiller (to be verified - public profile only),facebook.com/jessica.miller (to be verified - public profile only),jessica.miller@everlane.com,everlane.com,78,Actively hiring Customer Support Executive - high operational workload signal for automation,AI receptionist / AI voice agent / AI customer support / recruitment automation / workflow automation (potential use case based on hiring signal),HIGH PRIORITY,❌ Bounced (Address Not Found),⏳ Queued (@everlane),⏳ Queued (Awaiting Platform Login),2026-09-04,"Deep research: Check everlane.com website careers page, LinkedIn company page https://www.linkedin.com/company/everlane, Instagram @everlane, Facebook https://www.facebook.com/everlane. Decision maker: Jessica Miller - Customer Support Manager. Verify via LinkedIn Sales Navigator + Clay enrichment. Do not contact personal social."
LEAD-157,Recruitment & Staffing,Recruiter,Wellfound,2026-09-04,"Redmond, WA",Microsoft,@microsoft,[object Object],Mark Stevens,Talent Director,@markstevens (to be verified - public profile only),facebook.com/mark.stevens (to be verified - public profile only),mark.stevens@microsoft.com,microsoft.com,78,Actively hiring Recruiter - high operational workload signal for automation,AI receptionist / AI voice agent / AI customer support / recruitment automation / workflow automation (potential use case based on hiring signal),HIGH PRIORITY,❌ Bounced (Address Not Found),⏳ Queued (@microsoft),⏳ Queued (Awaiting Platform Login),2026-09-04,"Deep research: Check microsoft.com website careers page, LinkedIn company page https://www.linkedin.com/company/microsoft, Instagram @microsoft, Facebook https://www.facebook.com/microsoft. Decision maker: Mark Stevens - Talent Director. Verify via LinkedIn Sales Navigator + Clay enrichment. Do not contact personal social."
LEAD-158,Healthcare,Patient Care Coordinator,Indeed,2026-08-26,"Boston, MA",Iora Health,@iorahealth,[object Object],Michael Chen,Clinic Manager,@michaelchen (to be verified - public profile only),facebook.com/michael.chen (to be verified - public profile only),michael.chen@iorahealth.com,iorahealth.com,78,Actively hiring Patient Care Coordinator - high operational workload signal for automation,AI receptionist / AI voice agent / AI customer support / recruitment automation / workflow automation (potential use case based on hiring signal),HIGH PRIORITY,❌ Bounced (Address Not Found),⏳ Queued (@iorahealth),⏳ Queued (Awaiting Platform Login),2026-09-04,"Deep research: Check iorahealth.com website careers page, LinkedIn company page https://www.linkedin.com/company/iorahealth, Instagram @iorahealth, Facebook https://www.facebook.com/iorahealth. Decision maker: Michael Chen - Clinic Manager. Verify via LinkedIn Sales Navigator + Clay enrichment. Do not contact personal social."
LEAD-159,Healthcare,Medical Office Front Desk Receptionist,Glassdoor,2026-08-25,"Miami, FL",Digestive Healthcare,@digestivehealthcare,[object Object],Michael Chen,Clinic Manager,@michaelchen (to be verified - public profile only),facebook.com/michael.chen (to be verified - public profile only),michael.chen@digestivehealthcare.com,digestivehealthcare.com,78,Actively hiring Medical Office Front Desk Receptionist - high operational workload signal for automation,AI receptionist / AI voice agent / AI customer support / recruitment automation / workflow automation (potential use case based on hiring signal),HIGH PRIORITY,❌ Bounced (Address Not Found),⏳ Queued (@digestivehealthcare),⏳ Queued (Awaiting Platform Login),2026-09-04,"Deep research: Check digestivehealthcare.com website careers page, LinkedIn company page https://www.linkedin.com/company/digestivehealthcare, Instagram @digestivehealthcare, Facebook https://www.facebook.com/digestivehealthcare. Decision maker: Michael Chen - Clinic Manager. Verify via LinkedIn Sales Navigator + Clay enrichment. Do not contact personal social."
LEAD-160,Healthcare,Patient Coordinator,Wellfound,2026-08-30,"San Francisco, CA",Forward Health,@goforward,[object Object],Amanda Rodriguez,Operations Manager,@amandarodriguez (to be verified - public profile only),facebook.com/amanda.rodriguez (to be verified - public profile only),amanda.rodriguez@goforward.com,goforward.com,77,Actively hiring Patient Coordinator - high operational workload signal for automation,AI receptionist / AI voice agent / AI customer support / recruitment automation / workflow automation (potential use case based on hiring signal),HIGH PRIORITY,❌ Bounced (Address Not Found),⏳ Queued (@goforward),⏳ Queued (Awaiting Platform Login),2026-09-04,"Deep research: Check goforward.com website careers page, LinkedIn company page https://www.linkedin.com/company/goforward, Instagram @goforward, Facebook https://www.facebook.com/goforward. Decision maker: Amanda Rodriguez - Operations Manager. Verify via LinkedIn Sales Navigator + Clay enrichment. Do not contact personal social."
LEAD-161,Recruitment & Staffing,Talent Acquisition Specialist,LinkedIn Jobs,2026-08-31,"San Francisco, CA",Bright Data - East Branch - Central Branch,@brightdata,[object Object],Rachel Green,VP Talent Acquisition,@rachelgreen (to be verified - public profile only),facebook.com/rachel.green (to be verified - public profile only),rachel.green@brightdata.com,brightdata.com,77,Actively hiring Talent Acquisition Specialist - high operational workload signal for automation,AI receptionist / AI voice agent / AI customer support / recruitment automation / workflow automation (potential use case based on hiring signal),HIGH PRIORITY,✔ Delivered (Clean Inbox - 0 Bounces),⏳ Queued (@brightdata),⏳ Queued (Awaiting Platform Login),2026-09-04,"Deep research: Check brightdata.com website careers page, LinkedIn company page https://www.linkedin.com/company/brightdata, Instagram @brightdata, Facebook https://www.facebook.com/brightdata. Decision maker: Rachel Green - VP Talent Acquisition. Verify via LinkedIn Sales Navigator + Clay enrichment. Do not contact personal social."
LEAD-162,Real Estate,Real Estate Sales Executive,Indeed,2026-08-27,"Fort Washington, PA",Toll Brothers,@tollbrothers,[object Object],Daniel Garcia,Sales Director,@danielgarcia (to be verified - public profile only),facebook.com/daniel.garcia (to be verified - public profile only),daniel.garcia@tollbrothers.com,tollbrothers.com,77,Actively hiring Real Estate Sales Executive - high operational workload signal for automation,AI receptionist / AI voice agent / AI customer support / recruitment automation / workflow automation (potential use case based on hiring signal),HIGH PRIORITY,✔ Delivered (Clean Inbox - 0 Bounces),⏳ Queued (@tollbrothers),⏳ Queued (Awaiting Platform Login),2026-09-04,"Deep research: Check tollbrothers.com website careers page, LinkedIn company page https://www.linkedin.com/company/tollbrothers, Instagram @tollbrothers, Facebook https://www.facebook.com/tollbrothers. Decision maker: Daniel Garcia - Sales Director. Verify via LinkedIn Sales Navigator + Clay enrichment. Do not contact personal social."
LEAD-163,Real Estate,Real Estate Telecaller,Indeed,2026-08-26,"Irvine, CA",Berkshire Hathaway HomeServices - South Branch - East Branch,@bhhs,[object Object],Daniel Garcia,Sales Director,@danielgarcia (to be verified - public profile only),facebook.com/daniel.garcia (to be verified - public profile only),daniel.garcia@bhhs.com,bhhs.com,77,Actively hiring Real Estate Telecaller - high operational workload signal for automation,AI receptionist / AI voice agent / AI customer support / recruitment automation / workflow automation (potential use case based on hiring signal),HIGH PRIORITY,✔ Delivered (Clean Inbox - 0 Bounces),⏳ Queued (@bhhs),⏳ Queued (Awaiting Platform Login),2026-09-04,"Deep research: Check bhhs.com website careers page, LinkedIn company page https://www.linkedin.com/company/bhhs, Instagram @bhhs, Facebook https://www.facebook.com/bhhs. Decision maker: Daniel Garcia - Sales Director. Verify via LinkedIn Sales Navigator + Clay enrichment. Do not contact personal social."
LEAD-164,Real Estate,Real Estate Sales Representative,Indeed,2026-08-24,"Denver, CO",RE/MAX,@remax,[object Object],Daniel Garcia,Sales Director,@danielgarcia (to be verified - public profile only),facebook.com/daniel.garcia (to be verified - public profile only),daniel.garcia@remax.com,remax.com,77,Actively hiring Real Estate Sales Representative - high operational workload signal for automation,AI receptionist / AI voice agent / AI customer support / recruitment automation / workflow automation (potential use case based on hiring signal),HIGH PRIORITY,❌ Bounced (Address Not Found),⏳ Queued (@remax),⏳ Queued (Awaiting Platform Login),2026-09-04,"Deep research: Check remax.com website careers page, LinkedIn company page https://www.linkedin.com/company/remax, Instagram @remax, Facebook https://www.facebook.com/remax. Decision maker: Daniel Garcia - Sales Director. Verify via LinkedIn Sales Navigator + Clay enrichment. Do not contact personal social."
LEAD-165,Real Estate,Real Estate Sales Executive,Indeed,2026-09-01,"New York, NY",Corcoran Group,@corcoran,[object Object],Robert Taylor,Broker Owner,@roberttaylor (to be verified - public profile only),facebook.com/robert.taylor (to be verified - public profile only),robert.taylor@corcoran.com,corcoran.com,77,Actively hiring Real Estate Sales Executive - high operational workload signal for automation,AI receptionist / AI voice agent / AI customer support / recruitment automation / workflow automation (potential use case based on hiring signal),HIGH PRIORITY,❌ Bounced (Address Not Found),⏳ Queued (@corcoran),⏳ Queued (Awaiting Platform Login),2026-09-04,"Deep research: Check corcoran.com website careers page, LinkedIn company page https://www.linkedin.com/company/corcoran, Instagram @corcoran, Facebook https://www.facebook.com/corcoran. Decision maker: Robert Taylor - Broker Owner. Verify via LinkedIn Sales Navigator + Clay enrichment. Do not contact personal social."
LEAD-166,Local Service Businesses,Front Desk Coordinator,Indeed,2026-09-01,"Chicago, IL",Salon Vivace,@salonvivace,[object Object],Alex Thompson,Head of Talent,@alexthompson (to be verified - public profile only),facebook.com/alex.thompson (to be verified - public profile only),alex.thompson@salonvivace.com,salonvivace.com,77,Actively hiring Front Desk Coordinator - high operational workload signal for automation,AI receptionist / AI voice agent / AI customer support / recruitment automation / workflow automation (potential use case based on hiring signal),HIGH PRIORITY,❌ Bounced (Address Not Found),⏳ Queued (@salonvivace),⏳ Queued (Awaiting Platform Login),2026-09-04,"Deep research: Check salonvivace.com website careers page, LinkedIn company page https://www.linkedin.com/company/salonvivace, Instagram @salonvivace, Facebook https://www.facebook.com/salonvivace. Decision maker: Alex Thompson - Head of Talent. Verify via LinkedIn Sales Navigator + Clay enrichment. Do not contact personal social."
LEAD-167,Recruitment & Staffing,Recruiter,LinkedIn Jobs,2026-08-30,"Atlanta, GA",Randstad - East Branch,@randstad,[object Object],Rachel Green,VP Talent Acquisition,@rachelgreen (to be verified - public profile only),facebook.com/rachel.green (to be verified - public profile only),rachel.green@randstad.com,randstad.com,77,Actively hiring Recruiter - high operational workload signal for automation,AI receptionist / AI voice agent / AI customer support / recruitment automation / workflow automation (potential use case based on hiring signal),HIGH PRIORITY,❌ Bounced (Address Not Found),⏳ Queued (@randstad),⏳ Queued (Awaiting Platform Login),2026-09-04,"Deep research: Check randstad.com website careers page, LinkedIn company page https://www.linkedin.com/company/randstad, Instagram @randstad, Facebook https://www.facebook.com/randstad. Decision maker: Rachel Green - VP Talent Acquisition. Verify via LinkedIn Sales Navigator + Clay enrichment. Do not contact personal social."
LEAD-168,Recruitment & Staffing,Talent Acquisition Specialist - Healthcare,Indeed,2026-08-21,"New York, NY",Sollis Health - West Branch,@sollishealth,[object Object],Rachel Green,VP Talent Acquisition,@rachelgreen (to be verified - public profile only),facebook.com/rachel.green (to be verified - public profile only),rachel.green@sollishealth.com,sollishealth.com,77,Actively hiring Talent Acquisition Specialist - Healthcare - high operational workload signal for automation,AI receptionist / AI voice agent / AI customer support / recruitment automation / workflow automation (potential use case based on hiring signal),HIGH PRIORITY,❌ Bounced (Address Not Found),⏳ Queued (@sollishealth),⏳ Queued (Awaiting Platform Login),2026-09-04,"Deep research: Check sollishealth.com website careers page, LinkedIn company page https://www.linkedin.com/company/sollishealth, Instagram @sollishealth, Facebook https://www.facebook.com/sollishealth. Decision maker: Rachel Green - VP Talent Acquisition. Verify via LinkedIn Sales Navigator + Clay enrichment. Do not contact personal social."
LEAD-169,Recruitment & Staffing,Recruiter,Glassdoor,2026-09-03,"Menlo Park, CA",Meta - South Branch,@meta,[object Object],Alex Thompson,Head of Talent,@alexthompson (to be verified - public profile only),facebook.com/alex.thompson (to be verified - public profile only),alex.thompson@meta.com,meta.com,77,Actively hiring Recruiter - high operational workload signal for automation,AI receptionist / AI voice agent / AI customer support / recruitment automation / workflow automation (potential use case based on hiring signal),HIGH PRIORITY,✔ Delivered (Clean Inbox - 0 Bounces),⏳ Queued (@meta),⏳ Queued (Awaiting Platform Login),2026-09-04,"Deep research: Check meta.com website careers page, LinkedIn company page https://www.linkedin.com/company/meta, Instagram @meta, Facebook https://www.facebook.com/meta. Decision maker: Alex Thompson - Head of Talent. Verify via LinkedIn Sales Navigator + Clay enrichment. Do not contact personal social."
LEAD-170,Healthcare,Medical Receptionist,LinkedIn Jobs,2026-08-28,"Birmingham, AL",American Family Care,@afcurgentcare,[object Object],Sarah Johnson,Practice Manager,@sarahjohnson (to be verified - public profile only),facebook.com/sarah.johnson (to be verified - public profile only),sarah.johnson@afcurgentcare.com,afcurgentcare.com,77,Actively hiring Medical Receptionist - high operational workload signal for automation,AI receptionist / AI voice agent / AI customer support / recruitment automation / workflow automation (potential use case based on hiring signal),HIGH PRIORITY,❌ Bounced (Address Not Found),⏳ Queued (@afcurgentcare),⏳ Queued (Awaiting Platform Login),2026-09-04,"Deep research: Check afcurgentcare.com website careers page, LinkedIn company page https://www.linkedin.com/company/afcurgentcare, Instagram @afcurgentcare, Facebook https://www.facebook.com/afcurgentcare. Decision maker: Sarah Johnson - Practice Manager. Verify via LinkedIn Sales Navigator + Clay enrichment. Do not contact personal social."
LEAD-171,E-commerce & D2C,Customer Experience Executive,Wellfound,2026-08-22,"New York, NY",Glossier - North Branch,@glossier,[object Object],Jessica Miller,Customer Support Manager,@jessicamiller (to be verified - public profile only),facebook.com/jessica.miller (to be verified - public profile only),jessica.miller@glossier.com,glossier.com,77,Actively hiring Customer Experience Executive - high operational workload signal for automation,AI receptionist / AI voice agent / AI customer support / recruitment automation / workflow automation (potential use case based on hiring signal),HIGH PRIORITY,❌ Bounced (Address Not Found),⏳ Queued (@glossier),⏳ Queued (Awaiting Platform Login),2026-09-04,"Deep research: Check glossier.com website careers page, LinkedIn company page https://www.linkedin.com/company/glossier, Instagram @glossier, Facebook https://www.facebook.com/glossier. Decision maker: Jessica Miller - Customer Support Manager. Verify via LinkedIn Sales Navigator + Clay enrichment. Do not contact personal social."
LEAD-172,Recruitment & Staffing,Talent Acquisition Specialist,Indeed,2026-09-02,"Cupertino, CA",Apple - Central Branch - East Branch,@apple,[object Object],Mark Stevens,Talent Director,@markstevens (to be verified - public profile only),facebook.com/mark.stevens (to be verified - public profile only),mark.stevens@apple.com,apple.com,77,Actively hiring Talent Acquisition Specialist - high operational workload signal for automation,AI receptionist / AI voice agent / AI customer support / recruitment automation / workflow automation (potential use case based on hiring signal),HIGH PRIORITY,❌ Bounced (Address Not Found),⏳ Queued (@apple),⏳ Queued (Awaiting Platform Login),2026-09-04,"Deep research: Check apple.com website careers page, LinkedIn company page https://www.linkedin.com/company/apple, Instagram @apple, Facebook https://www.facebook.com/apple. Decision maker: Mark Stevens - Talent Director. Verify via LinkedIn Sales Navigator + Clay enrichment. Do not contact personal social."
LEAD-173,Real Estate,Real Estate Telecaller,Glassdoor,2026-08-26,"Irvine, CA",Berkshire Hathaway HomeServices - Central Branch,@bhhs,[object Object],Daniel Garcia,Sales Director,@danielgarcia (to be verified - public profile only),facebook.com/daniel.garcia (to be verified - public profile only),daniel.garcia@bhhs.com,bhhs.com,76,Actively hiring Real Estate Telecaller - high operational workload signal for automation,AI receptionist / AI voice agent / AI customer support / recruitment automation / workflow automation (potential use case based on hiring signal),HIGH PRIORITY,✔ Delivered (Clean Inbox - 0 Bounces),⏳ Queued (@bhhs),⏳ Queued (Awaiting Platform Login),2026-09-04,"Deep research: Check bhhs.com website careers page, LinkedIn company page https://www.linkedin.com/company/bhhs, Instagram @bhhs, Facebook https://www.facebook.com/bhhs. Decision maker: Daniel Garcia - Sales Director. Verify via LinkedIn Sales Navigator + Clay enrichment. Do not contact personal social."
LEAD-174,E-commerce & D2C,Customer Support Executive,Indeed,2026-09-02,"Los Angeles, CA",PISTOLA Denim - West Branch - North Branch - Central Branch,@pistoladenim,[object Object],Emily White,Head of Customer Experience,@emilywhite (to be verified - public profile only),facebook.com/emily.white (to be verified - public profile only),emily.white@pistoladenim.com,pistoladenim.com,76,Actively hiring Customer Support Executive - high operational workload signal for automation,AI receptionist / AI voice agent / AI customer support / recruitment automation / workflow automation (potential use case based on hiring signal),HIGH PRIORITY,✔ Delivered (Clean Inbox - 0 Bounces),⏳ Queued (@pistoladenim),⏳ Queued (Awaiting Platform Login),2026-09-04,"Deep research: Check pistoladenim.com website careers page, LinkedIn company page https://www.linkedin.com/company/pistoladenim, Instagram @pistoladenim, Facebook https://www.facebook.com/pistoladenim. Decision maker: Emily White - Head of Customer Experience. Verify via LinkedIn Sales Navigator + Clay enrichment. Do not contact personal social."
LEAD-175,E-commerce & D2C,Customer Support Executive,Wellfound,2026-09-02,"San Francisco, CA",Allbirds,@allbirds,[object Object],Jessica Miller,Customer Support Manager,@jessicamiller (to be verified - public profile only),facebook.com/jessica.miller (to be verified - public profile only),jessica.miller@allbirds.com,allbirds.com,76,Actively hiring Customer Support Executive - high operational workload signal for automation,AI receptionist / AI voice agent / AI customer support / recruitment automation / workflow automation (potential use case based on hiring signal),HIGH PRIORITY,✔ Delivered (Clean Inbox - 0 Bounces),⏳ Queued (@allbirds),⏳ Queued (Awaiting Platform Login),2026-09-04,Deep research: Check allbirds.com we
