Lead ID,Company Name,Contact Person,Industry / Niche,Country,City,Website,Public Email,Phone,Email Validation Status,Deliverability Score,Current Stage,Campaign,Total Emails Sent,Reminder Count,Follow-up Needed?,Approaching Status,Reply Received?,Reply Date,Reply Intent,Estimated Deal Value ($),Probability (%),Weighted Pipeline ($),Delivery Status,Bounce Status,Last Updated (UTC),Internal Notes
LEAD-0936,Pinnacle Attorneys at Law,Alexander Clark,https://instagram.com/pinnacleattorney,AU,Melbourne,https://facebook.com/pinnacleattorney,alexander@pinnacleattorneymelbourne.com.au,+61 3 470 5647,VALID_MX,95,EMAIL_1_SENT,Campaign 1,1,0,YES,⏳ OUTREACH SENT / WAITING,NO,,NONE,500.0,15%,75.0,DELIVERED,CLEAN,2026-08-27 16:23:09 UTC,Auto-generated v2 enterprise lead. Category: lawyer. Rev Tier: $600k - $2.5M
LEAD-0904,Pinnacle Attorneys at Law,David Robinson,https://instagram.com/pinnacleattorney,IE,Waterford,https://facebook.com/pinnacleattorney,david@pinnacleattorneywaterford.ie,+353 51 875 9501,VALID_MX,95,EMAIL_1_SENT,Campaign 1,1,0,YES,⏳ OUTREACH SENT / WAITING,NO,,NONE,500.0,15%,75.0,DELIVERED,CLEAN,2026-08-27 16:23:09 UTC,Auto-generated v2 enterprise lead. Category: lawyer. Rev Tier: $600k - $2.5M
LEAD-0656,Pure Orthodontics,Michael McCarthy,https://instagram.com/pureorthodontics,AU,Melbourne,https://facebook.com/pureorthodontics,michael@pureorthodonticsmelbourne.com.au,+61 3 845 9402,VALID_MX,95,EMAIL_1_SENT,Campaign 1,1,0,YES,⏳ OUTREACH SENT / WAITING,NO,,NONE,500.0,15%,75.0,DELIVERED,CLEAN,2026-08-27 16:23:09 UTC,Auto-generated v2 enterprise lead. Category: dentist. Rev Tier: $400k - $1.2M
LEAD-0208,Apex Dental Care,Sarah Thompson,https://instagram.com/apexdentalcare,GB,Edinburgh,https://facebook.com/apexdentalcare,sarah@apexdentalcareedinburgh.co.uk,+44 131 480 4430,VALID_MX,95,EMAIL_1_SENT,Campaign 1,1,0,YES,⏳ OUTREACH SENT / WAITING,NO,,NONE,500.0,15%,75.0,DELIVERED,CLEAN,2026-08-27 16:23:09 UTC,Auto-generated v2 enterprise lead. Category: dentist. Rev Tier: $400k - $1.2M
LEAD-0436,Copper Pot Kitchen & Bar,Emily Gallagher,https://instagram.com/copperpotkitchen,AU,Melbourne,https://facebook.com/copperpotkitchen,emily@copperpotkitchenmelbourne.com.au,+61 3 349 1162,VALID_MX,95,EMAIL_1_SENT,Campaign 1,1,0,YES,⏳ OUTREACH SENT / WAITING,NO,,NONE,500.0,15%,75.0,DELIVERED,CLEAN,2026-08-27 16:23:09 UTC,Auto-generated v2 enterprise lead. Category: restaurant. Rev Tier: $400k - $1.5M
LEAD-0388,Bistro Italian Restaurant,Mia Smith,None,GB,Edinburgh,https://facebook.com/bistroitalianres,mia@bistroitalianresedinburgh.co.uk,+44 131 610 2666,VALID_MX,95,EMAIL_1_SENT,Campaign 1,1,0,YES,⏳ OUTREACH SENT / WAITING,NO,,NONE,500.0,15%,75.0,DELIVERED,CLEAN,2026-08-27 16:23:09 UTC,Auto-generated v2 enterprise lead. Category: restaurant. Rev Tier: $400k - $1.5M
LEAD-0386,Apex Roofing Specialists,David Hall,https://instagram.com/apexroofingspeci,GB,London,https://facebook.com/apexroofingspeci,david@apexroofingspecilondon.co.uk,+44 20 980 6918,VALID_MX,95,EMAIL_1_SENT,Campaign 1,1,0,YES,⏳ OUTREACH SENT / WAITING,NO,,NONE,500.0,15%,75.0,DELIVERED,CLEAN,2026-08-27 16:23:09 UTC,Auto-generated v2 enterprise lead. Category: roofing. Rev Tier: $500k - $1.5M
LEAD-0198,Velvet Hair Beauty & Hair Lounge,Benjamin Brennan,https://instagram.com/velvethairbeauty,CA,Vancouver,https://facebook.com/velvethairbeauty,benjamin@velvethairbeautyvancouver.ca,+1 604 416 7671,VALID_MX,95,EMAIL_1_SENT,Campaign 1,1,0,YES,⏳ OUTREACH SENT / WAITING,NO,,NONE,430.0,15%,64.5,DELIVERED,CLEAN,2026-08-27 16:23:09 UTC,Auto-generated v2 enterprise lead. Category: salon. Rev Tier: $200k - $500k
LEAD-0907,Vivid Lens Photography,Emma Murphy,https://instagram.com/vividlensphotogr,GB,Manchester,https://facebook.com/vividlensphotogr,emma@vividlensphotogrmanchester.co.uk,+44 161 424 9350,VALID_MX,95,EMAIL_1_SENT,Campaign 1,1,0,YES,⏳ OUTREACH SENT / WAITING,NO,,NONE,500.0,15%,75.0,DELIVERED,CLEAN,2026-08-27 16:23:09 UTC,Auto-generated v2 enterprise lead. Category: photographer. Rev Tier: $150k - $400k
LEAD-0839,Apex Fitness Club,Matthew Doyle,https://instagram.com/apexfitnessclub,NZ,Auckland,https://facebook.com/apexfitnessclub,matthew@apexfitnessclubauckland.co.nz,+64 9 994 3893,VALID_MX,95,EMAIL_1_SENT,Campaign 1,1,0,YES,⏳ OUTREACH SENT / WAITING,NO,,NONE,425.0,15%,63.75,DELIVERED,CLEAN,2026-08-27 16:23:09 UTC,Auto-generated v2 enterprise lead. Category: gym. Rev Tier: $350k - $900k
LEAD-0571,Artisan Photography Collective,Grace Lewis,None,US,Austin,https://facebook.com/artisanphotograp,grace@artisanphotograpaustin.com,+1 512 575 9396,VALID_MX,95,EMAIL_1_SENT,Campaign 1,1,0,YES,⏳ OUTREACH SENT / WAITING,NO,,NONE,500.0,15%,75.0,DELIVERED,CLEAN,2026-08-27 16:23:09 UTC,Auto-generated v2 enterprise lead. Category: photographer. Rev Tier: $150k - $400k
LEAD-0423,Pulse Health & Performance,Conor McCarthy,https://instagram.com/pulsehealthperfo,IE,Limerick,https://facebook.com/pulsehealthperfo,conor@pulsehealthperfolimerick.ie,+353 61 296 8612,VALID_MX,95,EMAIL_1_SENT,Campaign 1,1,0,YES,⏳ OUTREACH SENT / WAITING,NO,,NONE,500.0,15%,75.0,DELIVERED,CLEAN,2026-08-27 16:23:09 UTC,Auto-generated v2 enterprise lead. Category: gym. Rev Tier: $350k - $900k
LEAD-0363,Lumina Visual Media Studio,Chloe Gallagher,https://instagram.com/luminavisualmedi,IE,Limerick,https://facebook.com/luminavisualmedi,chloe@luminavisualmedilimerick.ie,+353 61 970 5420,VALID_MX,95,EMAIL_1_SENT,Campaign 1,1,0,YES,⏳ OUTREACH SENT / WAITING,NO,,NONE,500.0,15%,75.0,DELIVERED,CLEAN,2026-08-27 16:23:09 UTC,Auto-generated v2 enterprise lead. Category: photographer. Rev Tier: $150k - $400k
LEAD-0025,Prime Chartered Accountants,Lily Brown,https://instagram.com/primecharteredac,GB,Belfast,https://facebook.com/primecharteredac,lily@primecharteredacbelfast.co.uk,+44 28 893 3851,VALID_MX,95,MEETING_REQUEST,Campaign 1,1,0,NO,🔥 HOT / APPROACHING,YES,2026-08-27 15:20 UTC,POSITIVE,3200.0,60%,1920.0,DELIVERED,CLEAN,2026-08-27 16:23:09 UTC,Auto-generated v2 enterprise lead. Category: accountant. Rev Tier: $400k - $1.2M
LEAD-0660,Bistro Grill & Tavern,Emily Thompson,https://instagram.com/bistrogrilltaver,IE,Dublin,https://facebook.com/bistrogrilltaver,emily@bistrogrilltaverdublin.ie,+353 1 921 3098,VALID_MX,95,EMAIL_1_SENT,Campaign 1,1,0,YES,⏳ OUTREACH SENT / WAITING,NO,,NONE,500.0,15%,75.0,DELIVERED,CLEAN,2026-08-27 16:23:09 UTC,Auto-generated v2 enterprise lead. Category: restaurant. Rev Tier: $400k - $1.5M
LEAD-0997,Urban Grind Cafe & Bakery,Oliver O'Neill,https://instagram.com/urbangrindcafeba,CA,Toronto,https://facebook.com/urbangrindcafeba,oliver@urbangrindcafebatoronto.ca,+1 416 866 5939,VALID_MX,95,EMAIL_1_SENT,Campaign 1,1,0,YES,⏳ OUTREACH SENT / WAITING,NO,,NONE,500.0,15%,75.0,DELIVERED,CLEAN,2026-08-27 16:23:09 UTC,Auto-generated v2 enterprise lead. Category: cafe. Rev Tier: $200k - $600k
LEAD-0724,Copper Pot Bistro & Eatery,Thomas Martin,https://instagram.com/copperpotbistroe,IE,Waterford,http://www.copperpotbistroewaterford.ie,thomas@copperpotbistroewaterford.ie,+353 51 305 5916,VALID_MX,95,EMAIL_1_SENT,Campaign 1,1,0,YES,⏳ OUTREACH SENT / WAITING,NO,,NONE,500.0,15%,75.0,DELIVERED,CLEAN,2026-08-27 16:23:09 UTC,Auto-generated v2 enterprise lead. Category: restaurant. Rev Tier: $400k - $1.5M
LEAD-0696,Lexis Solicitors & Advocates,William Walker,None,AU,Melbourne,https://facebook.com/lexissolicitorsa,william@lexissolicitorsamelbourne.com.au,+61 3 929 6489,VALID_MX,95,EMAIL_1_SENT,Campaign 1,1,0,YES,⏳ OUTREACH SENT / WAITING,NO,,NONE,500.0,15%,75.0,DELIVERED,CLEAN,2026-08-27 16:23:09 UTC,Auto-generated v2 enterprise lead. Category: lawyer. Rev Tier: $600k - $2.5M
LEAD-0625,QuickFlow Plumbing & Heating,Hannah Williams,None,GB,Belfast,https://facebook.com/quickflowplumbin,hannah@quickflowplumbinbelfast.co.uk,+44 28 981 7132,VALID_MX,95,EMAIL_1_SENT,Campaign 1,1,0,YES,⏳ OUTREACH SENT / WAITING,NO,,NONE,500.0,15%,75.0,DELIVERED,CLEAN,2026-08-27 16:23:09 UTC,Auto-generated v2 enterprise lead. Category: plumber. Rev Tier: $250k - $750k
LEAD-0513,QuickFlow Plumbing Services,Sean Martin,https://instagram.com/quickflowplumbin,US,Miami,https://facebook.com/quickflowplumbin,sean@quickflowplumbinmiami.com,+1 305 633 6237,VALID_MX,95,EMAIL_1_SENT,Campaign 1,1,0,YES,⏳ OUTREACH SENT / WAITING,NO,,NONE,500.0,15%,75.0,DELIVERED,CLEAN,2026-08-27 16:23:09 UTC,Auto-generated v2 enterprise lead. Category: plumber. Rev Tier: $250k - $750k
LEAD-0346,AutoCraft Auto Service & Repair,Zoe Jones,None,GB,London,https://facebook.com/autocraftautoser,zoe@autocraftautoserlondon.co.uk,+44 20 472 3483,VALID_MX,95,EMAIL_1_SENT,Campaign 1,1,0,YES,⏳ OUTREACH SENT / WAITING,NO,,NONE,500.0,15%,75.0,DELIVERED,CLEAN,2026-08-27 16:23:09 UTC,Auto-generated v2 enterprise lead. Category: car_repair. Rev Tier: $350k - $850k
LEAD-0122,ProDrive Auto Care Center,Benjamin Robinson,https://instagram.com/prodriveautocare,IE,Galway,https://facebook.com/prodriveautocare,benjamin@prodriveautocaregalway.ie,+353 91 584 2314,VALID_MX,95,EMAIL_1_SENT,Campaign 1,1,0,YES,⏳ OUTREACH SENT / WAITING,NO,,NONE,2400.0,15%,360.0,DELIVERED,CLEAN,2026-08-27 16:23:09 UTC,Auto-generated v2 enterprise lead. Category: car_repair. Rev Tier: $350k - $850k
LEAD-0095,Paws & Claws Pet Care Center,Lily Williams,None,AU,Sydney,https://facebook.com/pawsclawspetcare,lily@pawsclawspetcaresydney.com.au,+61 2 419 5678,VALID_MX,95,EMAIL_1_SENT,Campaign 1,1,0,YES,⏳ OUTREACH SENT / WAITING,NO,,NONE,3400.0,15%,510.0,DELIVERED,CLEAN,2026-08-27 16:23:09 UTC,Auto-generated v2 enterprise lead. Category: veterinary. Rev Tier: $450k - $1.3M
LEAD-0632,Kensington Legal Associates,Liam Lynch,https://instagram.com/kensingtonlegala,US,Chicago,https://facebook.com/kensingtonlegala,liam@kensingtonlegalachicago.com,+1 312 984 7180,VALID_MX,95,EMAIL_1_SENT,Campaign 1,1,0,YES,⏳ OUTREACH SENT / WAITING,NO,,NONE,500.0,15%,75.0,DELIVERED,CLEAN,2026-08-27 16:23:09 UTC,Auto-generated v2 enterprise lead. Category: lawyer. Rev Tier: $600k - $2.5M
LEAD-0789,Corner Perk Cafe & Bakery,Ethan Taylor,https://instagram.com/cornerperkcafeba,GB,Birmingham,https://facebook.com/cornerperkcafeba,ethan@cornerperkcafebabirmingham.co.uk,+44 121 311 9893,VALID_MX,95,EMAIL_1_SENT,Campaign 1,1,0,YES,⏳ OUTREACH SENT / WAITING,NO,,NONE,500.0,15%,75.0,DELIVERED,CLEAN,2026-08-27 16:23:09 UTC,Auto-generated v2 enterprise lead. Category: cafe. Rev Tier: $200k - $600k
LEAD-0725,Wild Flour Coffee House,Ruby Miller,https://instagram.com/wildflourcoffeeh,GB,Belfast,https://facebook.com/wildflourcoffeeh,ruby@wildflourcoffeehbelfast.co.uk,+44 28 869 7830,VALID_MX,95,EMAIL_1_SENT,Campaign 1,1,0,YES,⏳ OUTREACH SENT / WAITING,NO,,NONE,500.0,15%,75.0,DELIVERED,CLEAN,2026-08-27 16:23:09 UTC,Auto-generated v2 enterprise lead. Category: cafe. Rev Tier: $200k - $600k
LEAD-0265,Ledger & Co Chartered Accountants,Chloe Robinson,https://instagram.com/ledgercochartere,GB,Belfast,https://facebook.com/ledgercochartere,chloe@ledgercocharterebelfast.co.uk,+44 28 415 7866,VALID_MX,95,EMAIL_1_SENT,Campaign 1,1,0,YES,⏳ OUTREACH SENT / WAITING,NO,,NONE,500.0,15%,75.0,DELIVERED,CLEAN,2026-08-27 16:23:09 UTC,Auto-generated v2 enterprise lead. Category: accountant. Rev Tier: $400k - $1.2M
LEAD-0996,Golden Leaf Kitchen & Bar,Conor Williams,None,AU,Melbourne,https://facebook.com/goldenleafkitche,conor@goldenleafkitchemelbourne.com.au,+61 3 339 6618,VALID_MX,95,EMAIL_1_SENT,Campaign 1,1,0,YES,⏳ OUTREACH SENT / WAITING,NO,,NONE,500.0,15%,75.0,DELIVERED,CLEAN,2026-08-27 16:23:09 UTC,Auto-generated v2 enterprise lead. Category: restaurant. Rev Tier: $400k - $1.5M
LEAD-0902,Luxe Hair Studio,William Doyle,https://instagram.com/luxehairstudio,IE,Galway,https://facebook.com/luxehairstudio,william@luxehairstudiogalway.ie,+353 91 804 4132,VALID_MX,95,EMAIL_1_SENT,Campaign 1,1,0,YES,⏳ OUTREACH SENT / WAITING,NO,,NONE,430.0,15%,64.5,DELIVERED,CLEAN,2026-08-27 16:23:09 UTC,Auto-generated v2 enterprise lead. Category: salon. Rev Tier: $200k - $500k
LEAD-0590,Integrity Home Builders,Lily Harris,https://instagram.com/integrityhomebui,US,New York,http://www.integrityhomebuinewyork.com,lily@integrityhomebuinewyork.com,+1 212 724 7552,VALID_MX,95,EMAIL_1_SENT,Campaign 1,1,0,YES,⏳ OUTREACH SENT / WAITING,NO,,NONE,500.0,15%,75.0,DELIVERED,CLEAN,2026-08-27 16:23:09 UTC,Auto-generated v2 enterprise lead. Category: contractor. Rev Tier: $600k - $2.5M
LEAD-0564,Copper Pot Dining Room,Emily O'Sullivan,https://instagram.com/copperpotdiningr,IE,Waterford,https://facebook.com/copperpotdiningr,emily@copperpotdiningrwaterford.ie,+353 51 368 1895,VALID_MX,95,EMAIL_1_SENT,Campaign 1,1,0,YES,⏳ OUTREACH SENT / WAITING,NO,,NONE,500.0,15%,75.0,DELIVERED,CLEAN,2026-08-27 16:23:09 UTC,Auto-generated v2 enterprise lead. Category: restaurant. Rev Tier: $400k - $1.5M
LEAD-0404,Bella Grill & Tavern,Alexander White,https://instagram.com/bellagrilltavern,IE,Waterford,https://facebook.com/bellagrilltavern,alexander@bellagrilltavernwaterford.ie,+353 51 932 7025,VALID_MX,95,EMAIL_1_SENT,Campaign 1,1,0,YES,⏳ OUTREACH SENT / WAITING,NO,,NONE,500.0,15%,75.0,DELIVERED,CLEAN,2026-08-27 16:23:09 UTC,Auto-generated v2 enterprise lead. Category: restaurant. Rev Tier: $400k - $1.5M
LEAD-0279,Apex Health & Performance,Fiona Gallagher,https://instagram.com/apexhealthperfor,NZ,Auckland,http://www.apexhealthperforauckland.co.nz,fiona@apexhealthperforauckland.co.nz,+64 9 897 6113,VALID_MX,95,EMAIL_1_SENT,Campaign 1,1,0,YES,⏳ OUTREACH SENT / WAITING,NO,,NONE,500.0,15%,75.0,DELIVERED,CLEAN,2026-08-27 16:23:09 UTC,Auto-generated v2 enterprise lead. Category: gym. Rev Tier: $350k - $900k
LEAD-0201,Prime Tax & Wealth Advisors,Sophie Anderson,https://instagram.com/primetaxwealthad,IE,Cork,http://www.primetaxwealthadcork.ie,sophie@primetaxwealthadcork.ie,+353 21 725 1328,VALID_MX,95,EMAIL_1_SENT,Campaign 1,1,0,YES,⏳ OUTREACH SENT / WAITING,NO,,NONE,500.0,15%,75.0,DELIVERED,CLEAN,2026-08-27 16:23:09 UTC,Auto-generated v2 enterprise lead. Category: accountant. Rev Tier: $400k - $1.2M
LEAD-0012,The Foundry Celebration Spaces,Fiona Lee,None,US,Chicago,https://facebook.com/thefoundrycelebr,fiona@thefoundrycelebrchicago.com,+1 312 678 1887,VALID_MX,95,HOT_REPLY,Campaign 1,1,0,NO,🔥 HOT / APPROACHING,YES,2026-08-27 15:19 UTC,NEUTRAL,4200.0,50%,2100.0,DELIVERED,CLEAN,2026-08-27 16:23:09 UTC,Auto-generated v2 enterprise lead. Category: event_venue. Rev Tier: $500k - $2.0M
LEAD-0027,Iris & Co Photography,Matthew Dunne,https://instagram.com/iriscophotograph,GB,Manchester,https://facebook.com/iriscophotograph,matthew@iriscophotographmanchester.co.uk,+44 161 844 4185,VALID_MX,95,MEETING_REQUEST,Campaign 1,1,0,NO,🔥 HOT / APPROACHING,YES,2026-08-27 15:20 UTC,POSITIVE,1900.0,60%,1140.0,DELIVERED,CLEAN,2026-08-27 16:23:09 UTC,Auto-generated v2 enterprise lead. Category: photographer. Rev Tier: $150k - $400k
LEAD-0699,Aperture Visual Media Studio,Zoe Lee,https://instagram.com/aperturevisualme,NZ,Auckland,http://www.aperturevisualmeauckland.co.nz,zoe@aperturevisualmeauckland.co.nz,+64 9 905 4999,VALID_MX,95,EMAIL_1_SENT,Campaign 1,1,0,YES,⏳ OUTREACH SENT / WAITING,NO,,NONE,500.0,15%,75.0,DELIVERED,CLEAN,2026-08-27 16:23:09 UTC,Auto-generated v2 enterprise lead. Category: photographer. Rev Tier: $150k - $400k
LEAD-0600,Apex Attorneys at Law,Emily Clark,https://instagram.com/apexattorneysatl,IE,Dublin,https://facebook.com/apexattorneysatl,info@apexattorneysatldublin.ie,+353 1 548 4418,VALID_MX,95,EMAIL_1_SENT,Campaign 1,1,0,YES,⏳ OUTREACH SENT / WAITING,NO,,NONE,500.0,15%,75.0,DELIVERED,CLEAN,2026-08-27 16:23:09 UTC,Auto-generated v2 enterprise lead. Category: lawyer. Rev Tier: $600k - $2.5M
LEAD-0176,Apex Dental Clinic,Ethan Brennan,None,AU,Melbourne,https://facebook.com/apexdentalclinic,contact@apexdentalclinicmelbourne.com.au,+61 3 351 2494,VALID_MX,95,EMAIL_1_SENT,Campaign 1,1,0,YES,⏳ OUTREACH SENT / WAITING,NO,,NONE,500.0,15%,75.0,DELIVERED,CLEAN,2026-08-27 16:23:09 UTC,Auto-generated v2 enterprise lead. Category: dentist. Rev Tier: $400k - $1.2M
LEAD-0168,O'Connor's Lawyer,Emma O'Connor,https://instagram.com/oconnorslawyer,GB,Edinburgh,https://facebook.com/oconnorslawyer,contact@oconnorslawyeredinburgh.co.uk,+44 131 735 9474,VALID_MX,95,EMAIL_1_SENT,Campaign 1,1,0,YES,⏳ OUTREACH SENT / WAITING,NO,,NONE,500.0,15%,75.0,DELIVERED,CLEAN,2026-08-27 16:23:09 UTC,Auto-generated v2 enterprise lead. Category: lawyer. Rev Tier: $600k - $2.5M
LEAD-0112,Kelly's Dentist,Olivia Kelly,https://instagram.com/kellysdentist,US,Chicago,https://facebook.com/kellysdentist,contact@kellysdentistchicago.com,+1 312 652 5201,VALID_MX,95,EMAIL_1_SENT,Campaign 1,1,0,YES,⏳ OUTREACH SENT / WAITING,NO,,NONE,3500.0,15%,525.0,DELIVERED,CLEAN,2026-08-27 16:23:09 UTC,Auto-generated v2 enterprise lead. Category: dentist. Rev Tier: $400k - $1.2M
LEAD-0240,Grand Dental Studio,Fiona Wilson,https://instagram.com/granddentalstudi,IE,Dublin,https://facebook.com/granddentalstudi,contact@granddentalstudidublin.ie,+353 1 565 3100,VALID_MX,95,EMAIL_1_SENT,Campaign 1,1,0,YES,⏳ OUTREACH SENT / WAITING,NO,,NONE,500.0,15%,75.0,DELIVERED,CLEAN,2026-08-27 16:23:09 UTC,Auto-generated v2 enterprise lead. Category: dentist. Rev Tier: $400k - $1.2M
LEAD-0975,Meadow Animal Clinic,Patrick Kelly,https://instagram.com/meadowanimalclin,AU,Sydney,http://www.meadowanimalclinsydney.com.au,patrick@meadowanimalclinsydney.com.au,+61 2 592 9670,VALID_MX,95,EMAIL_1_SENT,Campaign 1,1,0,YES,⏳ OUTREACH SENT / WAITING,NO,,NONE,500.0,15%,75.0,DELIVERED,CLEAN,2026-08-27 16:23:09 UTC,Auto-generated v2 enterprise lead. Category: veterinary. Rev Tier: $450k - $1.3M
LEAD-0464,Apex Dental Studio,William Dunne,https://instagram.com/apexdentalstudio,IE,Waterford,http://www.apexdentalstudiowaterford.ie,william@apexdentalstudiowaterford.ie,+353 51 675 8014,VALID_MX,95,EMAIL_1_SENT,Campaign 1,1,0,YES,⏳ OUTREACH SENT / WAITING,NO,,NONE,500.0,15%,75.0,DELIVERED,CLEAN,2026-08-27 16:23:09 UTC,Auto-generated v2 enterprise lead. Category: dentist. Rev Tier: $400k - $1.2M
LEAD-0407,Elevation CrossFit & Athletics,Ryan Lewis,https://instagram.com/elevationcrossfi,GB,Manchester,https://facebook.com/elevationcrossfi,ryan@elevationcrossfimanchester.co.uk,+44 161 911 1448,VALID_MX,95,EMAIL_1_SENT,Campaign 1,1,0,YES,⏳ OUTREACH SENT / WAITING,NO,,NONE,500.0,15%,75.0,DELIVERED,CLEAN,2026-08-27 16:23:09 UTC,Auto-generated v2 enterprise lead. Category: gym. Rev Tier: $350k - $900k
LEAD-0159,Happy Tails Veterinary Hospital,Chloe Byrne,https://instagram.com/happytailsveteri,NZ,Auckland,http://www.happytailsveteriauckland.co.nz,chloe@happytailsveteriauckland.co.nz,+64 9 216 3035,VALID_MX,95,EMAIL_1_SENT,Campaign 1,1,0,YES,⏳ OUTREACH SENT / WAITING,NO,,NONE,500.0,15%,75.0,DELIVERED,CLEAN,2026-08-27 16:23:09 UTC,Auto-generated v2 enterprise lead. Category: veterinary. Rev Tier: $450k - $1.3M
LEAD-0059,Golden Hour Visual Media Studio,Thomas White,https://instagram.com/goldenhourvisual,NZ,Auckland,https://facebook.com/goldenhourvisual,thomas@goldenhourvisualauckland.co.nz,+64 9 502 6549,VALID_MX,95,EMAIL_1_SENT,Campaign 1,1,0,YES,⏳ OUTREACH SENT / WAITING,NO,,NONE,1900.0,15%,285.0,DELIVERED,CLEAN,2026-08-27 16:23:09 UTC,Auto-generated v2 enterprise lead. Category: photographer. Rev Tier: $150k - $400k
LEAD-0980,Gallagher's Restaurant,Conor Gallagher,https://instagram.com/gallaghersrestau,IE,Dublin,https://facebook.com/gallaghersrestau,enquiries@gallaghersrestaudublin.ie,+353 1 955 3984,VALID_MX,95,EMAIL_1_SENT,Campaign 1,1,0,YES,⏳ OUTREACH SENT / WAITING,NO,,NONE,500.0,15%,75.0,DELIVERED,CLEAN,2026-08-27 16:23:09 UTC,Auto-generated v2 enterprise lead. Category: restaurant. Rev Tier: $400k - $1.5M
LEAD-0854,Thomas's Salon,Ryan Thomas,https://instagram.com/thomasssalon,US,Seattle,https://facebook.com/thomasssalon,enquiries@thomasssalonseattle.com,+1 206 798 6189,VALID_MX,95,EMAIL_1_SENT,Campaign 1,1,0,YES,⏳ OUTREACH SENT / WAITING,NO,,NONE,430.0,15%,64.5,DELIVERED,CLEAN,2026-08-27 16:23:09 UTC,Auto-generated v2 enterprise lead. Category: salon. Rev Tier: $200k - $500k
LEAD-0850,Skyline Roofing Specialists,Oliver Hall,https://instagram.com/skylineroofingsp,US,New York,https://facebook.com/skylineroofingsp,info@skylineroofingspnewyork.com,+1 212 941 5775,VALID_MX,95,EMAIL_1_SENT,Campaign 1,1,0,YES,⏳ OUTREACH SENT / WAITING,NO,,NONE,500.0,15%,75.0,DELIVERED,CLEAN,2026-08-27 16:23:09 UTC,Auto-generated v2 enterprise lead. Category: roofing. Rev Tier: $500k - $1.5M
LEAD-0834,IronClad Roofing Solutions,Ciara Walsh,https://instagram.com/ironcladroofings,US,Seattle,https://facebook.com/ironcladroofings,info@ironcladroofingsseattle.com,+1 206 632 6857,VALID_MX,95,EMAIL_1_SENT,Campaign 1,1,0,YES,⏳ OUTREACH SENT / WAITING,NO,,NONE,500.0,15%,75.0,DELIVERED,CLEAN,2026-08-27 16:23:09 UTC,Auto-generated v2 enterprise lead. Category: roofing. Rev Tier: $500k - $1.5M
LEAD-0534,Luxe Hair Designers,Hannah Taylor,https://instagram.com/luxehairdesigner,US,Seattle,https://facebook.com/luxehairdesigner,hello@luxehairdesignerseattle.com,+1 206 512 9446,VALID_MX,95,EMAIL_1_SENT,Campaign 1,1,0,YES,⏳ OUTREACH SENT / WAITING,NO,,NONE,430.0,15%,64.5,DELIVERED,CLEAN,2026-08-27 16:23:09 UTC,Auto-generated v2 enterprise lead. Category: salon. Rev Tier: $200k - $500k
LEAD-0466,Skyline Roofing Specialists,Ryan Martin,https://instagram.com/skylineroofingsp,GB,London,https://facebook.com/skylineroofingsp,hello@skylineroofingsplondon.co.uk,+44 20 680 6057,VALID_MX,95,EMAIL_1_SENT,Campaign 1,1,0,YES,⏳ OUTREACH SENT / WAITING,NO,,NONE,500.0,15%,75.0,DELIVERED,CLEAN,2026-08-27 16:23:09 UTC,Auto-generated v2 enterprise lead. Category: roofing. Rev Tier: $500k - $1.5M
LEAD-0374,Serenity Hair Studio,Ethan Walker,https://instagram.com/serenityhairstud,US,Seattle,https://facebook.com/serenityhairstud,hello@serenityhairstudseattle.com,+1 206 945 8278,VALID_MX,95,EMAIL_1_SENT,Campaign 1,1,0,YES,⏳ OUTREACH SENT / WAITING,NO,,NONE,430.0,15%,64.5,DELIVERED,CLEAN,2026-08-27 16:23:09 UTC,Auto-generated v2 enterprise lead. Category: salon. Rev Tier: $200k - $500k
LEAD-0324,Golden Leaf Grill & Tavern,Ella Walker,https://instagram.com/goldenleafgrillt,IE,Waterford,https://facebook.com/goldenleafgrillt,contact@goldenleafgrilltwaterford.ie,+353 51 540 4246,VALID_MX,95,EMAIL_1_SENT,Campaign 1,1,0,YES,⏳ OUTREACH SENT / WAITING,NO,,NONE,500.0,15%,75.0,DELIVERED,CLEAN,2026-08-27 16:23:09 UTC,Auto-generated v2 enterprise lead. Category: restaurant. Rev Tier: $400k - $1.5M
LEAD-0278,Serenity Hair Designers,Grace Walsh,None,CA,Vancouver,https://facebook.com/serenityhairdesi,hello@serenityhairdesivancouver.ca,+1 604 396 5097,VALID_MX,95,EMAIL_1_SENT,Campaign 1,1,0,YES,⏳ OUTREACH SENT / WAITING,NO,,NONE,500.0,15%,75.0,DELIVERED,CLEAN,2026-08-27 16:23:09 UTC,Auto-generated v2 enterprise lead. Category: salon. Rev Tier: $200k - $500k
LEAD-0262,Glow & Co Beauty & Hair Lounge,Oliver Anderson,https://instagram.com/glowcobeautyhair,IE,Galway,https://facebook.com/glowcobeautyhair,enquiries@glowcobeautyhairgalway.ie,+353 91 564 3555,VALID_MX,95,EMAIL_1_SENT,Campaign 1,1,0,YES,⏳ OUTREACH SENT / WAITING,NO,,NONE,430.0,15%,64.5,DELIVERED,CLEAN,2026-08-27 16:23:09 UTC,Auto-generated v2 enterprise lead. Category: salon. Rev Tier: $200k - $500k
LEAD-0212,Golden Leaf Kitchen & Bar,Hannah O'Neill,https://instagram.com/goldenleafkitche,US,Chicago,https://facebook.com/goldenleafkitche,enquiries@goldenleafkitchechicago.com,+1 312 249 2771,VALID_MX,95,EMAIL_1_SENT,Campaign 1,1,0,YES,⏳ OUTREACH SENT / WAITING,NO,,NONE,500.0,15%,75.0,DELIVERED,CLEAN,2026-08-27 16:23:09 UTC,Auto-generated v2 enterprise lead. Category: restaurant. Rev Tier: $400k - $1.5M
LEAD-0182,Martinez's Salon,Jack Martinez,https://instagram.com/martinezssalon,IE,Galway,https://facebook.com/martinezssalon,hello@martinezssalongalway.ie,+353 91 806 6210,VALID_MX,95,EMAIL_1_SENT,Campaign 1,1,0,YES,⏳ OUTREACH SENT / WAITING,NO,,NONE,430.0,15%,64.5,DELIVERED,CLEAN,2026-08-27 16:23:09 UTC,Auto-generated v2 enterprise lead. Category: salon. Rev Tier: $200k - $500k
LEAD-0146,Crown Roofing Solutions,Ella Kennedy,https://instagram.com/crownroofingsolu,GB,London,https://facebook.com/crownroofingsolu,contact@crownroofingsolulondon.co.uk,+44 20 600 8586,VALID_MX,95,EMAIL_1_SENT,Campaign 1,1,0,YES,⏳ OUTREACH SENT / WAITING,NO,,NONE,3800.0,15%,570.0,DELIVERED,CLEAN,2026-08-27 16:23:09 UTC,Auto-generated v2 enterprise lead. Category: roofing. Rev Tier: $500k - $1.5M
LEAD-0100,Golden Leaf Italian Restaurant,Michael Quinn,https://instagram.com/goldenleafitalia,IE,Dublin,https://facebook.com/goldenleafitalia,hello@goldenleafitaliadublin.ie,+353 1 874 6531,VALID_MX,95,EMAIL_1_SENT,Campaign 1,1,0,YES,⏳ OUTREACH SENT / WAITING,NO,,NONE,2800.0,15%,420.0,DELIVERED,CLEAN,2026-08-27 16:23:09 UTC,Auto-generated v2 enterprise lead. Category: restaurant. Rev Tier: $400k - $1.5M
LEAD-0036,Bella Bistro & Eatery,James Lee,https://instagram.com/bellabistroeater,AU,Melbourne,https://facebook.com/bellabistroeater,contact@bellabistroeatermelbourne.com.au,+61 3 830 9817,VALID_MX,95,FOLLOWUP_2_SENT,Campaign 1,4,3,NO,⏳ OUTREACH SENT / WAITING,NO,,NONE,2800.0,20%,560.0,DELIVERED,CLEAN,2026-08-27 16:23:09 UTC,Auto-generated v2 enterprise lead. Category: restaurant. Rev Tier: $400k - $1.5M
LEAD-0823,CrossPeak Training Facility,Marcus Hall,https://instagram.com/crosspeaktrainin,IE,Limerick,https://facebook.com/crosspeaktrainin,marcus@crosspeaktraininlimerick.ie,+353 61 691 5675,VALID_MX,95,EMAIL_1_SENT,Campaign 1,1,0,YES,⏳ OUTREACH SENT / WAITING,NO,,NONE,500.0,15%,75.0,DELIVERED,CLEAN,2026-08-27 16:23:09 UTC,Auto-generated v2 enterprise lead. Category: gym. Rev Tier: $350k - $900k
LEAD-0677,Corner Perk Coffee House,Lucas Jones,https://instagram.com/cornerperkcoffee,CA,Toronto,https://facebook.com/cornerperkcoffee,lucas@cornerperkcoffeetoronto.ca,+1 416 701 5104,VALID_MX,95,EMAIL_1_SENT,Campaign 1,1,0,YES,⏳ OUTREACH SENT / WAITING,NO,,NONE,500.0,15%,75.0,DELIVERED,CLEAN,2026-08-27 16:23:09 UTC,Auto-generated v2 enterprise lead. Category: cafe. Rev Tier: $200k - $600k
LEAD-0591,Valley Veterinary Services,Oliver Doyle,https://instagram.com/valleyveterinary,US,Austin,https://facebook.com/valleyveterinary,oliver@valleyveterinaryaustin.com,+1 512 810 5451,VALID_MX,95,EMAIL_1_SENT,Campaign 1,1,0,YES,⏳ OUTREACH SENT / WAITING,NO,,NONE,500.0,15%,75.0,DELIVERED,CLEAN,2026-08-27 16:23:09 UTC,Auto-generated v2 enterprise lead. Category: veterinary. Rev Tier: $450k - $1.3M
LEAD-0586,Apex Motors Motor Works,Sophie Martin,https://instagram.com/apexmotorsmotorw,GB,London,https://facebook.com/apexmotorsmotorw,sophie@apexmotorsmotorwlondon.co.uk,+44 20 988 5267,VALID_MX,95,EMAIL_1_SENT,Campaign 1,1,0,YES,⏳ OUTREACH SENT / WAITING,NO,,NONE,500.0,15%,75.0,DELIVERED,CLEAN,2026-08-27 16:23:09 UTC,Auto-generated v2 enterprise lead. Category: car_repair. Rev Tier: $350k - $850k
LEAD-0518,Johnson's Salon,Joseph Johnson,https://instagram.com/johnsonssalon,CA,Vancouver,http://www.johnsonssalonvancouver.ca,joseph@johnsonssalonvancouver.ca,+1 604 895 3756,VALID_MX,95,EMAIL_1_SENT,Campaign 1,1,0,YES,⏳ OUTREACH SENT / WAITING,NO,,NONE,430.0,15%,64.5,DELIVERED,CLEAN,2026-08-27 16:23:09 UTC,Auto-generated v2 enterprise lead. Category: salon. Rev Tier: $200k - $500k
LEAD-0758,Pure Bliss Hair Studio,Ryan Davis,None,CA,Vancouver,https://facebook.com/pureblisshairstu,contact@pureblisshairstuvancouver.ca,+1 604 560 9818,VALID_MX,95,EMAIL_1_SENT,Campaign 1,1,0,YES,⏳ OUTREACH SENT / WAITING,NO,,NONE,500.0,15%,75.0,DELIVERED,CLEAN,2026-08-27 16:23:09 UTC,Auto-generated v2 enterprise lead. Category: salon. Rev Tier: $200k - $500k
LEAD-0470,Glow & Co Beauty & Hair Lounge,Chloe Lynch,None,US,New York,https://facebook.com/glowcobeautyhair,hello@glowcobeautyhairnewyork.com,+1 212 222 3884,VALID_MX,95,EMAIL_1_SENT,Campaign 1,1,0,YES,⏳ OUTREACH SENT / WAITING,NO,,NONE,500.0,15%,75.0,DELIVERED,CLEAN,2026-08-27 16:23:09 UTC,Auto-generated v2 enterprise lead. Category: salon. Rev Tier: $200k - $500k
LEAD-0888,Mercer & Co Legal Associates,Grace O'Connor,https://instagram.com/mercercolegalass,GB,Edinburgh,https://facebook.com/mercercolegalass,info@mercercolegalassedinburgh.co.uk,+44 131 480 9769,VALID_MX,95,EMAIL_1_SENT,Campaign 1,1,0,YES,⏳ OUTREACH SENT / WAITING,NO,,NONE,500.0,15%,75.0,DELIVERED,CLEAN,2026-08-27 16:23:09 UTC,Auto-generated v2 enterprise lead. Category: lawyer. Rev Tier: $600k - $2.5M
LEAD-0984,Harrington Attorneys at Law,Elena Lynch,https://instagram.com/harringtonattorn,IE,Waterford,http://www.harringtonattornwaterford.ie,hello@harringtonattornwaterford.ie,+353 51 588 3535,VALID_MX,95,EMAIL_1_SENT,Campaign 1,1,0,YES,⏳ OUTREACH SENT / WAITING,NO,,NONE,500.0,15%,75.0,DELIVERED,CLEAN,2026-08-27 16:23:09 UTC,Auto-generated v2 enterprise lead. Category: lawyer. Rev Tier: $600k - $2.5M
LEAD-0935,Prime Fitness Club,Benjamin Lynch,None,AU,Sydney,https://facebook.com/primefitnessclub,info@primefitnessclubsydney.com.au,+61 2 389 4419,VALID_MX,95,EMAIL_1_SENT,Campaign 1,1,0,YES,⏳ OUTREACH SENT / WAITING,NO,,NONE,500.0,15%,75.0,DELIVERED,CLEAN,2026-08-27 16:23:09 UTC,Auto-generated v2 enterprise lead. Category: gym. Rev Tier: $350k - $900k
LEAD-0908,Highland Events & Weddings,Grace Murphy,https://instagram.com/highlandeventswe,GB,Edinburgh,https://facebook.com/highlandeventswe,hello@highlandeventsweedinburgh.co.uk,+44 131 489 5130,VALID_MX,95,EMAIL_1_SENT,Campaign 1,1,0,YES,⏳ OUTREACH SENT / WAITING,NO,,NONE,500.0,15%,75.0,DELIVERED,CLEAN,2026-08-27 16:23:09 UTC,Auto-generated v2 enterprise lead. Category: event_venue. Rev Tier: $500k - $2.0M
LEAD-0830,Craftsman Building & Renovations,Michael Kelly,https://instagram.com/craftsmanbuildin,US,New York,https://facebook.com/craftsmanbuildin,enquiries@craftsmanbuildinnewyork.com,+1 212 549 9850,VALID_MX,95,EMAIL_1_SENT,Campaign 1,1,0,YES,⏳ OUTREACH SENT / WAITING,NO,,NONE,500.0,15%,75.0,DELIVERED,CLEAN,2026-08-27 16:23:09 UTC,Auto-generated v2 enterprise lead. Category: contractor. Rev Tier: $600k - $2.5M
LEAD-0809,Precision Financial Consultants,Ava Dunne,None,GB,Birmingham,https://facebook.com/precisionfinanci,enquiries@precisionfinancibirmingham.co.uk,+44 121 488 6588,VALID_MX,95,EMAIL_1_SENT,Campaign 1,1,0,YES,⏳ OUTREACH SENT / WAITING,NO,,NONE,500.0,15%,75.0,DELIVERED,CLEAN,2026-08-27 16:23:09 UTC,Auto-generated v2 enterprise lead. Category: accountant. Rev Tier: $400k - $1.2M
LEAD-0761,Summit Accounting & Advisory,Jack Johnson,https://instagram.com/summitaccounting,IE,Cork,https://facebook.com/summitaccounting,contact@summitaccountingcork.ie,+353 21 430 8250,VALID_MX,95,EMAIL_1_SENT,Campaign 1,1,0,YES,⏳ OUTREACH SENT / WAITING,NO,,NONE,500.0,15%,75.0,DELIVERED,CLEAN,2026-08-27 16:23:09 UTC,Auto-generated v2 enterprise lead. Category: accountant. Rev Tier: $400k - $1.2M
LEAD-0683,Silverline Wedding & Portrait Studio,Patrick Kennedy,https://instagram.com/silverlineweddin,IE,Limerick,https://facebook.com/silverlineweddin,info@silverlineweddinlimerick.ie,+353 61 292 3990,VALID_MX,95,EMAIL_1_SENT,Campaign 1,1,0,YES,⏳ OUTREACH SENT / WAITING,NO,,NONE,500.0,15%,75.0,DELIVERED,CLEAN,2026-08-27 16:23:09 UTC,Auto-generated v2 enterprise lead. Category: photographer. Rev Tier: $150k - $400k
LEAD-0617,ClearView Tax & Wealth Advisors,Olivia Kennedy,https://instagram.com/clearviewtaxweal,CA,Toronto,https://facebook.com/clearviewtaxweal,info@clearviewtaxwealtoronto.ca,+1 416 324 9369,VALID_MX,95,EMAIL_1_SENT,Campaign 1,1,0,YES,⏳ OUTREACH SENT / WAITING,NO,,NONE,500.0,15%,75.0,DELIVERED,CLEAN,2026-08-27 16:23:09 UTC,Auto-generated v2 enterprise lead. Category: accountant. Rev Tier: $400k - $1.2M
LEAD-0608,Apex Orthodontics,Elena Hall,https://instagram.com/apexorthodontics,GB,Edinburgh,http://www.apexorthodonticsedinburgh.co.uk,contact@apexorthodonticsedinburgh.co.uk,+44 131 927 6467,VALID_MX,95,EMAIL_1_SENT,Campaign 1,1,0,YES,⏳ OUTREACH SENT / WAITING,NO,,NONE,500.0,15%,75.0,DELIVERED,CLEAN,2026-08-27 16:23:09 UTC,Auto-generated v2 enterprise lead. Category: dentist. Rev Tier: $400k - $1.2M
LEAD-0568,Vanguard Law Chambers,Sophie Taylor,https://instagram.com/vanguardlawchamb,GB,Edinburgh,http://www.vanguardlawchambedinburgh.co.uk,enquiries@vanguardlawchambedinburgh.co.uk,+44 131 728 9573,VALID_MX,95,EMAIL_1_SENT,Campaign 1,1,0,YES,⏳ OUTREACH SENT / WAITING,NO,,NONE,500.0,15%,75.0,DELIVERED,CLEAN,2026-08-27 16:23:09 UTC,Auto-generated v2 enterprise lead. Category: lawyer. Rev Tier: $600k - $2.5M
LEAD-0521,Sterling Accounting & Advisory,Emma Johnson,https://instagram.com/sterlingaccounti,IE,Cork,https://facebook.com/sterlingaccounti,enquiries@sterlingaccounticork.ie,+353 21 389 7640,VALID_MX,95,EMAIL_1_SENT,Campaign 1,1,0,YES,⏳ OUTREACH SENT / WAITING,NO,,NONE,500.0,15%,75.0,DELIVERED,CLEAN,2026-08-27 16:23:09 UTC,Auto-generated v2 enterprise lead. Category: accountant. Rev Tier: $400k - $1.2M
LEAD-0456,Lexis Legal Associates,Zoe Rodriguez,https://instagram.com/lexislegalassoci,AU,Melbourne,http://www.lexislegalassocimelbourne.com.au,info@lexislegalassocimelbourne.com.au,+61 3 751 1507,VALID_MX,95,EMAIL_1_SENT,Campaign 1,1,0,YES,⏳ OUTREACH SENT / WAITING,NO,,NONE,500.0,15%,75.0,DELIVERED,CLEAN,2026-08-27 16:23:09 UTC,Auto-generated v2 enterprise lead. Category: lawyer. Rev Tier: $600k - $2.5M
LEAD-0360,Pinnacle Attorneys at Law,Alexander Thomas,https://instagram.com/pinnacleattorney,IE,Dublin,http://www.pinnacleattorneydublin.ie,enquiries@pinnacleattorneydublin.ie,+353 1 427 3440,VALID_MX,95,EMAIL_1_SENT,Campaign 1,1,0,YES,⏳ OUTREACH SENT / WAITING,NO,,NONE,500.0,15%,75.0,DELIVERED,CLEAN,2026-08-27 16:23:09 UTC,Auto-generated v2 enterprise lead. Category: lawyer. Rev Tier: $600k - $2.5M
LEAD-0334,Titan Home Builders,Ryan Anderson,https://instagram.com/titanhomebuilder,US,Seattle,https://facebook.com/titanhomebuilder,enquiries@titanhomebuilderseattle.com,+1 206 207 9161,VALID_MX,95,EMAIL_1_SENT,Campaign 1,1,0,YES,⏳ OUTREACH SENT / WAITING,NO,,NONE,500.0,15%,75.0,DELIVERED,CLEAN,2026-08-27 16:23:09 UTC,Auto-generated v2 enterprise lead. Category: contractor. Rev Tier: $600k - $2.5M
LEAD-0331,Lumina Visual Media Studio,Emma Harris,None,US,Austin,https://facebook.com/luminavisualmedi,enquiries@luminavisualmediaustin.com,+1 512 254 1013,VALID_MX,95,EMAIL_1_SENT,Campaign 1,1,0,YES,⏳ OUTREACH SENT / WAITING,NO,,NONE,500.0,15%,75.0,DELIVERED,CLEAN,2026-08-27 16:23:09 UTC,Auto-generated v2 enterprise lead. Category: photographer. Rev Tier: $150k - $400k
LEAD-0327,Evolution Health & Performance,Ethan O'Neill,https://instagram.com/evolutionhealthp,GB,Manchester,https://facebook.com/evolutionhealthp,enquiries@evolutionhealthpmanchester.co.uk,+44 161 623 4908,VALID_MX,95,EMAIL_1_SENT,Campaign 1,1,0,YES,⏳ OUTREACH SENT / WAITING,NO,,NONE,500.0,15%,75.0,DELIVERED,CLEAN,2026-08-27 16:23:09 UTC,Auto-generated v2 enterprise lead. Category: gym. Rev Tier: $350k - $900k
LEAD-0281,Precision Tax & Wealth Advisors,Michael Doyle,https://instagram.com/precisiontaxweal,IE,Cork,https://facebook.com/precisiontaxweal,info@precisiontaxwealcork.ie,+353 21 261 6824,VALID_MX,95,EMAIL_1_SENT,Campaign 1,1,0,YES,⏳ OUTREACH SENT / WAITING,NO,,NONE,500.0,15%,75.0,DELIVERED,CLEAN,2026-08-27 16:23:09 UTC,Auto-generated v2 enterprise lead. Category: accountant. Rev Tier: $400k - $1.2M
LEAD-0267,Wildflower Wedding & Portrait Studio,Joseph Byrne,https://instagram.com/wildflowerweddin,GB,Manchester,https://facebook.com/wildflowerweddin,hello@wildflowerweddinmanchester.co.uk,+44 161 261 4530,VALID_MX,95,EMAIL_1_SENT,Campaign 1,1,0,YES,⏳ OUTREACH SENT / WAITING,NO,,NONE,500.0,15%,75.0,DELIVERED,CLEAN,2026-08-27 16:23:09 UTC,Auto-generated v2 enterprise lead. Category: photographer. Rev Tier: $150k - $400k
LEAD-0256,Grand Family Dentistry,Jack Rodriguez,https://instagram.com/grandfamilydenti,AU,Melbourne,http://www.grandfamilydentimelbourne.com.au,contact@grandfamilydentimelbourne.com.au,+61 3 928 1941,VALID_MX,95,EMAIL_1_SENT,Campaign 1,1,0,YES,⏳ OUTREACH SENT / WAITING,NO,,NONE,500.0,15%,75.0,DELIVERED,CLEAN,2026-08-27 16:23:09 UTC,Auto-generated v2 enterprise lead. Category: dentist. Rev Tier: $400k - $1.2M
LEAD-0222,Integrity Construction & Design,Aoife Anderson,https://instagram.com/integrityconstru,IE,Galway,https://facebook.com/integrityconstru,enquiries@integrityconstrugalway.ie,+353 91 985 8751,VALID_MX,95,EMAIL_1_SENT,Campaign 1,1,0,YES,⏳ OUTREACH SENT / WAITING,NO,,NONE,500.0,15%,75.0,DELIVERED,CLEAN,2026-08-27 16:23:09 UTC,Auto-generated v2 enterprise lead. Category: contractor. Rev Tier: $600k - $2.5M
LEAD-0107,FrameCraft Photography,Ethan Quinn,https://instagram.com/framecraftphotog,GB,Manchester,https://facebook.com/framecraftphotog,enquiries@framecraftphotogmanchester.co.uk,+44 161 506 8780,VALID_MX,95,EMAIL_1_SENT,Campaign 1,1,0,YES,⏳ OUTREACH SENT / WAITING,NO,,NONE,1900.0,15%,285.0,DELIVERED,CLEAN,2026-08-27 16:23:09 UTC,Auto-generated v2 enterprise lead. Category: photographer. Rev Tier: $150k - $400k
LEAD-0091,Harris's Photographer,Daniel Harris,https://instagram.com/harrissphotograp,US,Austin,https://facebook.com/harrissphotograp,contact@harrissphotograpaustin.com,+1 512 479 3039,VALID_MX,95,EMAIL_1_SENT,Campaign 1,1,0,YES,⏳ OUTREACH SENT / WAITING,NO,,NONE,1900.0,15%,285.0,DELIVERED,CLEAN,2026-08-27 16:23:09 UTC,Auto-generated v2 enterprise lead. Category: photographer. Rev Tier: $150k - $400k
LEAD-0071,Pulse Fitness Club,Joseph Brennan,https://instagram.com/pulsefitnessclub,US,Austin,https://facebook.com/pulsefitnessclub,hello@pulsefitnessclubaustin.com,+1 512 361 1815,VALID_MX,95,EMAIL_1_SENT,Campaign 1,1,0,YES,⏳ OUTREACH SENT / WAITING,NO,,NONE,2600.0,15%,390.0,DELIVERED,CLEAN,2026-08-27 16:23:09 UTC,Auto-generated v2 enterprise lead. Category: gym. Rev Tier: $350k - $900k
LEAD-0046,Pinnacle General Contracting,Sophie Kennedy,https://instagram.com/pinnaclegeneralc,GB,London,https://facebook.com/pinnaclegeneralc,contact@pinnaclegeneralclondon.co.uk,+44 20 790 1659,VALID_MX,95,FOLLOWUP_1_SENT,Campaign 1,2,1,YES,⏳ OUTREACH SENT / WAITING,NO,,NONE,4000.0,20%,800.0,DELIVERED,CLEAN,2026-08-27 16:23:09 UTC,Auto-generated v2 enterprise lead. Category: contractor. Rev Tier: $600k - $2.5M
LEAD-0028,Byrne's Event Venue,Emily Byrne,https://instagram.com/byrneseventvenue,GB,Edinburgh,https://facebook.com/byrneseventvenue,info@byrneseventvenueedinburgh.co.uk,+44 131 667 3184,VALID_MX,95,PRICING_REQUEST,Campaign 1,1,0,NO,🔥 HOT / APPROACHING,YES,2026-08-27 15:20 UTC,QUESTION,4200.0,40%,1680.0,DELIVERED,CLEAN,2026-08-27 16:23:09 UTC,Auto-generated v2 enterprise lead. Category: event_venue. Rev Tier: $500k - $2.0M
LEAD-0379,Artisan Photography Collective,Sarah Johnson,https://instagram.com/artisanphotograp,NZ,Auckland,https://facebook.com/artisanphotograp,enquiries@artisanphotograpauckland.co.nz,+64 9 530 6180,VALID_MX,95,EMAIL_1_SENT,Campaign 1,1,0,YES,⏳ OUTREACH SENT / WAITING,NO,,NONE,500.0,15%,75.0,DELIVERED,CLEAN,2026-08-27 16:23:09 UTC,Auto-generated v2 enterprise lead. Category: photographer. Rev Tier: $150k - $400k
LEAD-0832,Harbour Dental Studio,Lily Rodriguez,https://instagram.com/harbourdentalstu,US,Chicago,https://facebook.com/harbourdentalstu,hello@harbourdentalstuchicago.com,+1 312 790 6752,VALID_MX,95,EMAIL_1_SENT,Campaign 1,1,0,YES,⏳ OUTREACH SENT / WAITING,NO,,NONE,500.0,15%,75.0,DELIVERED,CLEAN,2026-08-27 16:23:09 UTC,Auto-generated v2 enterprise lead. Category: dentist. Rev Tier: $400k - $1.2M
LEAD-0782,Integrity General Contracting,Noah Jones,https://instagram.com/integritygeneral,IE,Galway,https://facebook.com/integritygeneral,enquiries@integritygeneralgalway.ie,+353 91 985 4096,VALID_MX,95,EMAIL_1_SENT,Campaign 1,1,0,YES,⏳ OUTREACH SENT / WAITING,NO,,NONE,500.0,15%,75.0,DELIVERED,CLEAN,2026-08-27 16:23:09 UTC,Auto-generated v2 enterprise lead. Category: contractor. Rev Tier: $600k - $2.5M
LEAD-0808,Beacon Solicitors & Advocates,Marcus O'Sullivan,https://instagram.com/beaconsolicitors,GB,Edinburgh,http://www.beaconsolicitorsedinburgh.co.uk,hello@beaconsolicitorsedinburgh.co.uk,+44 131 440 9499,VALID_MX,95,EMAIL_1_SENT,Campaign 1,1,0,YES,⏳ OUTREACH SENT / WAITING,NO,,NONE,500.0,15%,75.0,DELIVERED,CLEAN,2026-08-27 16:23:09 UTC,Auto-generated v2 enterprise lead. Category: lawyer. Rev Tier: $600k - $2.5M
LEAD-0595,Harris's Electrician,Liam Harris,https://instagram.com/harrisselectrici,AU,Sydney,https://facebook.com/harrisselectrici,liam@harrisselectricisydney.com.au,+61 2 491 3147,VALID_MX,95,EMAIL_1_SENT,Campaign 1,1,0,YES,⏳ OUTREACH SENT / WAITING,NO,,NONE,500.0,15%,75.0,DELIVERED,CLEAN,2026-08-27 16:23:09 UTC,Auto-generated v2 enterprise lead. Category: electrician. Rev Tier: $300k - $800k
LEAD-0105,Harris's Accountant,Lily Harris,https://instagram.com/harrissaccountan,GB,Belfast,https://facebook.com/harrissaccountan,enquiries@harrissaccountanbelfast.co.uk,+44 28 661 5582,VALID_MX,95,EMAIL_1_SENT,Campaign 1,1,0,YES,⏳ OUTREACH SENT / WAITING,NO,,NONE,3200.0,15%,480.0,DELIVERED,CLEAN,2026-08-27 16:23:09 UTC,Auto-generated v2 enterprise lead. Category: accountant. Rev Tier: $400k - $1.2M
LEAD-0967,CrossPeak Training Facility,Mia O'Connor,None,GB,Manchester,https://facebook.com/crosspeaktrainin,hello@crosspeaktraininmanchester.co.uk,+44 161 577 1849,VALID_MX,95,EMAIL_1_SENT,Campaign 1,1,0,YES,⏳ OUTREACH SENT / WAITING,NO,,NONE,500.0,15%,75.0,DELIVERED,CLEAN,2026-08-27 16:23:09 UTC,Auto-generated v2 enterprise lead. Category: gym. Rev Tier: $350k - $900k
LEAD-0640,City Dental Orthodontics,Conor Dunne,None,IE,Dublin,https://facebook.com/citydentalorthod,contact@citydentalorthoddublin.ie,+353 1 875 5104,VALID_MX,95,EMAIL_1_SENT,Campaign 1,1,0,YES,⏳ OUTREACH SENT / WAITING,NO,,NONE,500.0,15%,75.0,DELIVERED,CLEAN,2026-08-27 16:23:09 UTC,Auto-generated v2 enterprise lead. Category: dentist. Rev Tier: $400k - $1.2M
LEAD-0988,Crystal Hall Banqueting Hall,Emily Doyle,https://instagram.com/crystalhallbanqu,GB,Edinburgh,http://www.crystalhallbanquedinburgh.co.uk,emily@crystalhallbanquedinburgh.co.uk,+44 131 496 5049,VALID_MX,95,EMAIL_1_SENT,Campaign 1,1,0,YES,⏳ OUTREACH SENT / WAITING,NO,,NONE,500.0,15%,75.0,DELIVERED,CLEAN,2026-08-27 16:23:09 UTC,Auto-generated v2 enterprise lead. Category: event_venue. Rev Tier: $500k - $2.0M
LEAD-0270,Pinnacle Home Builders,Noah Robinson,https://instagram.com/pinnaclehomebuil,US,New York,http://www.pinnaclehomebuilnewyork.com,noah@pinnaclehomebuilnewyork.com,+1 212 371 4012,VALID_MX,95,EMAIL_1_SENT,Campaign 1,1,0,YES,⏳ OUTREACH SENT / WAITING,NO,,NONE,500.0,15%,75.0,DELIVERED,CLEAN,2026-08-27 16:23:09 UTC,Auto-generated v2 enterprise lead. Category: contractor. Rev Tier: $600k - $2.5M
LEAD-0251,Iris & Co Wedding & Portrait Studio,Samuel McCarthy,https://instagram.com/iriscoweddingpor,US,Austin,http://www.iriscoweddingporaustin.com,samuel@iriscoweddingporaustin.com,+1 512 875 3135,VALID_MX,95,EMAIL_1_SENT,Campaign 1,1,0,YES,⏳ OUTREACH SENT / WAITING,NO,,NONE,500.0,15%,75.0,DELIVERED,CLEAN,2026-08-27 16:23:09 UTC,Auto-generated v2 enterprise lead. Category: photographer. Rev Tier: $150k - $400k
LEAD-0501,Daily Brew Cafe & Bakery,Jack Lee,https://instagram.com/dailybrewcafebak,IE,Cork,https://facebook.com/dailybrewcafebak,jack@dailybrewcafebakcork.ie,+353 21 235 6921,VALID_MX,95,EMAIL_1_SENT,Campaign 1,1,0,YES,⏳ OUTREACH SENT / WAITING,NO,,NONE,500.0,15%,75.0,DELIVERED,CLEAN,2026-08-27 16:23:09 UTC,Auto-generated v2 enterprise lead. Category: cafe. Rev Tier: $200k - $600k
LEAD-0086,Artisan Beauty & Hair Lounge,Fiona Garcia,https://instagram.com/artisanbeautyhai,GB,London,https://facebook.com/artisanbeautyhai,info@artisanbeautyhailondon.co.uk,+44 20 493 8740,VALID_MX,95,EMAIL_1_SENT,Campaign 1,1,0,YES,⏳ OUTREACH SENT / WAITING,NO,,NONE,2000.0,15%,300.0,DELIVERED,CLEAN,2026-08-27 16:23:09 UTC,Auto-generated v2 enterprise lead. Category: salon. Rev Tier: $200k - $500k
LEAD-0849,Rapid Plumbing Solutions,Daniel Garcia,https://instagram.com/rapidplumbingsol,GB,Birmingham,https://facebook.com/rapidplumbingsol,contact@rapidplumbingsolbirmingham.co.uk,+44 121 470 7944,VALID_MX,95,EMAIL_1_SENT,Campaign 1,1,0,YES,⏳ OUTREACH SENT / WAITING,NO,,NONE,500.0,15%,75.0,DELIVERED,CLEAN,2026-08-27 16:23:09 UTC,Auto-generated v2 enterprise lead. Category: plumber. Rev Tier: $250k - $750k
LEAD-0788,Olive & Oak Italian Restaurant,Mia Taylor,https://instagram.com/oliveoakitalianr,GB,Edinburgh,http://www.oliveoakitalianredinburgh.co.uk,hello@oliveoakitalianredinburgh.co.uk,+44 131 782 4188,VALID_MX,95,EMAIL_1_SENT,Campaign 1,1,0,YES,⏳ OUTREACH SENT / WAITING,NO,,NONE,500.0,15%,75.0,DELIVERED,CLEAN,2026-08-27 16:23:09 UTC,Auto-generated v2 enterprise lead. Category: restaurant. Rev Tier: $400k - $1.5M
LEAD-0746,Speedy Garage & Diagnostics,Lucas McCarthy,https://instagram.com/speedygaragediag,GB,London,https://facebook.com/speedygaragediag,hello@speedygaragediaglondon.co.uk,+44 20 461 6586,VALID_MX,95,EMAIL_1_SENT,Campaign 1,1,0,YES,⏳ OUTREACH SENT / WAITING,NO,,NONE,500.0,15%,75.0,DELIVERED,CLEAN,2026-08-27 16:23:09 UTC,Auto-generated v2 enterprise lead. Category: car_repair. Rev Tier: $350k - $850k
LEAD-0721,O'Connor's Plumber,Joseph O'Connor,https://instagram.com/oconnorsplumber,IE,Cork,https://facebook.com/oconnorsplumber,info@oconnorsplumbercork.ie,+353 21 937 8252,VALID_MX,95,EMAIL_1_SENT,Campaign 1,1,0,YES,⏳ OUTREACH SENT / WAITING,NO,,NONE,500.0,15%,75.0,DELIVERED,CLEAN,2026-08-27 16:23:09 UTC,Auto-generated v2 enterprise lead. Category: plumber. Rev Tier: $250k - $750k
LEAD-0720,Elite Dental Care,Ella O'Sullivan,https://instagram.com/elitedentalcare,IE,Dublin,https://facebook.com/elitedentalcare,enquiries@elitedentalcaredublin.ie,+353 1 252 6224,VALID_MX,95,EMAIL_1_SENT,Campaign 1,1,0,YES,⏳ OUTREACH SENT / WAITING,NO,,NONE,500.0,15%,75.0,DELIVERED,CLEAN,2026-08-27 16:23:09 UTC,Auto-generated v2 enterprise lead. Category: dentist. Rev Tier: $400k - $1.2M
LEAD-0707,Thompson's Electrician,Fiona Thompson,https://instagram.com/thompsonselectri,GB,Manchester,https://facebook.com/thompsonselectri,hello@thompsonselectrimanchester.co.uk,+44 161 613 9107,VALID_MX,95,EMAIL_1_SENT,Campaign 1,1,0,YES,⏳ OUTREACH SENT / WAITING,NO,,NONE,500.0,15%,75.0,DELIVERED,CLEAN,2026-08-27 16:23:09 UTC,Auto-generated v2 enterprise lead. Category: electrician. Rev Tier: $300k - $800k
LEAD-0704,City Dental Dental Studio,Michael Clark,https://instagram.com/citydentaldental,IE,Waterford,https://facebook.com/citydentaldental,info@citydentaldentalwaterford.ie,+353 51 876 2287,VALID_MX,95,EMAIL_1_SENT,Campaign 1,1,0,YES,⏳ OUTREACH SENT / WAITING,NO,,NONE,500.0,15%,75.0,DELIVERED,CLEAN,2026-08-27 16:23:09 UTC,Auto-generated v2 enterprise lead. Category: dentist. Rev Tier: $400k - $1.2M
LEAD-0687,Guardian Veterinary Services,Marcus Robinson,https://instagram.com/guardianveterina,GB,Manchester,https://facebook.com/guardianveterina,enquiries@guardianveterinamanchester.co.uk,+44 161 234 6281,VALID_MX,95,EMAIL_1_SENT,Campaign 1,1,0,YES,⏳ OUTREACH SENT / WAITING,NO,,NONE,500.0,15%,75.0,DELIVERED,CLEAN,2026-08-27 16:23:09 UTC,Auto-generated v2 enterprise lead. Category: veterinary. Rev Tier: $450k - $1.3M
LEAD-0680,Blackwood Solicitors & Advocates,Samuel Johnson,https://instagram.com/blackwoodsolicit,IE,Dublin,https://facebook.com/blackwoodsolicit,info@blackwoodsolicitdublin.ie,+353 1 827 3509,VALID_MX,95,EMAIL_1_SENT,Campaign 1,1,0,YES,⏳ OUTREACH SENT / WAITING,NO,,NONE,500.0,15%,75.0,DELIVERED,CLEAN,2026-08-27 16:23:09 UTC,Auto-generated v2 enterprise lead. Category: lawyer. Rev Tier: $600k - $2.5M
LEAD-0673,ProActive Emergency Plumbing,William Miller,None,US,Miami,https://facebook.com/proactiveemergen,enquiries@proactiveemergenmiami.com,+1 305 431 6651,VALID_MX,95,EMAIL_1_SENT,Campaign 1,1,0,YES,⏳ OUTREACH SENT / WAITING,NO,,NONE,500.0,15%,75.0,DELIVERED,CLEAN,2026-08-27 16:23:09 UTC,Auto-generated v2 enterprise lead. Category: plumber. Rev Tier: $250k - $750k
LEAD-0565,Roasted Specialty Coffee,Michael O'Neill,https://instagram.com/roastedspecialty,GB,Belfast,https://facebook.com/roastedspecialty,hello@roastedspecialtybelfast.co.uk,+44 28 811 1179,VALID_MX,95,EMAIL_1_SENT,Campaign 1,1,0,YES,⏳ OUTREACH SENT / WAITING,NO,,NONE,500.0,15%,75.0,DELIVERED,CLEAN,2026-08-27 16:23:09 UTC,Auto-generated v2 enterprise lead. Category: cafe. Rev Tier: $200k - $600k
LEAD-0543,Meadow Pet Care Center,Lily Brown,https://instagram.com/meadowpetcarecen,IE,Limerick,https://facebook.com/meadowpetcarecen,contact@meadowpetcarecenlimerick.ie,+353 61 960 9664,VALID_MX,95,EMAIL_1_SENT,Campaign 1,1,0,YES,⏳ OUTREACH SENT / WAITING,NO,,NONE,500.0,15%,75.0,DELIVERED,CLEAN,2026-08-27 16:23:09 UTC,Auto-generated v2 enterprise lead. Category: veterinary. Rev Tier: $450k - $1.3M
LEAD-0529,BlueLine Plumbing Services,Grace O'Sullivan,https://instagram.com/bluelineplumbing,GB,Birmingham,https://facebook.com/bluelineplumbing,contact@bluelineplumbingbirmingham.co.uk,+44 121 209 9414,VALID_MX,95,EMAIL_1_SENT,Campaign 1,1,0,YES,⏳ OUTREACH SENT / WAITING,NO,,NONE,500.0,15%,75.0,DELIVERED,CLEAN,2026-08-27 16:23:09 UTC,Auto-generated v2 enterprise lead. Category: plumber. Rev Tier: $250k - $750k
LEAD-0454,Elysian Hair Studio,Ethan Smith,https://instagram.com/elysianhairstudi,US,Seattle,http://www.elysianhairstudiseattle.com,hello@elysianhairstudiseattle.com,+1 206 942 5578,VALID_MX,95,EMAIL_1_SENT,Campaign 1,1,0,YES,⏳ OUTREACH SENT / WAITING,NO,,NONE,430.0,15%,64.5,DELIVERED,CLEAN,2026-08-27 16:23:09 UTC,Auto-generated v2 enterprise lead. Category: salon. Rev Tier: $200k - $500k
LEAD-0435,ProPower Electricians & Automation,Chloe Harris,https://instagram.com/propowerelectric,AU,Sydney,https://facebook.com/propowerelectric,info@propowerelectricsydney.com.au,+61 2 472 7101,VALID_MX,95,EMAIL_1_SENT,Campaign 1,1,0,YES,⏳ OUTREACH SENT / WAITING,NO,,NONE,500.0,15%,75.0,DELIVERED,CLEAN,2026-08-27 16:23:09 UTC,Auto-generated v2 enterprise lead. Category: electrician. Rev Tier: $300k - $800k
LEAD-0419,Apex Electrical Services,Joseph Brown,https://instagram.com/apexelectricalse,NZ,Auckland,https://facebook.com/apexelectricalse,contact@apexelectricalseauckland.co.nz,+64 9 530 1909,VALID_MX,95,EMAIL_1_SENT,Campaign 1,1,0,YES,⏳ OUTREACH SENT / WAITING,NO,,NONE,500.0,15%,75.0,DELIVERED,CLEAN,2026-08-27 16:23:09 UTC,Auto-generated v2 enterprise lead. Category: electrician. Rev Tier: $300k - $800k
LEAD-0408,Apex Law Chambers,David Miller,https://instagram.com/apexlawchambers,GB,Edinburgh,https://facebook.com/apexlawchambers,enquiries@apexlawchambersedinburgh.co.uk,+44 131 902 7722,VALID_MX,95,EMAIL_1_SENT,Campaign 1,1,0,YES,⏳ OUTREACH SENT / WAITING,NO,,NONE,500.0,15%,75.0,DELIVERED,CLEAN,2026-08-27 16:23:09 UTC,Auto-generated v2 enterprise lead. Category: lawyer. Rev Tier: $600k - $2.5M
LEAD-0371,Garcia's Electrician,Thomas Garcia,https://instagram.com/garciaselectrici,US,Austin,https://facebook.com/garciaselectrici,contact@garciaselectriciaustin.com,+1 512 972 3409,VALID_MX,95,EMAIL_1_SENT,Campaign 1,1,0,YES,⏳ OUTREACH SENT / WAITING,NO,,NONE,500.0,15%,75.0,DELIVERED,CLEAN,2026-08-27 16:23:09 UTC,Auto-generated v2 enterprise lead. Category: electrician. Rev Tier: $300k - $800k
LEAD-0277,Maple & Co Cafe & Bakery,James O'Connor,https://instagram.com/maplecocafebaker,CA,Toronto,https://facebook.com/maplecocafebaker,contact@maplecocafebakertoronto.ca,+1 416 630 6104,VALID_MX,95,EMAIL_1_SENT,Campaign 1,1,0,YES,⏳ OUTREACH SENT / WAITING,NO,,NONE,500.0,15%,75.0,DELIVERED,CLEAN,2026-08-27 16:23:09 UTC,Auto-generated v2 enterprise lead. Category: cafe. Rev Tier: $200k - $600k
LEAD-0211,Lumina Power Solutions,Ryan Wilson,https://instagram.com/luminapowersolut,US,Austin,https://facebook.com/luminapowersolut,info@luminapowersolutaustin.com,+1 512 433 4675,VALID_MX,95,EMAIL_1_SENT,Campaign 1,1,0,YES,⏳ OUTREACH SENT / WAITING,NO,,NONE,500.0,15%,75.0,DELIVERED,CLEAN,2026-08-27 16:23:09 UTC,Auto-generated v2 enterprise lead. Category: electrician. Rev Tier: $300k - $800k
LEAD-0166,Chic Studio Hair Studio,Ruby Jones,https://instagram.com/chicstudiohairst,GB,London,http://www.chicstudiohairstlondon.co.uk,contact@chicstudiohairstlondon.co.uk,+44 20 280 9377,VALID_MX,95,EMAIL_1_SENT,Campaign 1,1,0,YES,⏳ OUTREACH SENT / WAITING,NO,,NONE,430.0,15%,64.5,DELIVERED,CLEAN,2026-08-27 16:23:09 UTC,Auto-generated v2 enterprise lead. Category: salon. Rev Tier: $200k - $500k
LEAD-0101,The Beanery Artisan Roasters,Liam Doyle,https://instagram.com/thebeaneryartisa,IE,Cork,https://facebook.com/thebeaneryartisa,contact@thebeaneryartisacork.ie,+353 21 694 5012,VALID_MX,95,EMAIL_1_SENT,Campaign 1,1,0,YES,⏳ OUTREACH SENT / WAITING,NO,,NONE,1800.0,15%,270.0,DELIVERED,CLEAN,2026-08-27 16:23:09 UTC,Auto-generated v2 enterprise lead. Category: cafe. Rev Tier: $200k - $600k
LEAD-0053,Maple & Co Artisan Roasters,James Walsh,None,US,Miami,https://facebook.com/maplecoartisanro,contact@maplecoartisanromiami.com,+1 305 838 7512,VALID_MX,95,FOLLOWUP_1_SENT,Campaign 1,2,1,YES,⏳ OUTREACH SENT / WAITING,NO,,NONE,1800.0,20%,360.0,DELIVERED,CLEAN,2026-08-27 16:23:09 UTC,Auto-generated v2 enterprise lead. Category: cafe. Rev Tier: $200k - $600k
LEAD-0042,Kennedy's Car Repair,James Kennedy,https://instagram.com/kennedyscarrepai,IE,Galway,https://facebook.com/kennedyscarrepai,hello@kennedyscarrepaigalway.ie,+353 91 321 7818,VALID_MX,95,FOLLOWUP_1_SENT,Campaign 1,2,1,YES,⏳ OUTREACH SENT / WAITING,NO,,NONE,2400.0,20%,480.0,DELIVERED,CLEAN,2026-08-27 16:23:09 UTC,Auto-generated v2 enterprise lead. Category: car_repair. Rev Tier: $350k - $850k
LEAD-0008,Vanguard Legal Associates,Hannah McCarthy,https://instagram.com/vanguardlegalass,GB,Edinburgh,https://facebook.com/vanguardlegalass,contact@vanguardlegalassedinburgh.co.uk,+44 131 854 9317,VALID_MX,95,PRICING_REQUEST,Campaign 1,1,0,NO,🔥 HOT / APPROACHING,YES,2026-08-27 15:18 UTC,QUESTION,4500.0,40%,1800.0,DELIVERED,CLEAN,2026-08-27 16:23:09 UTC,Auto-generated v2 enterprise lead. Category: lawyer. Rev Tier: $600k - $2.5M
LEAD-0001,EcoPlumb Plumbing Services,David Murphy,None,IE,Cork,https://facebook.com/ecoplumbplumbing,hello@ecoplumbplumbingcork.ie,+353 21 342 2679,VALID_MX,95,CLOSED_WON,Campaign 1,1,0,NO,🏆 CONVERTED,YES,2026-08-27 15:21 UTC,WON,2200.0,100%,2200.0,DELIVERED,CLEAN,2026-08-27 16:23:09 UTC,Auto-generated v2 enterprise lead. Category: plumber. Rev Tier: $250k - $750k
LEAD-0140,Clark's Event Venue,Benjamin Clark,https://instagram.com/clarkseventvenue,IE,Dublin,https://facebook.com/clarkseventvenue,enquiries@clarkseventvenuedublin.ie,+353 1 733 3778,VALID_MX,95,EMAIL_1_SENT,Campaign 1,1,0,YES,⏳ OUTREACH SENT / WAITING,NO,,NONE,4200.0,15%,630.0,DELIVERED,CLEAN,2026-08-27 16:23:09 UTC,Auto-generated v2 enterprise lead. Category: event_venue. Rev Tier: $500k - $2.0M
LEAD-0692,Bella Grill & Tavern,Fiona Clark,https://instagram.com/bellagrilltavern,US,Chicago,http://www.bellagrilltavernchicago.com,hello@bellagrilltavernchicago.com,+1 312 609 6359,VALID_MX,95,EMAIL_1_SENT,Campaign 1,1,0,YES,⏳ OUTREACH SENT / WAITING,NO,,NONE,500.0,15%,75.0,DELIVERED,CLEAN,2026-08-27 16:23:09 UTC,Auto-generated v2 enterprise lead. Category: restaurant. Rev Tier: $400k - $1.5M
LEAD-0539,Lee's Photographer,Sean Lee,https://instagram.com/leesphotographer,NZ,Auckland,https://facebook.com/leesphotographer,contact@leesphotographerauckland.co.nz,+64 9 697 2353,VALID_MX,95,EMAIL_1_SENT,Campaign 1,1,0,YES,⏳ OUTREACH SENT / WAITING,NO,,NONE,500.0,15%,75.0,DELIVERED,CLEAN,2026-08-27 16:23:09 UTC,Auto-generated v2 enterprise lead. Category: photographer. Rev Tier: $150k - $400k
LEAD-0538,ProDrive Auto Care Center,Emma Thompson,https://instagram.com/prodriveautocare,CA,Vancouver,https://facebook.com/prodriveautocare,hello@prodriveautocarevancouver.ca,+1 604 312 2767,VALID_MX,95,EMAIL_1_SENT,Campaign 1,1,0,YES,⏳ OUTREACH SENT / WAITING,NO,,NONE,714.0,15%,107.1,DELIVERED,CLEAN,2026-08-27 16:23:09 UTC,Auto-generated v2 enterprise lead. Category: car_repair. Rev Tier: $350k - $850k
LEAD-0421,Steam & Sugar Coffee House,Jack O'Sullivan,None,IE,Cork,https://facebook.com/steamsugarcoffee,enquiries@steamsugarcoffeecork.ie,+353 21 633 2478,VALID_MX,95,EMAIL_1_SENT,Campaign 1,1,0,YES,⏳ OUTREACH SENT / WAITING,NO,,NONE,500.0,15%,75.0,DELIVERED,CLEAN,2026-08-27 16:23:09 UTC,Auto-generated v2 enterprise lead. Category: cafe. Rev Tier: $200k - $600k
LEAD-0949,Corner Perk Specialty Coffee,Jack Martinez,https://instagram.com/cornerperkspecia,GB,Birmingham,https://facebook.com/cornerperkspecia,hello@cornerperkspeciabirmingham.co.uk,+44 121 215 8895,VALID_MX,95,EMAIL_1_SENT,Campaign 1,1,0,YES,⏳ OUTREACH SENT / WAITING,NO,,NONE,500.0,15%,75.0,DELIVERED,CLEAN,2026-08-27 16:23:09 UTC,Auto-generated v2 enterprise lead. Category: cafe. Rev Tier: $200k - $600k
LEAD-0259,Harris's Electrician,Thomas Harris,https://instagram.com/harrisselectrici,NZ,Auckland,https://facebook.com/harrisselectrici,enquiries@harrisselectriciauckland.co.nz,+64 9 463 9813,VALID_MX,95,EMAIL_1_SENT,Campaign 1,1,0,YES,⏳ OUTREACH SENT / WAITING,NO,,NONE,500.0,15%,75.0,DELIVERED,CLEAN,2026-08-27 16:23:09 UTC,Auto-generated v2 enterprise lead. Category: electrician. Rev Tier: $300k - $800k
LEAD-0184,Blackwood Law Chambers,Marcus Byrne,None,IE,Waterford,https://facebook.com/blackwoodlawcham,enquiries@blackwoodlawchamwaterford.ie,+353 51 921 3320,VALID_MX,95,EMAIL_1_SENT,Campaign 1,1,0,YES,⏳ OUTREACH SENT / WAITING,NO,,NONE,500.0,15%,75.0,DELIVERED,CLEAN,2026-08-27 16:23:09 UTC,Auto-generated v2 enterprise lead. Category: lawyer. Rev Tier: $600k - $2.5M
LEAD-0655,PureCare Veterinary Services,David Williams,https://instagram.com/purecareveterina,AU,Sydney,http://www.purecareveterinasydney.com.au,david@purecareveterinasydney.com.au,+61 2 469 2423,VALID_MX,95,EMAIL_1_SENT,Campaign 1,1,0,YES,⏳ OUTREACH SENT / WAITING,NO,,NONE,500.0,15%,75.0,DELIVERED,CLEAN,2026-08-27 16:23:09 UTC,Auto-generated v2 enterprise lead. Category: veterinary. Rev Tier: $450k - $1.3M
LEAD-0532,Williams's Restaurant,Samuel Williams,https://instagram.com/williamssrestaur,US,Chicago,https://facebook.com/williamssrestaur,enquiries@williamssrestaurchicago.com,+1 312 394 1119,VALID_MX,95,EMAIL_1_SENT,Campaign 1,1,0,YES,⏳ OUTREACH SENT / WAITING,NO,,NONE,500.0,15%,75.0,DELIVERED,CLEAN,2026-08-27 16:23:09 UTC,Auto-generated v2 enterprise lead. Category: restaurant. Rev Tier: $400k - $1.5M
LEAD-0406,Walker's Salon,Michael Walker,None,GB,London,https://facebook.com/walkerssalon,info@walkerssalonlondon.co.uk,+44 20 480 2312,VALID_MX,95,EMAIL_1_SENT,Campaign 1,1,0,YES,⏳ OUTREACH SENT / WAITING,NO,,NONE,500.0,15%,75.0,DELIVERED,CLEAN,2026-08-27 16:23:09 UTC,Auto-generated v2 enterprise lead. Category: salon. Rev Tier: $200k - $500k
LEAD-0405,The Beanery Cafe & Bakery,Elena Williams,https://instagram.com/thebeanerycafeba,GB,Belfast,http://www.thebeanerycafebabelfast.co.uk,elena@thebeanerycafebabelfast.co.uk,+44 28 597 1128,VALID_MX,95,EMAIL_1_SENT,Campaign 1,1,0,YES,⏳ OUTREACH SENT / WAITING,NO,,NONE,500.0,15%,75.0,DELIVERED,CLEAN,2026-08-27 16:23:09 UTC,Auto-generated v2 enterprise lead. Category: cafe. Rev Tier: $200k - $600k
LEAD-0373,Corner Perk Cafe & Bakery,Patrick McCarthy,https://instagram.com/cornerperkcafeba,US,Miami,http://www.cornerperkcafebamiami.com,patrick@cornerperkcafebamiami.com,+1 305 525 9381,VALID_MX,95,EMAIL_1_SENT,Campaign 1,1,0,YES,⏳ OUTREACH SENT / WAITING,NO,,NONE,500.0,15%,75.0,DELIVERED,CLEAN,2026-08-27 16:23:09 UTC,Auto-generated v2 enterprise lead. Category: cafe. Rev Tier: $200k - $600k
LEAD-0191,Compassion Pet Care Center,Patrick O'Sullivan,https://instagram.com/compassionpetcar,US,Austin,http://www.compassionpetcaraustin.com,patrick@compassionpetcaraustin.com,+1 512 682 9013,VALID_MX,95,EMAIL_1_SENT,Campaign 1,1,0,YES,⏳ OUTREACH SENT / WAITING,NO,,NONE,500.0,15%,75.0,DELIVERED,CLEAN,2026-08-27 16:23:09 UTC,Auto-generated v2 enterprise lead. Category: veterinary. Rev Tier: $450k - $1.3M
LEAD-0126,Lynch's Contractor,Ava Lynch,https://instagram.com/lynchscontractor,GB,London,https://facebook.com/lynchscontractor,contact@lynchscontractorlondon.co.uk,+44 20 858 7244,VALID_MX,95,EMAIL_1_SENT,Campaign 1,1,0,YES,⏳ OUTREACH SENT / WAITING,NO,,NONE,4000.0,15%,600.0,DELIVERED,CLEAN,2026-08-27 16:23:09 UTC,Auto-generated v2 enterprise lead. Category: contractor. Rev Tier: $600k - $2.5M
LEAD-0779,Aperture Photography Collective,Benjamin Clark,https://instagram.com/aperturephotogra,NZ,Auckland,https://facebook.com/aperturephotogra,benjamin@aperturephotograauckland.co.nz,+64 9 459 1170,VALID_MX,95,EMAIL_1_SENT,Campaign 1,1,0,YES,⏳ OUTREACH SENT / WAITING,NO,,NONE,500.0,15%,75.0,DELIVERED,CLEAN,2026-08-27 16:23:09 UTC,Auto-generated v2 enterprise lead. Category: photographer. Rev Tier: $150k - $400k
LEAD-0714,Garcia's Car Repair,Noah Garcia,https://instagram.com/garciascarrepair,US,Seattle,https://facebook.com/garciascarrepair,enquiries@garciascarrepairseattle.com,+1 206 481 1585,VALID_MX,95,EMAIL_1_SENT,Campaign 1,1,0,YES,⏳ OUTREACH SENT / WAITING,NO,,NONE,500.0,15%,75.0,DELIVERED,CLEAN,2026-08-27 16:23:09 UTC,Auto-generated v2 enterprise lead. Category: car_repair. Rev Tier: $350k - $850k
LEAD-0887,Evolution CrossFit & Athletics,Ella Anderson,https://instagram.com/evolutioncrossfi,GB,Manchester,https://facebook.com/evolutioncrossfi,contact@evolutioncrossfimanchester.co.uk,+44 161 867 1634,VALID_MX,95,EMAIL_1_SENT,Campaign 1,1,0,YES,⏳ OUTREACH SENT / WAITING,NO,,NONE,500.0,15%,75.0,DELIVERED,CLEAN,2026-08-27 16:23:09 UTC,Auto-generated v2 enterprise lead. Category: gym. Rev Tier: $350k - $900k
LEAD-0401,QuickFlow Emergency Plumbing,Lucas Brown,https://instagram.com/quickflowemergen,IE,Cork,https://facebook.com/quickflowemergen,contact@quickflowemergencork.ie,+353 21 874 3883,VALID_MX,95,EMAIL_1_SENT,Campaign 1,1,0,YES,⏳ OUTREACH SENT / WAITING,NO,,NONE,500.0,15%,75.0,DELIVERED,CLEAN,2026-08-27 16:23:09 UTC,Auto-generated v2 enterprise lead. Category: plumber. Rev Tier: $250k - $750k
LEAD-0060,The Barn Venue & Retreat,Samuel Williams,None,IE,Dublin,https://facebook.com/thebarnvenueretr,contact@thebarnvenueretrdublin.ie,+353 1 798 7242,VALID_MX,95,EMAIL_1_SENT,Campaign 1,1,0,YES,⏳ OUTREACH SENT / WAITING,NO,,NONE,4200.0,15%,630.0,DELIVERED,CLEAN,2026-08-27 16:23:09 UTC,Auto-generated v2 enterprise lead. Category: event_venue. Rev Tier: $500k - $2.0M
LEAD-0504,Harris's Lawyer,Benjamin Harris,https://instagram.com/harrisslawyer,IE,Waterford,https://facebook.com/harrisslawyer,hello@harrisslawyerwaterford.ie,+353 51 583 4053,VALID_MX,95,EMAIL_1_SENT,Campaign 1,1,0,YES,⏳ OUTREACH SENT / WAITING,NO,,NONE,500.0,15%,75.0,DELIVERED,CLEAN,2026-08-27 16:23:09 UTC,Auto-generated v2 enterprise lead. Category: lawyer. Rev Tier: $600k - $2.5M
LEAD-0481,Titan Plumbing & Heating,Ethan Smith,https://instagram.com/titanplumbinghea,IE,Cork,https://facebook.com/titanplumbinghea,enquiries@titanplumbingheacork.ie,+353 21 381 1525,VALID_MX,95,EMAIL_1_SENT,Campaign 1,1,0,YES,⏳ OUTREACH SENT / WAITING,NO,,NONE,500.0,15%,75.0,DELIVERED,CLEAN,2026-08-27 16:23:09 UTC,Auto-generated v2 enterprise lead. Category: plumber. Rev Tier: $250k - $750k
LEAD-0398,EverBuilt Construction & Design,Daniel Lewis,https://instagram.com/everbuiltconstru,CA,Vancouver,https://facebook.com/everbuiltconstru,enquiries@everbuiltconstruvancouver.ca,+1 604 727 8425,VALID_MX,95,EMAIL_1_SENT,Campaign 1,1,0,YES,⏳ OUTREACH SENT / WAITING,NO,,NONE,500.0,15%,75.0,DELIVERED,CLEAN,2026-08-27 16:23:09 UTC,Auto-generated v2 enterprise lead. Category: contractor. Rev Tier: $600k - $2.5M
LEAD-0104,Beacon Attorneys at Law,Olivia Doyle,https://instagram.com/beaconattorneysa,IE,Waterford,https://facebook.com/beaconattorneysa,contact@beaconattorneysawaterford.ie,+353 51 749 1133,VALID_MX,95,EMAIL_1_SENT,Campaign 1,1,0,YES,⏳ OUTREACH SENT / WAITING,NO,,NONE,4500.0,15%,675.0,DELIVERED,CLEAN,2026-08-27 16:23:09 UTC,Auto-generated v2 enterprise lead. Category: lawyer. Rev Tier: $600k - $2.5M
LEAD-0974,SolidRock General Contracting,Benjamin O'Sullivan,https://instagram.com/solidrockgeneral,US,Seattle,http://www.solidrockgeneralseattle.com,hello@solidrockgeneralseattle.com,+1 206 636 8329,VALID_MX,95,EMAIL_1_SENT,Campaign 1,1,0,YES,⏳ OUTREACH SENT / WAITING,NO,,NONE,500.0,15%,75.0,DELIVERED,CLEAN,2026-08-27 16:23:09 UTC,Auto-generated v2 enterprise lead. Category: contractor. Rev Tier: $600k - $2.5M
LEAD-0910,O'Sullivan's Contractor,Jack O'Sullivan,https://instagram.com/osullivanscontra,US,New York,http://www.osullivanscontranewyork.com,hello@osullivanscontranewyork.com,+1 212 532 1750,VALID_MX,95,EMAIL_1_SENT,Campaign 1,1,0,YES,⏳ OUTREACH SENT / WAITING,NO,,NONE,500.0,15%,75.0,DELIVERED,CLEAN,2026-08-27 16:23:09 UTC,Auto-generated v2 enterprise lead. Category: contractor. Rev Tier: $600k - $2.5M
LEAD-0795,Golden Hour Photography Collective,Elena Walsh,https://instagram.com/goldenhourphotog,AU,Sydney,http://www.goldenhourphotogsydney.com.au,enquiries@goldenhourphotogsydney.com.au,+61 2 507 7449,VALID_MX,95,EMAIL_1_SENT,Campaign 1,1,0,YES,⏳ OUTREACH SENT / WAITING,NO,,NONE,500.0,15%,75.0,DELIVERED,CLEAN,2026-08-27 16:23:09 UTC,Auto-generated v2 enterprise lead. Category: photographer. Rev Tier: $150k - $400k
LEAD-0681,Prime Accounting & Advisory,Samuel White,https://instagram.com/primeaccountinga,IE,Cork,http://www.primeaccountingacork.ie,contact@primeaccountingacork.ie,+353 21 888 6185,VALID_MX,95,EMAIL_1_SENT,Campaign 1,1,0,YES,⏳ OUTREACH SENT / WAITING,NO,,NONE,500.0,15%,75.0,DELIVERED,CLEAN,2026-08-27 16:23:09 UTC,Auto-generated v2 enterprise lead. Category: accountant. Rev Tier: $400k - $1.2M
LEAD-0647,Pulse CrossFit & Athletics,Benjamin Robinson,https://instagram.com/pulsecrossfitath,GB,Manchester,http://www.pulsecrossfitathmanchester.co.uk,enquiries@pulsecrossfitathmanchester.co.uk,+44 161 717 2252,VALID_MX,95,EMAIL_1_SENT,Campaign 1,1,0,YES,⏳ OUTREACH SENT / WAITING,NO,,NONE,425.0,15%,63.75,DELIVERED,CLEAN,2026-08-27 16:23:09 UTC,Auto-generated v2 enterprise lead. Category: gym. Rev Tier: $350k - $900k
LEAD-0638,Pinnacle Building & Renovations,Chloe Jackson,https://instagram.com/pinnaclebuilding,CA,Vancouver,http://www.pinnaclebuildingvancouver.ca,info@pinnaclebuildingvancouver.ca,+1 604 549 8111,VALID_MX,95,EMAIL_1_SENT,Campaign 1,1,0,YES,⏳ OUTREACH SENT / WAITING,NO,,NONE,500.0,15%,75.0,DELIVERED,CLEAN,2026-08-27 16:23:09 UTC,Auto-generated v2 enterprise lead. Category: contractor. Rev Tier: $600k - $2.5M
LEAD-0619,Vivid Lens Visual Media Studio,Matthew Davis,https://instagram.com/vividlensvisualm,NZ,Auckland,http://www.vividlensvisualmauckland.co.nz,enquiries@vividlensvisualmauckland.co.nz,+64 9 897 8194,VALID_MX,95,EMAIL_1_SENT,Campaign 1,1,0,YES,⏳ OUTREACH SENT / WAITING,NO,,NONE,500.0,15%,75.0,DELIVERED,CLEAN,2026-08-27 16:23:09 UTC,Auto-generated v2 enterprise lead. Category: photographer. Rev Tier: $150k - $400k
LEAD-0585,Ledger & Co Accounting & Advisory,Sean Quinn,https://instagram.com/ledgercoaccounti,GB,Belfast,http://www.ledgercoaccountibelfast.co.uk,enquiries@ledgercoaccountibelfast.co.uk,+44 28 924 9907,VALID_MX,95,EMAIL_1_SENT,Campaign 1,1,0,YES,⏳ OUTREACH SENT / WAITING,NO,,NONE,500.0,15%,75.0,DELIVERED,CLEAN,2026-08-27 16:23:09 UTC,Auto-generated v2 enterprise lead. Category: accountant. Rev Tier: $400k - $1.2M
LEAD-0562,IronClad Roofing Contractors,Noah O'Connor,https://instagram.com/ironcladroofingc,IE,Galway,https://facebook.com/ironcladroofingc,hello@ironcladroofingcgalway.ie,+353 91 261 1526,VALID_MX,95,EMAIL_1_SENT,Campaign 1,1,0,YES,⏳ OUTREACH SENT / WAITING,NO,,NONE,500.0,15%,75.0,DELIVERED,CLEAN,2026-08-27 16:23:09 UTC,Auto-generated v2 enterprise lead. Category: roofing. Rev Tier: $500k - $1.5M
LEAD-0478,Apex Home Builders,Sophie Anderson,https://instagram.com/apexhomebuilders,CA,Vancouver,https://facebook.com/apexhomebuilders,hello@apexhomebuildersvancouver.ca,+1 604 728 8679,VALID_MX,95,EMAIL_1_SENT,Campaign 1,1,0,YES,⏳ OUTREACH SENT / WAITING,NO,,NONE,500.0,15%,75.0,DELIVERED,CLEAN,2026-08-27 16:23:09 UTC,Auto-generated v2 enterprise lead. Category: contractor. Rev Tier: $600k - $2.5M
LEAD-0438,Pure Bliss Beauty & Hair Lounge,James Rodriguez,None,CA,Vancouver,https://facebook.com/pureblissbeautyh,enquiries@pureblissbeautyhvancouver.ca,+1 604 839 8244,VALID_MX,95,EMAIL_1_SENT,Campaign 1,1,0,YES,⏳ OUTREACH SENT / WAITING,NO,,NONE,500.0,15%,75.0,DELIVERED,CLEAN,2026-08-27 16:23:09 UTC,Auto-generated v2 enterprise lead. Category: salon. Rev Tier: $200k - $500k
LEAD-0417,EcoPlumb Plumbing Services,Michael McCarthy,https://instagram.com/ecoplumbplumbing,CA,Toronto,https://facebook.com/ecoplumbplumbing,enquiries@ecoplumbplumbingtoronto.ca,+1 416 204 9618,VALID_MX,95,EMAIL_1_SENT,Campaign 1,1,0,YES,⏳ OUTREACH SENT / WAITING,NO,,NONE,500.0,15%,75.0,DELIVERED,CLEAN,2026-08-27 16:23:09 UTC,Auto-generated v2 enterprise lead. Category: plumber. Rev Tier: $250k - $750k
LEAD-0329,Thompson's Accountant,Jack Thompson,https://instagram.com/thompsonsaccount,GB,Birmingham,http://www.thompsonsaccountbirmingham.co.uk,info@thompsonsaccountbirmingham.co.uk,+44 121 422 3276,VALID_MX,95,EMAIL_1_SENT,Campaign 1,1,0,YES,⏳ OUTREACH SENT / WAITING,NO,,NONE,500.0,15%,75.0,DELIVERED,CLEAN,2026-08-27 16:23:09 UTC,Auto-generated v2 enterprise lead. Category: accountant. Rev Tier: $400k - $1.2M
LEAD-0300,Elysian Venue & Retreat,Jack Murphy,https://instagram.com/elysianvenueretr,IE,Dublin,http://www.elysianvenueretrdublin.ie,hello@elysianvenueretrdublin.ie,+353 1 355 6599,VALID_MX,95,EMAIL_1_SENT,Campaign 1,1,0,YES,⏳ OUTREACH SENT / WAITING,NO,,NONE,500.0,15%,75.0,DELIVERED,CLEAN,2026-08-27 16:23:09 UTC,Auto-generated v2 enterprise lead. Category: event_venue. Rev Tier: $500k - $2.0M
LEAD-0274,TrueGuard Roof Repairs & Cladding,Sean Doyle,https://instagram.com/trueguardroofrep,US,Seattle,https://facebook.com/trueguardroofrep,info@trueguardroofrepseattle.com,+1 206 984 8052,VALID_MX,95,EMAIL_1_SENT,Campaign 1,1,0,YES,⏳ OUTREACH SENT / WAITING,NO,,NONE,500.0,15%,75.0,DELIVERED,CLEAN,2026-08-27 16:23:09 UTC,Auto-generated v2 enterprise lead. Category: roofing. Rev Tier: $500k - $1.5M
LEAD-0242,TrueGuard Roofing Contractors,Ryan Martin,None,IE,Galway,https://facebook.com/trueguardroofing,hello@trueguardroofinggalway.ie,+353 91 861 2343,VALID_MX,95,EMAIL_1_SENT,Campaign 1,1,0,YES,⏳ OUTREACH SENT / WAITING,NO,,NONE,500.0,15%,75.0,DELIVERED,CLEAN,2026-08-27 16:23:09 UTC,Auto-generated v2 enterprise lead. Category: roofing. Rev Tier: $500k - $1.5M
LEAD-0167,CrossPeak Training Facility,Ciara Martin,https://instagram.com/crosspeaktrainin,GB,Manchester,http://www.crosspeaktraininmanchester.co.uk,info@crosspeaktraininmanchester.co.uk,+44 161 450 2412,VALID_MX,95,EMAIL_1_SENT,Campaign 1,1,0,YES,⏳ OUTREACH SENT / WAITING,NO,,NONE,500.0,15%,75.0,DELIVERED,CLEAN,2026-08-27 16:23:09 UTC,Auto-generated v2 enterprise lead. Category: gym. Rev Tier: $350k - $900k
LEAD-0084,Miller's Restaurant,Benjamin Miller,None,IE,Waterford,https://facebook.com/millersrestauran,hello@millersrestauranwaterford.ie,+353 51 456 1854,VALID_MX,95,EMAIL_1_SENT,Campaign 1,1,0,YES,⏳ OUTREACH SENT / WAITING,NO,,NONE,2800.0,15%,420.0,DELIVERED,CLEAN,2026-08-27 16:23:09 UTC,Auto-generated v2 enterprise lead. Category: restaurant. Rev Tier: $400k - $1.5M
LEAD-0002,Crown Roofing Solutions,Samuel Lewis,https://instagram.com/crownroofingsolu,IE,Galway,https://facebook.com/crownroofingsolu,enquiries@crownroofingsolugalway.ie,+353 91 484 1106,VALID_MX,95,PRICING_REQUEST,Campaign 1,1,0,NO,🔥 HOT / APPROACHING,YES,2026-08-27 15:17 UTC,QUESTION,3800.0,40%,1520.0,DELIVERED,CLEAN,2026-08-27 16:23:09 UTC,Auto-generated v2 enterprise lead. Category: roofing. Rev Tier: $500k - $1.5M
LEAD-0856,Apex Law Chambers,Jack Walker,https://instagram.com/apexlawchambers,AU,Melbourne,https://facebook.com/apexlawchambers,info@apexlawchambersmelbourne.com.au,+61 3 283 7693,VALID_MX,95,EMAIL_1_SENT,Campaign 1,1,0,YES,⏳ OUTREACH SENT / WAITING,NO,,NONE,500.0,15%,75.0,DELIVERED,CLEAN,2026-08-27 16:23:09 UTC,Auto-generated v2 enterprise lead. Category: lawyer. Rev Tier: $600k - $2.5M
LEAD-0934,Mane & Co Beauty & Hair Lounge,Emma Rodriguez,None,US,Seattle,https://facebook.com/manecobeautyhair,info@manecobeautyhairseattle.com,+1 206 616 1569,VALID_MX,95,EMAIL_1_SENT,Campaign 1,1,0,YES,⏳ OUTREACH SENT / WAITING,NO,,NONE,500.0,15%,75.0,DELIVERED,CLEAN,2026-08-27 16:23:09 UTC,Auto-generated v2 enterprise lead. Category: salon. Rev Tier: $200k - $500k
LEAD-0923,Aperture Visual Media Studio,Thomas Harris,https://instagram.com/aperturevisualme,IE,Limerick,https://facebook.com/aperturevisualme,hello@aperturevisualmelimerick.ie,+353 61 287 9941,VALID_MX,95,EMAIL_1_SENT,Campaign 1,1,0,YES,⏳ OUTREACH SENT / WAITING,NO,,NONE,500.0,15%,75.0,DELIVERED,CLEAN,2026-08-27 16:23:09 UTC,Auto-generated v2 enterprise lead. Category: photographer. Rev Tier: $150k - $400k
LEAD-0684,Crystal Hall Banqueting Hall,Alexander Martin,https://instagram.com/crystalhallbanqu,IE,Waterford,https://facebook.com/crystalhallbanqu,contact@crystalhallbanquwaterford.ie,+353 51 254 7214,VALID_MX,95,EMAIL_1_SENT,Campaign 1,1,0,YES,⏳ OUTREACH SENT / WAITING,NO,,NONE,500.0,15%,75.0,DELIVERED,CLEAN,2026-08-27 16:23:09 UTC,Auto-generated v2 enterprise lead. Category: event_venue. Rev Tier: $500k - $2.0M
LEAD-0553,O'Connor's Accountant,William O'Connor,https://instagram.com/oconnorsaccounta,US,Miami,http://www.oconnorsaccountamiami.com,enquiries@oconnorsaccountamiami.com,+1 305 953 6544,VALID_MX,95,EMAIL_1_SENT,Campaign 1,1,0,YES,⏳ OUTREACH SENT / WAITING,NO,,NONE,500.0,15%,75.0,DELIVERED,CLEAN,2026-08-27 16:23:09 UTC,Auto-generated v2 enterprise lead. Category: accountant. Rev Tier: $400k - $1.2M
LEAD-0471,Prime Health & Performance,Elena Miller,https://instagram.com/primehealthperfo,US,Austin,http://www.primehealthperfoaustin.com,info@primehealthperfoaustin.com,+1 512 321 3366,VALID_MX,95,EMAIL_1_SENT,Campaign 1,1,0,YES,⏳ OUTREACH SENT / WAITING,NO,,NONE,500.0,15%,75.0,DELIVERED,CLEAN,2026-08-27 16:23:09 UTC,Auto-generated v2 enterprise lead. Category: gym. Rev Tier: $350k - $900k
LEAD-0253,Sweet Hearth Bakery & Patisserie,Joseph Gallagher,https://instagram.com/sweethearthbaker,US,Miami,https://facebook.com/sweethearthbaker,joseph@sweethearthbakermiami.com,+1 305 870 4365,VALID_MX,95,EMAIL_1_SENT,Campaign 1,1,0,YES,⏳ OUTREACH SENT / WAITING,NO,,NONE,500.0,15%,75.0,DELIVERED,CLEAN,2026-08-27 16:23:09 UTC,Auto-generated v2 enterprise lead. Category: bakery. Rev Tier: $200k - $550k
LEAD-0690,Pinnacle Roofing Contractors,Emma Brown,https://instagram.com/pinnacleroofingc,US,New York,https://facebook.com/pinnacleroofingc,info@pinnacleroofingcnewyork.com,+1 212 516 3317,VALID_MX,95,EMAIL_1_SENT,Campaign 1,1,0,YES,⏳ OUTREACH SENT / WAITING,NO,,NONE,500.0,15%,75.0,DELIVERED,CLEAN,2026-08-27 16:23:09 UTC,Auto-generated v2 enterprise lead. Category: roofing. Rev Tier: $500k - $1.5M
LEAD-0944,Grand Dental Studio,William Kennedy,https://instagram.com/granddentalstudi,IE,Waterford,http://www.granddentalstudiwaterford.ie,enquiries@granddentalstudiwaterford.ie,+353 51 786 7158,VALID_MX,95,EMAIL_1_SENT,Campaign 1,1,0,YES,⏳ OUTREACH SENT / WAITING,NO,,NONE,500.0,15%,75.0,DELIVERED,CLEAN,2026-08-27 16:23:09 UTC,Auto-generated v2 enterprise lead. Category: dentist. Rev Tier: $400k - $1.2M
LEAD-0469,Lynch's Cafe,Liam Lynch,None,GB,Birmingham,https://facebook.com/lynchscafe,contact@lynchscafebirmingham.co.uk,+44 121 650 4185,VALID_MX,95,EMAIL_1_SENT,Campaign 1,1,0,YES,⏳ OUTREACH SENT / WAITING,NO,,NONE,500.0,15%,75.0,DELIVERED,CLEAN,2026-08-27 16:23:09 UTC,Auto-generated v2 enterprise lead. Category: cafe. Rev Tier: $200k - $600k
LEAD-0342,Luxe Hair Designers,Sean Walsh,https://instagram.com/luxehairdesigner,IE,Galway,https://facebook.com/luxehairdesigner,info@luxehairdesignergalway.ie,+353 91 737 2702,VALID_MX,95,EMAIL_1_SENT,Campaign 1,1,0,YES,⏳ OUTREACH SENT / WAITING,NO,,NONE,430.0,15%,64.5,DELIVERED,CLEAN,2026-08-27 16:23:09 UTC,Auto-generated v2 enterprise lead. Category: salon. Rev Tier: $200k - $500k
LEAD-0063,Hall's Veterinary,David Hall,https://instagram.com/hallsveterinary,IE,Limerick,https://facebook.com/hallsveterinary,enquiries@hallsveterinarylimerick.ie,+353 61 221 1828,VALID_MX,95,EMAIL_1_SENT,Campaign 1,1,0,YES,⏳ OUTREACH SENT / WAITING,NO,,NONE,3400.0,15%,510.0,DELIVERED,CLEAN,2026-08-27 16:23:09 UTC,Auto-generated v2 enterprise lead. Category: veterinary. Rev Tier: $450k - $1.3M
LEAD-0968,Vanguard Solicitors & Advocates,Liam Williams,https://instagram.com/vanguardsolicito,GB,Edinburgh,http://www.vanguardsolicitoedinburgh.co.uk,enquiries@vanguardsolicitoedinburgh.co.uk,+44 131 380 6613,VALID_MX,95,EMAIL_1_SENT,Campaign 1,1,0,YES,⏳ OUTREACH SENT / WAITING,NO,,NONE,500.0,15%,75.0,DELIVERED,CLEAN,2026-08-27 16:23:09 UTC,Auto-generated v2 enterprise lead. Category: lawyer. Rev Tier: $600k - $2.5M
LEAD-0963,ProPower Electrical Services,Samuel Harris,https://instagram.com/propowerelectric,IE,Limerick,http://www.propowerelectriclimerick.ie,hello@propowerelectriclimerick.ie,+353 61 329 1619,VALID_MX,95,EMAIL_1_SENT,Campaign 1,1,0,YES,⏳ OUTREACH SENT / WAITING,NO,,NONE,500.0,15%,75.0,DELIVERED,CLEAN,2026-08-27 16:23:09 UTC,Auto-generated v2 enterprise lead. Category: electrician. Rev Tier: $300k - $800k
LEAD-0875,Kennedy's Photographer,Benjamin Kennedy,None,AU,Sydney,https://facebook.com/kennedysphotogra,info@kennedysphotograsydney.com.au,+61 2 448 3661,VALID_MX,95,EMAIL_1_SENT,Campaign 1,1,0,YES,⏳ OUTREACH SENT / WAITING,NO,,NONE,500.0,15%,75.0,DELIVERED,CLEAN,2026-08-27 16:23:09 UTC,Auto-generated v2 enterprise lead. Category: photographer. Rev Tier: $150k - $400k
LEAD-0873,Meridian Financial Consultants,Chloe Thompson,https://instagram.com/meridianfinancia,US,Miami,https://facebook.com/meridianfinancia,enquiries@meridianfinanciamiami.com,+1 305 732 5570,VALID_MX,95,EMAIL_1_SENT,Campaign 1,1,0,YES,⏳ OUTREACH SENT / WAITING,NO,,NONE,500.0,15%,75.0,DELIVERED,CLEAN,2026-08-27 16:23:09 UTC,Auto-generated v2 enterprise lead. Category: accountant. Rev Tier: $400k - $1.2M
LEAD-0857,Sterling Tax & Wealth Advisors,Ava Gallagher,None,CA,Toronto,https://facebook.com/sterlingtaxwealt,info@sterlingtaxwealttoronto.ca,+1 416 711 9315,VALID_MX,95,EMAIL_1_SENT,Campaign 1,1,0,YES,⏳ OUTREACH SENT / WAITING,NO,,NONE,500.0,15%,75.0,DELIVERED,CLEAN,2026-08-27 16:23:09 UTC,Auto-generated v2 enterprise lead. Category: accountant. Rev Tier: $400k - $1.2M
LEAD-0848,Grand Dental Care,Samuel Gallagher,https://instagram.com/granddentalcare,GB,Edinburgh,http://www.granddentalcareedinburgh.co.uk,contact@granddentalcareedinburgh.co.uk,+44 131 844 5394,VALID_MX,95,EMAIL_1_SENT,Campaign 1,1,0,YES,⏳ OUTREACH SENT / WAITING,NO,,NONE,500.0,15%,75.0,DELIVERED,CLEAN,2026-08-27 16:23:09 UTC,Auto-generated v2 enterprise lead. Category: dentist. Rev Tier: $400k - $1.2M
LEAD-0793,Precision Chartered Accountants,Michael Lewis,https://instagram.com/precisioncharter,US,Miami,https://facebook.com/precisioncharter,hello@precisionchartermiami.com,+1 305 775 8693,VALID_MX,95,EMAIL_1_SENT,Campaign 1,1,0,YES,⏳ OUTREACH SENT / WAITING,NO,,NONE,500.0,15%,75.0,DELIVERED,CLEAN,2026-08-27 16:23:09 UTC,Auto-generated v2 enterprise lead. Category: accountant. Rev Tier: $400k - $1.2M
LEAD-0791,Brown's Gym,Alexander Brown,None,US,Austin,https://facebook.com/brownsgym,enquiries@brownsgymaustin.com,+1 512 981 9693,VALID_MX,95,EMAIL_1_SENT,Campaign 1,1,0,YES,⏳ OUTREACH SENT / WAITING,NO,,NONE,500.0,15%,75.0,DELIVERED,CLEAN,2026-08-27 16:23:09 UTC,Auto-generated v2 enterprise lead. Category: gym. Rev Tier: $350k - $900k
LEAD-0771,Current Electricians & Automation,Oliver Martinez,https://instagram.com/currentelectrici,US,Austin,http://www.currentelectriciaustin.com,enquiries@currentelectriciaustin.com,+1 512 583 3898,VALID_MX,95,EMAIL_1_SENT,Campaign 1,1,0,YES,⏳ OUTREACH SENT / WAITING,NO,,NONE,500.0,15%,75.0,DELIVERED,CLEAN,2026-08-27 16:23:09 UTC,Auto-generated v2 enterprise lead. Category: electrician. Rev Tier: $300k - $800k
LEAD-0732,Elysian Events & Weddings,Joseph Smith,https://instagram.com/elysianeventswed,US,Chicago,https://facebook.com/elysianeventswed,enquiries@elysianeventswedchicago.com,+1 312 362 9413,VALID_MX,95,EMAIL_1_SENT,Campaign 1,1,0,YES,⏳ OUTREACH SENT / WAITING,NO,,NONE,500.0,15%,75.0,DELIVERED,CLEAN,2026-08-27 16:23:09 UTC,Auto-generated v2 enterprise lead. Category: event_venue. Rev Tier: $500k - $2.0M
LEAD-0703,Valley Pet Care Center,Emily Quinn,https://instagram.com/valleypetcarecen,IE,Limerick,http://www.valleypetcarecenlimerick.ie,enquiries@valleypetcarecenlimerick.ie,+353 61 598 8792,VALID_MX,95,EMAIL_1_SENT,Campaign 1,1,0,YES,⏳ OUTREACH SENT / WAITING,NO,,NONE,500.0,15%,75.0,DELIVERED,CLEAN,2026-08-27 16:23:09 UTC,Auto-generated v2 enterprise lead. Category: veterinary. Rev Tier: $450k - $1.3M
LEAD-0651,Brown's Photographer,Matthew Brown,https://instagram.com/brownsphotograph,US,Austin,https://facebook.com/brownsphotograph,hello@brownsphotographaustin.com,+1 512 207 7060,VALID_MX,95,EMAIL_1_SENT,Campaign 1,1,0,YES,⏳ OUTREACH SENT / WAITING,NO,,NONE,500.0,15%,75.0,DELIVERED,CLEAN,2026-08-27 16:23:09 UTC,Auto-generated v2 enterprise lead. Category: photographer. Rev Tier: $150k - $400k
LEAD-0636,The Foundry Banqueting Hall,Oliver Williams,https://instagram.com/thefoundrybanque,AU,Melbourne,https://facebook.com/thefoundrybanque,info@thefoundrybanquemelbourne.com.au,+61 3 440 8213,VALID_MX,95,EMAIL_1_SENT,Campaign 1,1,0,YES,⏳ OUTREACH SENT / WAITING,NO,,NONE,500.0,15%,75.0,DELIVERED,CLEAN,2026-08-27 16:23:09 UTC,Auto-generated v2 enterprise lead. Category: event_venue. Rev Tier: $500k - $2.0M
LEAD-0601,Atlas Chartered Accountants,Sophie Robinson,https://instagram.com/atlascharteredac,IE,Cork,https://facebook.com/atlascharteredac,enquiries@atlascharteredaccork.ie,+353 21 725 4326,VALID_MX,95,EMAIL_1_SENT,Campaign 1,1,0,YES,⏳ OUTREACH SENT / WAITING,NO,,NONE,500.0,15%,75.0,DELIVERED,CLEAN,2026-08-27 16:23:09 UTC,Auto-generated v2 enterprise lead. Category: accountant. Rev Tier: $400k - $1.2M
LEAD-0581,Walker's Cafe,Fiona Walker,https://instagram.com/walkerscafe,IE,Cork,http://www.walkerscafecork.ie,info@walkerscafecork.ie,+353 21 883 5749,VALID_MX,95,EMAIL_1_SENT,Campaign 1,1,0,YES,⏳ OUTREACH SENT / WAITING,NO,,NONE,500.0,15%,75.0,DELIVERED,CLEAN,2026-08-27 16:23:09 UTC,Auto-generated v2 enterprise lead. Category: cafe. Rev Tier: $200k - $600k
LEAD-0575,Paws & Claws Veterinary Services,James Walsh,https://instagram.com/pawsclawsveterin,AU,Sydney,http://www.pawsclawsveterinsydney.com.au,info@pawsclawsveterinsydney.com.au,+61 2 505 8396,VALID_MX,95,EMAIL_1_SENT,Campaign 1,1,0,YES,⏳ OUTREACH SENT / WAITING,NO,,NONE,500.0,15%,75.0,DELIVERED,CLEAN,2026-08-27 16:23:09 UTC,Auto-generated v2 enterprise lead. Category: veterinary. Rev Tier: $450k - $1.3M
LEAD-0387,ProPower Power Solutions,Noah Anderson,https://instagram.com/propowerpowersol,GB,Manchester,http://www.propowerpowersolmanchester.co.uk,contact@propowerpowersolmanchester.co.uk,+44 161 638 4093,VALID_MX,95,EMAIL_1_SENT,Campaign 1,1,0,YES,⏳ OUTREACH SENT / WAITING,NO,,NONE,500.0,15%,75.0,DELIVERED,CLEAN,2026-08-27 16:23:09 UTC,Auto-generated v2 enterprise lead. Category: electrician. Rev Tier: $300k - $800k
LEAD-0330,Apex Motors Motor Works,Joseph Walker,https://instagram.com/apexmotorsmotorw,US,New York,http://www.apexmotorsmotorwnewyork.com,contact@apexmotorsmotorwnewyork.com,+1 212 506 5989,VALID_MX,95,PRICING_REQUEST,Campaign 1,1,0,NO,🔥 HOT / APPROACHING,YES,2026-08-27 15:18 UTC,QUESTION,500.0,40%,200.0,DELIVERED,CLEAN,2026-08-27 16:23:09 UTC,Auto-generated v2 enterprise lead. Category: car_repair. Rev Tier: $350k - $850k
LEAD-0313,Sterling Chartered Accountants,Ethan Thompson,https://instagram.com/sterlingchartere,US,Miami,https://facebook.com/sterlingchartere,info@sterlingcharteremiami.com,+1 305 976 8001,VALID_MX,95,EMAIL_1_SENT,Campaign 1,1,0,YES,⏳ OUTREACH SENT / WAITING,NO,,NONE,500.0,15%,75.0,DELIVERED,CLEAN,2026-08-27 16:23:09 UTC,Auto-generated v2 enterprise lead. Category: accountant. Rev Tier: $400k - $1.2M
LEAD-0305,Titan Plumbing Solutions,Oliver Walsh,https://instagram.com/titanplumbingsol,GB,Belfast,http://www.titanplumbingsolbelfast.co.uk,enquiries@titanplumbingsolbelfast.co.uk,+44 28 701 6323,VALID_MX,95,EMAIL_1_SENT,Campaign 1,1,0,YES,⏳ OUTREACH SENT / WAITING,NO,,NONE,500.0,15%,75.0,DELIVERED,CLEAN,2026-08-27 16:23:09 UTC,Auto-generated v2 enterprise lead. Category: plumber. Rev Tier: $250k - $750k
LEAD-0299,Epic Visual Media Studio,Conor Thomas,https://instagram.com/epicvisualmedias,NZ,Auckland,https://facebook.com/epicvisualmedias,contact@epicvisualmediasauckland.co.nz,+64 9 701 7445,VALID_MX,95,EMAIL_1_SENT,Campaign 1,1,0,YES,⏳ OUTREACH SENT / WAITING,NO,,NONE,500.0,15%,75.0,DELIVERED,CLEAN,2026-08-27 16:23:09 UTC,Auto-generated v2 enterprise lead. Category: photographer. Rev Tier: $150k - $400k
LEAD-0286,BuildCraft Home Builders,Oliver Doyle,https://instagram.com/buildcrafthomebu,GB,London,https://facebook.com/buildcrafthomebu,info@buildcrafthomebulondon.co.uk,+44 20 569 7814,VALID_MX,95,EMAIL_1_SENT,Campaign 1,1,0,YES,⏳ OUTREACH SENT / WAITING,NO,,NONE,500.0,15%,75.0,DELIVERED,CLEAN,2026-08-27 16:23:09 UTC,Auto-generated v2 enterprise lead. Category: contractor. Rev Tier: $600k - $2.5M
LEAD-0203,Martin's Photographer,Olivia Martin,None,IE,Limerick,https://facebook.com/martinsphotograp,info@martinsphotograplimerick.ie,+353 61 544 5529,VALID_MX,95,EMAIL_1_SENT,Campaign 1,1,0,YES,⏳ OUTREACH SENT / WAITING,NO,,NONE,500.0,15%,75.0,DELIVERED,CLEAN,2026-08-27 16:23:09 UTC,Auto-generated v2 enterprise lead. Category: photographer. Rev Tier: $150k - $400k
LEAD-0197,Wild Flour Artisan Roasters,Elena Murphy,https://instagram.com/wildflourartisan,CA,Toronto,http://www.wildflourartisantoronto.ca,contact@wildflourartisantoronto.ca,+1 416 487 9054,VALID_MX,95,EMAIL_1_SENT,Campaign 1,1,0,YES,⏳ OUTREACH SENT / WAITING,NO,,NONE,500.0,15%,75.0,DELIVERED,CLEAN,2026-08-27 16:23:09 UTC,Auto-generated v2 enterprise lead. Category: cafe. Rev Tier: $200k - $600k
LEAD-0186,MasterTech Garage & Diagnostics,Joseph Kelly,https://instagram.com/mastertechgarage,GB,London,http://www.mastertechgaragelondon.co.uk,enquiries@mastertechgaragelondon.co.uk,+44 20 426 2705,VALID_MX,95,EMAIL_1_SENT,Campaign 1,1,0,YES,⏳ OUTREACH SENT / WAITING,NO,,NONE,500.0,15%,75.0,DELIVERED,CLEAN,2026-08-27 16:23:09 UTC,Auto-generated v2 enterprise lead. Category: car_repair. Rev Tier: $350k - $850k
LEAD-0120,Sterling Law Chambers,Mia Walker,https://instagram.com/sterlinglawchamb,IE,Dublin,http://www.sterlinglawchambdublin.ie,enquiries@sterlinglawchambdublin.ie,+353 1 700 2489,VALID_MX,95,EMAIL_1_SENT,Campaign 1,1,0,YES,⏳ OUTREACH SENT / WAITING,NO,,NONE,4500.0,15%,675.0,DELIVERED,CLEAN,2026-08-27 16:23:09 UTC,Auto-generated v2 enterprise lead. Category: lawyer. Rev Tier: $600k - $2.5M
LEAD-0119,Thomas's Gym,Oliver Thomas,https://instagram.com/thomassgym,NZ,Auckland,https://facebook.com/thomassgym,enquiries@thomassgymauckland.co.nz,+64 9 657 9653,VALID_MX,95,EMAIL_1_SENT,Campaign 1,1,0,YES,⏳ OUTREACH SENT / WAITING,NO,,NONE,2600.0,15%,390.0,DELIVERED,CLEAN,2026-08-27 16:23:09 UTC,Auto-generated v2 enterprise lead. Category: gym. Rev Tier: $350k - $900k
LEAD-0115,VoltCraft Electrical Contractors,Olivia Kelly,https://instagram.com/voltcraftelectri,AU,Sydney,http://www.voltcraftelectrisydney.com.au,enquiries@voltcraftelectrisydney.com.au,+61 2 817 2758,VALID_MX,95,EMAIL_1_SENT,Campaign 1,1,0,YES,⏳ OUTREACH SENT / WAITING,NO,,NONE,2400.0,15%,360.0,DELIVERED,CLEAN,2026-08-27 16:23:09 UTC,Auto-generated v2 enterprise lead. Category: electrician. Rev Tier: $300k - $800k
LEAD-0039,Forge CrossFit & Athletics,Ryan Hall,https://instagram.com/forgecrossfitath,NZ,Auckland,https://facebook.com/forgecrossfitath,contact@forgecrossfitathauckland.co.nz,+64 9 436 2976,VALID_MX,95,FOLLOWUP_1_SENT,Campaign 1,2,1,YES,⏳ OUTREACH SENT / WAITING,NO,,NONE,2600.0,20%,520.0,DELIVERED,CLEAN,2026-08-27 16:23:09 UTC,Auto-generated v2 enterprise lead. Category: gym. Rev Tier: $350k - $900k
LEAD-0021,Lewis's Cafe,Lily Lewis,https://instagram.com/lewisscafe,IE,Cork,http://www.lewisscafecork.ie,hello@lewisscafecork.ie,+353 21 366 3900,VALID_MX,95,MEETING_REQUEST,Campaign 1,1,0,NO,🔥 HOT / APPROACHING,YES,2026-08-27 15:19 UTC,POSITIVE,1800.0,60%,1080.0,DELIVERED,CLEAN,2026-08-27 16:23:09 UTC,Auto-generated v2 enterprise lead. Category: cafe. Rev Tier: $200k - $600k
LEAD-0009,Centurion Financial Consultants,Ethan Thomas,None,GB,Birmingham,https://facebook.com/centurionfinanci,enquiries@centurionfinancibirmingham.co.uk,+44 121 280 2403,VALID_MX,95,MEETING_REQUEST,Campaign 1,1,0,NO,🔥 HOT / APPROACHING,YES,2026-08-27 15:18 UTC,POSITIVE,3200.0,60%,1920.0,DELIVERED,CLEAN,2026-08-27 16:23:09 UTC,Auto-generated v2 enterprise lead. Category: accountant. Rev Tier: $400k - $1.2M
LEAD-0007,Hall's Gym,William Hall,https://instagram.com/hallsgym,GB,Manchester,https://facebook.com/hallsgym,enquiries@hallsgymmanchester.co.uk,+44 161 211 2876,VALID_MX,95,CLOSED_WON,Campaign 1,1,0,NO,🏆 CONVERTED,YES,2026-08-27 15:21 UTC,WON,2600.0,100%,2600.0,DELIVERED,CLEAN,2026-08-27 16:23:09 UTC,Auto-generated v2 enterprise lead. Category: gym. Rev Tier: $350k - $900k
LEAD-0096,SmileCraft Family Dentistry,Marcus Martinez,https://instagram.com/smilecraftfamily,AU,Melbourne,http://www.smilecraftfamilymelbourne.com.au,enquiries@smilecraftfamilymelbourne.com.au,+61 3 497 5914,VALID_MX,95,EMAIL_1_SENT,Campaign 1,1,0,YES,⏳ OUTREACH SENT / WAITING,NO,,NONE,3500.0,15%,525.0,DELIVERED,CLEAN,2026-08-27 16:23:09 UTC,Auto-generated v2 enterprise lead. Category: dentist. Rev Tier: $400k - $1.2M
LEAD-0794,Silverstone Motor Works,Matthew Clark,https://instagram.com/silverstonemotor,US,Seattle,http://www.silverstonemotorseattle.com,info@silverstonemotorseattle.com,+1 206 800 6937,VALID_MX,95,EMAIL_1_SENT,Campaign 1,1,0,YES,⏳ OUTREACH SENT / WAITING,NO,,NONE,500.0,15%,75.0,DELIVERED,CLEAN,2026-08-27 16:23:09 UTC,Auto-generated v2 enterprise lead. Category: car_repair. Rev Tier: $350k - $850k
LEAD-0392,Kelly's Lawyer,Emily Kelly,https://instagram.com/kellyslawyer,US,Chicago,http://www.kellyslawyerchicago.com,enquiries@kellyslawyerchicago.com,+1 312 875 5965,VALID_MX,95,EMAIL_1_SENT,Campaign 1,1,0,YES,⏳ OUTREACH SENT / WAITING,NO,,NONE,500.0,15%,75.0,DELIVERED,CLEAN,2026-08-27 16:23:09 UTC,Auto-generated v2 enterprise lead. Category: lawyer. Rev Tier: $600k - $2.5M
LEAD-0325,Maple & Co Espresso Bar,Emily Martin,https://instagram.com/maplecoespressob,GB,Belfast,http://www.maplecoespressobbelfast.co.uk,hello@maplecoespressobbelfast.co.uk,+44 28 429 3354,VALID_MX,95,EMAIL_1_SENT,Campaign 1,1,0,YES,⏳ OUTREACH SENT / WAITING,NO,,NONE,500.0,15%,75.0,DELIVERED,CLEAN,2026-08-27 16:23:09 UTC,Auto-generated v2 enterprise lead. Category: cafe. Rev Tier: $200k - $600k
LEAD-0831,Ark Veterinary Hospital,Samuel Kelly,https://instagram.com/arkveterinaryhos,US,Austin,http://www.arkveterinaryhosaustin.com,enquiries@arkveterinaryhosaustin.com,+1 512 204 5173,VALID_MX,95,EMAIL_1_SENT,Campaign 1,1,0,YES,⏳ OUTREACH SENT / WAITING,NO,,NONE,500.0,15%,75.0,DELIVERED,CLEAN,2026-08-27 16:23:09 UTC,Auto-generated v2 enterprise lead. Category: veterinary. Rev Tier: $450k - $1.3M
LEAD-0767,Ark Pet Care Center,Benjamin Jones,https://instagram.com/arkpetcarecenter,GB,Manchester,https://facebook.com/arkpetcarecenter,info@arkpetcarecentermanchester.co.uk,+44 161 824 1867,VALID_MX,95,EMAIL_1_SENT,Campaign 1,1,0,YES,⏳ OUTREACH SENT / WAITING,NO,,NONE,500.0,15%,75.0,DELIVERED,CLEAN,2026-08-27 16:23:09 UTC,Auto-generated v2 enterprise lead. Category: veterinary. Rev Tier: $450k - $1.3M
LEAD-0362,Dynamic Auto Service & Repair,Emily Kennedy,https://instagram.com/dynamicautoservi,IE,Galway,http://www.dynamicautoservigalway.ie,emily@dynamicautoservigalway.ie,+353 91 674 3271,VALID_MX,95,EMAIL_1_SENT,Campaign 1,1,0,YES,⏳ OUTREACH SENT / WAITING,NO,,NONE,714.0,15%,107.1,DELIVERED,CLEAN,2026-08-27 16:23:09 UTC,Auto-generated v2 enterprise lead. Category: car_repair. Rev Tier: $350k - $850k
LEAD-0309,Wild Flour Specialty Coffee,David Walker,None,GB,Birmingham,https://facebook.com/wildflourspecial,enquiries@wildflourspecialbirmingham.co.uk,+44 121 924 7292,VALID_MX,95,EMAIL_1_SENT,Campaign 1,1,0,YES,⏳ OUTREACH SENT / WAITING,NO,,NONE,500.0,15%,75.0,DELIVERED,CLEAN,2026-08-27 16:23:09 UTC,Auto-generated v2 enterprise lead. Category: cafe. Rev Tier: $200k - $600k
LEAD-0234,FleetFix Auto Care Center,Elena McCarthy,https://instagram.com/fleetfixautocare,US,Seattle,http://www.fleetfixautocareseattle.com,elena@fleetfixautocareseattle.com,+1 206 244 5856,VALID_MX,95,EMAIL_1_SENT,Campaign 1,1,0,YES,⏳ OUTREACH SENT / WAITING,NO,,NONE,714.0,15%,107.1,DELIVERED,CLEAN,2026-08-27 16:23:09 UTC,Auto-generated v2 enterprise lead. Category: car_repair. Rev Tier: $350k - $850k
LEAD-0763,Quinn's Photographer,Mia Quinn,https://instagram.com/quinnsphotograph,IE,Limerick,https://facebook.com/quinnsphotograph,contact@quinnsphotographlimerick.ie,+353 61 923 6963,VALID_MX,95,EMAIL_1_SENT,Campaign 1,1,0,YES,⏳ OUTREACH SENT / WAITING,NO,,NONE,500.0,15%,75.0,DELIVERED,CLEAN,2026-08-27 16:23:09 UTC,Auto-generated v2 enterprise lead. Category: photographer. Rev Tier: $150k - $400k
LEAD-0987,Thomas's Photographer,Ethan Thomas,https://instagram.com/thomassphotograp,GB,Manchester,https://facebook.com/thomassphotograp,hello@thomassphotograpmanchester.co.uk,+44 161 370 6326,VALID_MX,95,EMAIL_1_SENT,Campaign 1,1,0,YES,⏳ OUTREACH SENT / WAITING,NO,,NONE,500.0,15%,75.0,DELIVERED,CLEAN,2026-08-27 16:23:09 UTC,Auto-generated v2 enterprise lead. Category: photographer. Rev Tier: $150k - $400k
LEAD-0825,Ledger & Co Tax & Wealth Advisors,David Martin,https://instagram.com/ledgercotaxwealt,GB,Belfast,http://www.ledgercotaxwealtbelfast.co.uk,david@ledgercotaxwealtbelfast.co.uk,+44 28 409 2971,VALID_MX,95,EMAIL_1_SENT,Campaign 1,1,0,YES,⏳ OUTREACH SENT / WAITING,NO,,NONE,500.0,15%,75.0,DELIVERED,CLEAN,2026-08-27 16:23:09 UTC,Auto-generated v2 enterprise lead. Category: accountant. Rev Tier: $400k - $1.2M
LEAD-0200,Kensington Law Chambers,Zoe Brennan,https://instagram.com/kensingtonlawcha,IE,Dublin,None (Missing),zoe@kensingtonlawchadublin.ie,+353 1 800 6730,VALID_MX,95,EMAIL_1_SENT,Campaign 1,1,0,YES,⏳ OUTREACH SENT / WAITING,NO,,NONE,500.0,15%,75.0,DELIVERED,CLEAN,2026-08-27 16:23:09 UTC,Auto-generated v2 enterprise lead. Category: lawyer. Rev Tier: $600k - $2.5M
LEAD-0547,ProPower Electrical Contractors,Emily McCarthy,https://instagram.com/propowerelectric,GB,Manchester,https://facebook.com/propowerelectric,contact@propowerelectricmanchester.co.uk,+44 161 425 5855,VALID_MX,95,EMAIL_1_SENT,Campaign 1,1,0,YES,⏳ OUTREACH SENT / WAITING,NO,,NONE,500.0,15%,75.0,DELIVERED,CLEAN,2026-08-27 16:23:09 UTC,Auto-generated v2 enterprise lead. Category: electrician. Rev Tier: $300k - $800k
LEAD-0993,ProActive Plumbing & Heating,Oliver Kennedy,https://instagram.com/proactiveplumbin,US,Miami,https://facebook.com/proactiveplumbin,hello@proactiveplumbinmiami.com,+1 305 858 3743,VALID_MX,95,EMAIL_1_SENT,Campaign 1,1,0,YES,⏳ OUTREACH SENT / WAITING,NO,,NONE,500.0,15%,75.0,DELIVERED,CLEAN,2026-08-27 16:23:09 UTC,Auto-generated v2 enterprise lead. Category: plumber. Rev Tier: $250k - $750k
LEAD-0879,Compassion Pet Care Center,Ruby Gallagher,https://instagram.com/compassionpetcar,NZ,Auckland,https://facebook.com/compassionpetcar,hello@compassionpetcarauckland.co.nz,+64 9 266 8574,VALID_MX,95,EMAIL_1_SENT,Campaign 1,1,0,YES,⏳ OUTREACH SENT / WAITING,NO,,NONE,500.0,15%,75.0,DELIVERED,CLEAN,2026-08-27 16:23:09 UTC,Auto-generated v2 enterprise lead. Category: veterinary. Rev Tier: $450k - $1.3M
LEAD-0751,Companion Pet Care Center,Ryan Walsh,https://instagram.com/companionpetcare,US,Austin,https://facebook.com/companionpetcare,hello@companionpetcareaustin.com,+1 512 611 3022,VALID_MX,95,EMAIL_1_SENT,Campaign 1,1,0,YES,⏳ OUTREACH SENT / WAITING,NO,,NONE,500.0,15%,75.0,DELIVERED,CLEAN,2026-08-27 16:23:09 UTC,Auto-generated v2 enterprise lead. Category: veterinary. Rev Tier: $450k - $1.3M
LEAD-0639,Valley Pet Care Center,Samuel Hall,None,NZ,Auckland,https://facebook.com/valleypetcarecen,hello@valleypetcarecenauckland.co.nz,+64 9 590 8656,VALID_MX,95,EMAIL_1_SENT,Campaign 1,1,0,YES,⏳ OUTREACH SENT / WAITING,NO,,NONE,500.0,15%,75.0,DELIVERED,CLEAN,2026-08-27 16:23:09 UTC,Auto-generated v2 enterprise lead. Category: veterinary. Rev Tier: $450k - $1.3M
LEAD-0483,Miller's Electrician,Matthew Miller,https://instagram.com/millerselectrici,IE,Limerick,https://facebook.com/millerselectrici,enquiries@millerselectricilimerick.ie,+353 61 407 9232,VALID_MX,95,EMAIL_1_SENT,Campaign 1,1,0,YES,⏳ OUTREACH SENT / WAITING,NO,,NONE,500.0,15%,75.0,DELIVERED,CLEAN,2026-08-27 16:23:09 UTC,Auto-generated v2 enterprise lead. Category: electrician. Rev Tier: $300k - $800k
LEAD-0437,Urban Grind Coffee House,James Kennedy,https://instagram.com/urbangrindcoffee,CA,Toronto,http://www.urbangrindcoffeetoronto.ca,contact@urbangrindcoffeetoronto.ca,+1 416 629 7586,VALID_MX,95,EMAIL_1_SENT,Campaign 1,1,0,YES,⏳ OUTREACH SENT / WAITING,NO,,NONE,500.0,15%,75.0,DELIVERED,CLEAN,2026-08-27 16:23:09 UTC,Auto-generated v2 enterprise lead. Category: cafe. Rev Tier: $200k - $600k
LEAD-0385,McCarthy's Plumber,Oliver McCarthy,https://instagram.com/mccarthysplumber,GB,Belfast,https://facebook.com/mccarthysplumber,enquiries@mccarthysplumberbelfast.co.uk,+44 28 389 8203,VALID_MX,95,EMAIL_1_SENT,Campaign 1,1,0,YES,⏳ OUTREACH SENT / WAITING,NO,,NONE,500.0,15%,75.0,DELIVERED,CLEAN,2026-08-27 16:23:09 UTC,Auto-generated v2 enterprise lead. Category: plumber. Rev Tier: $250k - $750k
LEAD-0353,ProActive Plumbing & Heating,Liam Doyle,https://instagram.com/proactiveplumbin,US,Miami,https://facebook.com/proactiveplumbin,info@proactiveplumbinmiami.com,+1 305 383 2460,VALID_MX,95,EMAIL_1_SENT,Campaign 1,1,0,YES,⏳ OUTREACH SENT / WAITING,NO,,NONE,500.0,15%,75.0,DELIVERED,CLEAN,2026-08-27 16:23:09 UTC,Auto-generated v2 enterprise lead. Category: plumber. Rev Tier: $250k - $750k
LEAD-0339,Apex Electrical Contractors,Noah Miller,https://instagram.com/apexelectricalco,NZ,Auckland,https://facebook.com/apexelectricalco,info@apexelectricalcoauckland.co.nz,+64 9 857 5331,VALID_MX,95,EMAIL_1_SENT,Campaign 1,1,0,YES,⏳ OUTREACH SENT / WAITING,NO,,NONE,500.0,15%,75.0,DELIVERED,CLEAN,2026-08-27 16:23:09 UTC,Auto-generated v2 enterprise lead. Category: electrician. Rev Tier: $300k - $800k
LEAD-0227,Spark Power Solutions,Ryan Lynch,https://instagram.com/sparkpowersoluti,GB,Manchester,https://facebook.com/sparkpowersoluti,enquiries@sparkpowersolutimanchester.co.uk,+44 161 492 7920,VALID_MX,95,EMAIL_1_SENT,Campaign 1,1,0,YES,⏳ OUTREACH SENT / WAITING,NO,,NONE,430.0,15%,64.5,DELIVERED,CLEAN,2026-08-27 16:23:09 UTC,Auto-generated v2 enterprise lead. Category: electrician. Rev Tier: $300k - $800k
LEAD-0179,BrightLine Power Solutions,Sarah White,https://instagram.com/brightlinepowers,NZ,Auckland,https://facebook.com/brightlinepowers,hello@brightlinepowersauckland.co.nz,+64 9 235 5026,VALID_MX,95,EMAIL_1_SENT,Campaign 1,1,0,YES,⏳ OUTREACH SENT / WAITING,NO,,NONE,500.0,15%,75.0,DELIVERED,CLEAN,2026-08-27 16:23:09 UTC,Auto-generated v2 enterprise lead. Category: electrician. Rev Tier: $300k - $800k
LEAD-0161,Walker's Plumber,Mia Walker,https://instagram.com/walkersplumber,IE,Cork,https://facebook.com/walkersplumber,contact@walkersplumbercork.ie,+353 21 323 7919,VALID_MX,95,EMAIL_1_SENT,Campaign 1,1,0,YES,⏳ OUTREACH SENT / WAITING,NO,,NONE,500.0,15%,75.0,DELIVERED,CLEAN,2026-08-27 16:23:09 UTC,Auto-generated v2 enterprise lead. Category: plumber. Rev Tier: $250k - $750k
LEAD-0144,Artisan Dental Care,James Lee,None,IE,Waterford,None (Missing),james@artisandentalcarwaterford.ie,+353 51 812 8851,VALID_MX,95,EMAIL_1_SENT,Campaign 1,1,0,YES,⏳ OUTREACH SENT / WAITING,NO,,NONE,3500.0,15%,525.0,DELIVERED,CLEAN,2026-08-27 16:23:09 UTC,Auto-generated v2 enterprise lead. Category: dentist. Rev Tier: $400k - $1.2M
LEAD-0133,O'Neill's Cafe,Lucas O'Neill,None,US,Miami,https://facebook.com/oneillscafe,enquiries@oneillscafemiami.com,+1 305 914 8054,VALID_MX,95,EMAIL_1_SENT,Campaign 1,1,0,YES,⏳ OUTREACH SENT / WAITING,NO,,NONE,1800.0,15%,270.0,DELIVERED,CLEAN,2026-08-27 16:23:09 UTC,Auto-generated v2 enterprise lead. Category: cafe. Rev Tier: $200k - $600k
LEAD-0098,Walsh's Roofing,Marcus Walsh,https://instagram.com/walshsroofing,CA,Vancouver,http://www.walshsroofingvancouver.ca,enquiries@walshsroofingvancouver.ca,+1 604 552 3102,VALID_MX,95,EMAIL_1_SENT,Campaign 1,1,0,YES,⏳ OUTREACH SENT / WAITING,NO,,NONE,3800.0,15%,570.0,DELIVERED,CLEAN,2026-08-27 16:23:09 UTC,Auto-generated v2 enterprise lead. Category: roofing. Rev Tier: $500k - $1.5M
LEAD-0712,Kensington Attorneys at Law,Samuel Murphy,https://instagram.com/kensingtonattorn,US,Chicago,https://facebook.com/kensingtonattorn,info@kensingtonattornchicago.com,+1 312 499 7527,VALID_MX,95,EMAIL_1_SENT,Campaign 1,1,0,YES,⏳ OUTREACH SENT / WAITING,NO,,NONE,500.0,15%,75.0,DELIVERED,CLEAN,2026-08-27 16:23:09 UTC,Auto-generated v2 enterprise lead. Category: lawyer. Rev Tier: $600k - $2.5M
LEAD-0354,Skyline Roofing Contractors,Alexander Davis,https://instagram.com/skylineroofingco,US,Seattle,https://facebook.com/skylineroofingco,enquiries@skylineroofingcoseattle.com,+1 206 384 9190,VALID_MX,95,EMAIL_1_SENT,Campaign 1,1,0,YES,⏳ OUTREACH SENT / WAITING,NO,,NONE,500.0,15%,75.0,DELIVERED,CLEAN,2026-08-27 16:23:09 UTC,Auto-generated v2 enterprise lead. Category: roofing. Rev Tier: $500k - $1.5M
LEAD-0034,Pinnacle Roofing Specialists,Emily Jackson,https://instagram.com/pinnacleroofings,US,Seattle,https://facebook.com/pinnacleroofings,enquiries@pinnacleroofingsseattle.com,+1 206 821 2876,VALID_MX,95,PRICING_REQUEST,Campaign 1,1,0,NO,🔥 HOT / APPROACHING,YES,2026-08-27 15:21 UTC,QUESTION,3800.0,40%,1520.0,DELIVERED,CLEAN,2026-08-27 16:23:09 UTC,Auto-generated v2 enterprise lead. Category: roofing. Rev Tier: $500k - $1.5M
LEAD-0723,Lumina Electricians & Automation,Matthew Doyle,https://instagram.com/luminaelectricia,IE,Limerick,https://facebook.com/luminaelectricia,info@luminaelectricialimerick.ie,+353 61 978 8078,VALID_MX,95,EMAIL_1_SENT,Campaign 1,1,0,YES,⏳ OUTREACH SENT / WAITING,NO,,NONE,500.0,15%,75.0,DELIVERED,CLEAN,2026-08-27 16:23:09 UTC,Auto-generated v2 enterprise lead. Category: electrician. Rev Tier: $300k - $800k
LEAD-0577,Titan Emergency Plumbing,Ella Dunne,https://instagram.com/titanemergencypl,CA,Toronto,http://www.titanemergencypltoronto.ca,contact@titanemergencypltoronto.ca,+1 416 214 3465,VALID_MX,95,EMAIL_1_SENT,Campaign 1,1,0,YES,⏳ OUTREACH SENT / WAITING,NO,,NONE,500.0,15%,75.0,DELIVERED,CLEAN,2026-08-27 16:23:09 UTC,Auto-generated v2 enterprise lead. Category: plumber. Rev Tier: $250k - $750k
LEAD-0443,Golden Hour Photography Collective,Zoe Lewis,https://instagram.com/goldenhourphotog,IE,Limerick,https://facebook.com/goldenhourphotog,enquiries@goldenhourphotoglimerick.ie,+353 61 330 8942,VALID_MX,95,EMAIL_1_SENT,Campaign 1,1,0,YES,⏳ OUTREACH SENT / WAITING,NO,,NONE,500.0,15%,75.0,DELIVERED,CLEAN,2026-08-27 16:23:09 UTC,Auto-generated v2 enterprise lead. Category: photographer. Rev Tier: $150k - $400k
LEAD-0383,Compassion Pet Care Center,Aoife O'Sullivan,https://instagram.com/compassionpetcar,IE,Limerick,https://facebook.com/compassionpetcar,info@compassionpetcarlimerick.ie,+353 61 267 5942,VALID_MX,95,EMAIL_1_SENT,Campaign 1,1,0,YES,⏳ OUTREACH SENT / WAITING,NO,,NONE,500.0,15%,75.0,DELIVERED,CLEAN,2026-08-27 16:23:09 UTC,Auto-generated v2 enterprise lead. Category: veterinary. Rev Tier: $450k - $1.3M
LEAD-0294,Wilson's Salon,Joseph Wilson,https://instagram.com/wilsonssalon,US,Seattle,https://facebook.com/wilsonssalon,hello@wilsonssalonseattle.com,+1 206 273 5362,VALID_MX,95,EMAIL_1_SENT,Campaign 1,1,0,YES,⏳ OUTREACH SENT / WAITING,NO,,NONE,430.0,15%,64.5,DELIVERED,CLEAN,2026-08-27 16:23:09 UTC,Auto-generated v2 enterprise lead. Category: salon. Rev Tier: $200k - $500k
LEAD-0946,Shield Roofing Solutions,Sophie Harris,None,GB,London,None (Missing),sophie@shieldroofingsollondon.co.uk,+44 20 777 1897,VALID_MX,95,EMAIL_1_SENT,Campaign 1,1,0,YES,⏳ OUTREACH SENT / WAITING,NO,,NONE,500.0,15%,75.0,DELIVERED,CLEAN,2026-08-27 16:23:09 UTC,Auto-generated v2 enterprise lead. Category: roofing. Rev Tier: $500k - $1.5M
LEAD-0500,Golden Leaf Kitchen & Bar,Zoe Martin,https://instagram.com/goldenleafkitche,IE,Dublin,None (Missing),zoe@goldenleafkitchedublin.ie,+353 1 239 3039,VALID_MX,95,EMAIL_1_SENT,Campaign 1,1,0,YES,⏳ OUTREACH SENT / WAITING,NO,,NONE,500.0,15%,75.0,DELIVERED,CLEAN,2026-08-27 16:23:09 UTC,Auto-generated v2 enterprise lead. Category: restaurant. Rev Tier: $400k - $1.5M
LEAD-0455,Garcia's Gym,Marcus Garcia,https://instagram.com/garciasgym,AU,Sydney,http://www.garciasgymsydney.com.au,enquiries@garciasgymsydney.com.au,+61 2 536 1260,VALID_MX,95,EMAIL_1_SENT,Campaign 1,1,0,YES,⏳ OUTREACH SENT / WAITING,NO,,NONE,425.0,15%,63.75,DELIVERED,CLEAN,2026-08-27 16:23:09 UTC,Auto-generated v2 enterprise lead. Category: gym. Rev Tier: $350k - $900k
LEAD-0317,Golden Crust Bakehouse,Matthew O'Sullivan,https://instagram.com/goldencrustbakeh,CA,Toronto,http://www.goldencrustbakehtoronto.ca,matthew@goldencrustbakehtoronto.ca,+1 416 359 8546,VALID_MX,95,EMAIL_1_SENT,Campaign 1,1,0,YES,⏳ OUTREACH SENT / WAITING,NO,,NONE,500.0,15%,75.0,DELIVERED,CLEAN,2026-08-27 16:23:09 UTC,Auto-generated v2 enterprise lead. Category: bakery. Rev Tier: $200k - $550k
LEAD-0991,Guardian Veterinary Services,Lily Doyle,https://instagram.com/guardianveterina,US,Austin,http://www.guardianveterinaaustin.com,enquiries@guardianveterinaaustin.com,+1 512 715 9288,VALID_MX,95,EMAIL_1_SENT,Campaign 1,1,0,YES,⏳ OUTREACH SENT / WAITING,NO,,NONE,500.0,15%,75.0,DELIVERED,CLEAN,2026-08-27 16:23:09 UTC,Auto-generated v2 enterprise lead. Category: veterinary. Rev Tier: $450k - $1.3M
LEAD-0624,SmileCraft Dental Care,Michael Anderson,None,IE,Waterford,None (Missing),michael@smilecraftdentalwaterford.ie,+353 51 895 8805,VALID_MX,95,EMAIL_1_SENT,Campaign 1,1,0,YES,⏳ OUTREACH SENT / WAITING,NO,,NONE,500.0,15%,75.0,DELIVERED,CLEAN,2026-08-27 16:23:09 UTC,Auto-generated v2 enterprise lead. Category: dentist. Rev Tier: $400k - $1.2M
LEAD-0866,TrueGuard Roofing Specialists,Liam Thompson,https://instagram.com/trueguardroofing,GB,London,https://facebook.com/trueguardroofing,info@trueguardroofinglondon.co.uk,+44 20 420 8135,VALID_MX,95,EMAIL_1_SENT,Campaign 1,1,0,YES,⏳ OUTREACH SENT / WAITING,NO,,NONE,500.0,15%,75.0,DELIVERED,CLEAN,2026-08-27 16:23:09 UTC,Auto-generated v2 enterprise lead. Category: roofing. Rev Tier: $500k - $1.5M
LEAD-0557,SugarCraft Bakehouse,James Jones,https://instagram.com/sugarcraftbakeho,CA,Toronto,https://facebook.com/sugarcraftbakeho,james@sugarcraftbakehotoronto.ca,+1 416 657 8838,VALID_MX,95,EMAIL_1_SENT,Campaign 1,1,0,YES,⏳ OUTREACH SENT / WAITING,NO,,NONE,500.0,15%,75.0,DELIVERED,CLEAN,2026-08-27 16:23:09 UTC,Auto-generated v2 enterprise lead. Category: bakery. Rev Tier: $200k - $550k
LEAD-0163,Elite Electrical Contractors,Jack Martinez,https://instagram.com/eliteelectricalc,IE,Limerick,https://facebook.com/eliteelectricalc,hello@eliteelectricalclimerick.ie,+353 61 453 5537,VALID_MX,95,EMAIL_1_SENT,Campaign 1,1,0,YES,⏳ OUTREACH SENT / WAITING,NO,,NONE,500.0,15%,75.0,DELIVERED,CLEAN,2026-08-27 16:23:09 UTC,Auto-generated v2 enterprise lead. Category: electrician. Rev Tier: $300k - $800k
LEAD-0972,Crystal Hall Events & Weddings,Olivia Jackson,https://instagram.com/crystalhallevent,US,Chicago,http://www.crystalhalleventchicago.com,hello@crystalhalleventchicago.com,+1 312 513 2965,VALID_MX,95,EMAIL_1_SENT,Campaign 1,1,0,YES,⏳ OUTREACH SENT / WAITING,NO,,NONE,500.0,15%,75.0,DELIVERED,CLEAN,2026-08-27 16:23:09 UTC,Auto-generated v2 enterprise lead. Category: event_venue. Rev Tier: $500k - $2.0M
LEAD-0759,Forge Health & Performance,Jack Wilson,https://instagram.com/forgehealthperfo,NZ,Auckland,http://www.forgehealthperfoauckland.co.nz,contact@forgehealthperfoauckland.co.nz,+64 9 545 8172,VALID_MX,95,EMAIL_1_SENT,Campaign 1,1,0,YES,⏳ OUTREACH SENT / WAITING,NO,,NONE,500.0,15%,75.0,DELIVERED,CLEAN,2026-08-27 16:23:09 UTC,Auto-generated v2 enterprise lead. Category: gym. Rev Tier: $350k - $900k
LEAD-0711,Pulse Fitness Club,Alexander Hall,https://instagram.com/pulsefitnessclub,US,Austin,http://www.pulsefitnessclubaustin.com,info@pulsefitnessclubaustin.com,+1 512 898 7657,VALID_MX,95,EMAIL_1_SENT,Campaign 1,1,0,YES,⏳ OUTREACH SENT / WAITING,NO,,NONE,425.0,15%,63.75,DELIVERED,CLEAN,2026-08-27 16:23:09 UTC,Auto-generated v2 enterprise lead. Category: gym. Rev Tier: $350k - $900k
LEAD-0694,Elysian Beauty & Hair Lounge,Patrick Garcia,https://instagram.com/elysianbeautyhai,US,Seattle,None (Missing),patrick@elysianbeautyhaiseattle.com,+1 206 354 5668,VALID_MX,95,EMAIL_1_SENT,Campaign 1,1,0,YES,⏳ OUTREACH SENT / WAITING,NO,,NONE,500.0,15%,75.0,DELIVERED,CLEAN,2026-08-27 16:23:09 UTC,Auto-generated v2 enterprise lead. Category: salon. Rev Tier: $200k - $500k
LEAD-0592,City Dental Family Dentistry,Conor McCarthy,https://instagram.com/citydentalfamily,US,Chicago,None (Missing),conor@citydentalfamilychicago.com,+1 312 500 9691,VALID_MX,95,EMAIL_1_SENT,Campaign 1,1,0,YES,⏳ OUTREACH SENT / WAITING,NO,,NONE,500.0,15%,75.0,DELIVERED,CLEAN,2026-08-27 16:23:09 UTC,Auto-generated v2 enterprise lead. Category: dentist. Rev Tier: $400k - $1.2M
LEAD-0302,Titan Construction & Design,James Kennedy,https://instagram.com/titanconstructio,IE,Galway,http://www.titanconstructiogalway.ie,info@titanconstructiogalway.ie,+353 91 770 9732,VALID_MX,95,EMAIL_1_SENT,Campaign 1,1,0,YES,⏳ OUTREACH SENT / WAITING,NO,,NONE,500.0,15%,75.0,DELIVERED,CLEAN,2026-08-27 16:23:09 UTC,Auto-generated v2 enterprise lead. Category: contractor. Rev Tier: $600k - $2.5M
LEAD-0231,O'Connor's Gym,Hannah O'Connor,https://instagram.com/oconnorsgym,US,Austin,http://www.oconnorsgymaustin.com,hello@oconnorsgymaustin.com,+1 512 240 3518,VALID_MX,95,EMAIL_1_SENT,Campaign 1,1,0,YES,⏳ OUTREACH SENT / WAITING,NO,,NONE,425.0,15%,63.75,DELIVERED,CLEAN,2026-08-27 16:23:09 UTC,Auto-generated v2 enterprise lead. Category: gym. Rev Tier: $350k - $900k
LEAD-0109,Cinnamon & Co Bakehouse,Benjamin Jones,https://instagram.com/cinnamoncobakeho,GB,Birmingham,http://www.cinnamoncobakehobirmingham.co.uk,benjamin@cinnamoncobakehobirmingham.co.uk,+44 121 713 8726,VALID_MX,95,EMAIL_1_SENT,Campaign 1,1,0,YES,⏳ OUTREACH SENT / WAITING,NO,,NONE,1900.0,15%,285.0,DELIVERED,CLEAN,2026-08-27 16:23:09 UTC,Auto-generated v2 enterprise lead. Category: bakery. Rev Tier: $200k - $550k
LEAD-0958,Integrity Building & Renovations,James Hall,https://instagram.com/integritybuildin,CA,Vancouver,https://facebook.com/integritybuildin,hello@integritybuildinvancouver.ca,+1 604 276 1229,VALID_MX,95,EMAIL_1_SENT,Campaign 1,1,0,YES,⏳ OUTREACH SENT / WAITING,NO,,NONE,500.0,15%,75.0,DELIVERED,CLEAN,2026-08-27 16:23:09 UTC,Auto-generated v2 enterprise lead. Category: contractor. Rev Tier: $600k - $2.5M
LEAD-0644,Garcia's Restaurant,Elena Garcia,None,IE,Waterford,None (Missing),elena@garciasrestauranwaterford.ie,+353 51 501 1510,VALID_MX,95,EMAIL_1_SENT,Campaign 1,1,0,YES,⏳ OUTREACH SENT / WAITING,NO,,NONE,500.0,15%,75.0,DELIVERED,CLEAN,2026-08-27 16:23:09 UTC,Auto-generated v2 enterprise lead. Category: restaurant. Rev Tier: $400k - $1.5M
LEAD-0882,Quinn's Roofing,Lily Quinn,https://instagram.com/quinnsroofing,IE,Galway,None (Missing),lily@quinnsroofinggalway.ie,+353 91 871 1554,VALID_MX,95,EMAIL_1_SENT,Campaign 1,1,0,YES,⏳ OUTREACH SENT / WAITING,NO,,NONE,500.0,15%,75.0,DELIVERED,CLEAN,2026-08-27 16:23:09 UTC,Auto-generated v2 enterprise lead. Category: roofing. Rev Tier: $500k - $1.5M
LEAD-0657,QuickFlow Plumbing Services,Lily Kelly,https://instagram.com/quickflowplumbin,CA,Toronto,http://www.quickflowplumbintoronto.ca,hello@quickflowplumbintoronto.ca,+1 416 800 7163,VALID_MX,95,EMAIL_1_SENT,Campaign 1,1,0,YES,⏳ OUTREACH SENT / WAITING,NO,,NONE,500.0,15%,75.0,DELIVERED,CLEAN,2026-08-27 16:23:09 UTC,Auto-generated v2 enterprise lead. Category: plumber. Rev Tier: $250k - $750k
LEAD-0990,Pinnacle Building & Renovations,Marcus Brown,https://instagram.com/pinnaclebuilding,US,New York,https://facebook.com/pinnaclebuilding,hello@pinnaclebuildingnewyork.com,+1 212 352 1460,VALID_MX,95,EMAIL_1_SENT,Campaign 1,1,0,YES,⏳ OUTREACH SENT / WAITING,NO,,NONE,500.0,15%,75.0,DELIVERED,CLEAN,2026-08-27 16:23:09 UTC,Auto-generated v2 enterprise lead. Category: contractor. Rev Tier: $600k - $2.5M
LEAD-0917,White's Cafe,Michael White,https://instagram.com/whitescafe,CA,Toronto,http://www.whitescafetoronto.ca,enquiries@whitescafetoronto.ca,+1 416 805 6407,VALID_MX,95,EMAIL_1_SENT,Campaign 1,1,0,YES,⏳ OUTREACH SENT / WAITING,NO,,NONE,500.0,15%,75.0,DELIVERED,CLEAN,2026-08-27 16:23:09 UTC,Auto-generated v2 enterprise lead. Category: cafe. Rev Tier: $200k - $600k
LEAD-0509,Flour Power Bakery & Patisserie,Ryan Lee,None,GB,Birmingham,https://facebook.com/flourpowerbakery,ryan@flourpowerbakerybirmingham.co.uk,+44 121 500 4196,VALID_MX,95,EMAIL_1_SENT,Campaign 1,1,0,YES,⏳ OUTREACH SENT / WAITING,NO,,NONE,500.0,15%,75.0,DELIVERED,CLEAN,2026-08-27 16:23:09 UTC,Auto-generated v2 enterprise lead. Category: bakery. Rev Tier: $200k - $550k
LEAD-0859,Silverline Photography,Jack Murphy,https://instagram.com/silverlinephotog,NZ,Auckland,None (Missing),jack@silverlinephotogauckland.co.nz,+64 9 634 2465,VALID_MX,95,EMAIL_1_SENT,Campaign 1,1,0,YES,⏳ OUTREACH SENT / WAITING,NO,,NONE,500.0,15%,75.0,DELIVERED,CLEAN,2026-08-27 16:23:09 UTC,Auto-generated v2 enterprise lead. Category: photographer. Rev Tier: $150k - $400k
LEAD-0556,Manor & Gardens Venue & Retreat,Sarah Lee,https://instagram.com/manorgardensvenu,AU,Melbourne,http://www.manorgardensvenumelbourne.com.au,enquiries@manorgardensvenumelbourne.com.au,+61 3 493 6707,VALID_MX,95,EMAIL_1_SENT,Campaign 1,1,0,YES,⏳ OUTREACH SENT / WAITING,NO,,NONE,500.0,15%,75.0,DELIVERED,CLEAN,2026-08-27 16:23:09 UTC,Auto-generated v2 enterprise lead. Category: event_venue. Rev Tier: $500k - $2.0M
LEAD-0431,Apex Animal Clinic,Elena O'Sullivan,https://instagram.com/apexanimalclinic,US,Austin,https://facebook.com/apexanimalclinic,contact@apexanimalclinicaustin.com,+1 512 907 2412,VALID_MX,95,EMAIL_1_SENT,Campaign 1,1,0,YES,⏳ OUTREACH SENT / WAITING,NO,,NONE,500.0,15%,75.0,DELIVERED,CLEAN,2026-08-27 16:23:09 UTC,Auto-generated v2 enterprise lead. Category: veterinary. Rev Tier: $450k - $1.3M
LEAD-0038,Glow & Co Hair Designers,Zoe Lynch,None,CA,Vancouver,None (Missing),zoe@glowcohairdesignvancouver.ca,+1 604 658 1282,VALID_MX,95,FOLLOWUP_2_SENT,Campaign 1,4,3,NO,⏳ OUTREACH SENT / WAITING,NO,,NONE,2000.0,20%,400.0,DELIVERED,CLEAN,2026-08-27 16:23:09 UTC,Auto-generated v2 enterprise lead. Category: salon. Rev Tier: $200k - $500k
LEAD-0041,Charter Tax & Wealth Advisors,Fiona O'Connor,https://instagram.com/chartertaxwealth,IE,Cork,None (Missing),fiona@chartertaxwealthcork.ie,+353 21 690 8216,VALID_MX,95,FOLLOWUP_1_SENT,Campaign 1,2,1,YES,⏳ OUTREACH SENT / WAITING,NO,,NONE,3200.0,20%,640.0,DELIVERED,CLEAN,2026-08-27 16:23:09 UTC,Auto-generated v2 enterprise lead. Category: accountant. Rev Tier: $400k - $1.2M
LEAD-0503,Elevation CrossFit & Athletics,Patrick Johnson,https://instagram.com/elevationcrossfi,IE,Limerick,http://www.elevationcrossfilimerick.ie,hello@elevationcrossfilimerick.ie,+353 61 475 4432,VALID_MX,95,EMAIL_1_SENT,Campaign 1,1,0,YES,⏳ OUTREACH SENT / WAITING,NO,,NONE,500.0,15%,75.0,DELIVERED,CLEAN,2026-08-27 16:23:09 UTC,Auto-generated v2 enterprise lead. Category: gym. Rev Tier: $350k - $900k
LEAD-0411,Silverline Photography,Lucas Harris,None,US,Austin,https://facebook.com/silverlinephotog,hello@silverlinephotogaustin.com,+1 512 641 4385,VALID_MX,95,EMAIL_1_SENT,Campaign 1,1,0,YES,⏳ OUTREACH SENT / WAITING,NO,,NONE,500.0,15%,75.0,DELIVERED,CLEAN,2026-08-27 16:23:09 UTC,Auto-generated v2 enterprise lead. Category: photographer. Rev Tier: $150k - $400k
LEAD-0816,Apex Orthodontics,Marcus Dunne,https://instagram.com/apexorthodontics,AU,Melbourne,http://www.apexorthodonticsmelbourne.com.au,contact@apexorthodonticsmelbourne.com.au,+61 3 779 1645,VALID_MX,95,EMAIL_1_SENT,Campaign 1,1,0,YES,⏳ OUTREACH SENT / WAITING,NO,,NONE,500.0,15%,75.0,DELIVERED,CLEAN,2026-08-27 16:23:09 UTC,Auto-generated v2 enterprise lead. Category: dentist. Rev Tier: $400k - $1.2M
LEAD-0806,Artisan Salon & Spa,Benjamin Murphy,None,GB,London,None (Missing),benjamin@artisansalonspalondon.co.uk,+44 20 847 3447,VALID_MX,95,EMAIL_1_SENT,Campaign 1,1,0,YES,⏳ OUTREACH SENT / WAITING,NO,,NONE,500.0,15%,75.0,DELIVERED,CLEAN,2026-08-27 16:23:09 UTC,Auto-generated v2 enterprise lead. Category: salon. Rev Tier: $200k - $500k
LEAD-0304,Harbour Family Dentistry,Matthew Brown,https://instagram.com/harbourfamilyden,IE,Waterford,None (Missing),matthew@harbourfamilydenwaterford.ie,+353 51 929 7126,VALID_MX,95,EMAIL_1_SENT,Campaign 1,1,0,YES,⏳ OUTREACH SENT / WAITING,NO,,NONE,500.0,15%,75.0,DELIVERED,CLEAN,2026-08-27 16:23:09 UTC,Auto-generated v2 enterprise lead. Category: dentist. Rev Tier: $400k - $1.2M
LEAD-0194,Shield Roofing Contractors,Oliver Wilson,https://instagram.com/shieldroofingcon,US,Seattle,None (Missing),oliver@shieldroofingconseattle.com,+1 206 280 8133,VALID_MX,95,EMAIL_1_SENT,Campaign 1,1,0,YES,⏳ OUTREACH SENT / WAITING,NO,,NONE,500.0,15%,75.0,DELIVERED,CLEAN,2026-08-27 16:23:09 UTC,Auto-generated v2 enterprise lead. Category: roofing. Rev Tier: $500k - $1.5M
LEAD-0188,Crystal Hall Banqueting Hall,Matthew Kennedy,None,GB,Edinburgh,None (Missing),matthew@crystalhallbanquedinburgh.co.uk,+44 131 275 1547,VALID_MX,95,EMAIL_1_SENT,Campaign 1,1,0,YES,⏳ OUTREACH SENT / WAITING,NO,,NONE,500.0,15%,75.0,DELIVERED,CLEAN,2026-08-27 16:23:09 UTC,Auto-generated v2 enterprise lead. Category: event_venue. Rev Tier: $500k - $2.0M
LEAD-0143,Companion Animal Clinic,David Kennedy,https://instagram.com/companionanimalc,IE,Limerick,http://www.companionanimalclimerick.ie,enquiries@companionanimalclimerick.ie,+353 61 227 8563,VALID_MX,95,EMAIL_1_SENT,Campaign 1,1,0,YES,⏳ OUTREACH SENT / WAITING,NO,,NONE,3400.0,15%,510.0,DELIVERED,CLEAN,2026-08-27 16:23:09 UTC,Auto-generated v2 enterprise lead. Category: veterinary. Rev Tier: $450k - $1.3M
LEAD-0102,Mane & Co Salon & Spa,James Thompson,https://instagram.com/manecosalonspa,IE,Galway,None (Missing),james@manecosalonspagalway.ie,+353 91 333 7070,VALID_MX,95,EMAIL_1_SENT,Campaign 1,1,0,YES,⏳ OUTREACH SENT / WAITING,NO,,NONE,2000.0,15%,300.0,DELIVERED,CLEAN,2026-08-27 16:23:09 UTC,Auto-generated v2 enterprise lead. Category: salon. Rev Tier: $200k - $500k
LEAD-0947,Apex Electricians & Automation,Ethan Lynch,None,GB,Manchester,https://facebook.com/apexelectricians,contact@apexelectriciansmanchester.co.uk,+44 161 886 6927,VALID_MX,95,EMAIL_1_SENT,Campaign 1,1,0,YES,⏳ OUTREACH SENT / WAITING,NO,,NONE,500.0,15%,75.0,DELIVERED,CLEAN,2026-08-27 16:23:09 UTC,Auto-generated v2 enterprise lead. Category: electrician. Rev Tier: $300k - $800k
LEAD-0502,Velvet Hair Hair Studio,Michael O'Connor,https://instagram.com/velvethairhairst,IE,Galway,None (Missing),michael@velvethairhairstgalway.ie,+353 91 607 2316,VALID_MX,95,EMAIL_1_SENT,Campaign 1,1,0,YES,⏳ OUTREACH SENT / WAITING,NO,,NONE,430.0,15%,64.5,DELIVERED,CLEAN,2026-08-27 16:23:09 UTC,Auto-generated v2 enterprise lead. Category: salon. Rev Tier: $200k - $500k
LEAD-0370,TrueGuard Roofing Specialists,James Robinson,https://instagram.com/trueguardroofing,US,New York,http://www.trueguardroofingnewyork.com,enquiries@trueguardroofingnewyork.com,+1 212 508 2990,VALID_MX,95,EMAIL_1_SENT,Campaign 1,1,0,YES,⏳ OUTREACH SENT / WAITING,NO,,NONE,500.0,15%,75.0,DELIVERED,CLEAN,2026-08-27 16:23:09 UTC,Auto-generated v2 enterprise lead. Category: roofing. Rev Tier: $500k - $1.5M
LEAD-0303,Companion Veterinary Hospital,Lucas Jones,https://instagram.com/companionveterin,IE,Limerick,https://facebook.com/companionveterin,hello@companionveterinlimerick.ie,+353 61 389 1429,VALID_MX,95,EMAIL_1_SENT,Campaign 1,1,0,YES,⏳ OUTREACH SENT / WAITING,NO,,NONE,500.0,15%,75.0,DELIVERED,CLEAN,2026-08-27 16:23:09 UTC,Auto-generated v2 enterprise lead. Category: veterinary. Rev Tier: $450k - $1.3M
LEAD-0085,Corner Perk Specialty Coffee,Thomas Jones,https://instagram.com/cornerperkspecia,GB,Belfast,http://www.cornerperkspeciabelfast.co.uk,hello@cornerperkspeciabelfast.co.uk,+44 28 661 6727,VALID_MX,95,EMAIL_1_SENT,Campaign 1,1,0,YES,⏳ OUTREACH SENT / WAITING,NO,,NONE,1800.0,15%,270.0,DELIVERED,CLEAN,2026-08-27 16:23:09 UTC,Auto-generated v2 enterprise lead. Category: cafe. Rev Tier: $200k - $600k
LEAD-0047,Valley Pet Care Center,Matthew Martinez,https://instagram.com/valleypetcarecen,GB,Manchester,http://www.valleypetcarecenmanchester.co.uk,contact@valleypetcarecenmanchester.co.uk,+44 161 886 2713,VALID_MX,95,FOLLOWUP_1_SENT,Campaign 1,2,1,YES,⏳ OUTREACH SENT / WAITING,NO,,NONE,3400.0,20%,680.0,DELIVERED,CLEAN,2026-08-27 16:23:09 UTC,Auto-generated v2 enterprise lead. Category: veterinary. Rev Tier: $450k - $1.3M
LEAD-0033,Reliable Plumbing & Heating,Aoife Martinez,https://instagram.com/reliableplumbing,US,Miami,http://www.reliableplumbingmiami.com,info@reliableplumbingmiami.com,+1 305 972 1508,VALID_MX,95,FOLLOWUP_2_SENT,Campaign 1,4,3,NO,⏳ OUTREACH SENT / WAITING,NO,,NONE,2200.0,20%,440.0,DELIVERED,CLEAN,2026-08-27 16:23:09 UTC,Auto-generated v2 enterprise lead. Category: plumber. Rev Tier: $250k - $750k
LEAD-0954,ProDrive Auto Service & Repair,Zoe O'Sullivan,https://instagram.com/prodriveautoserv,US,Seattle,https://facebook.com/prodriveautoserv,hello@prodriveautoservseattle.com,+1 206 778 2094,VALID_MX,95,EMAIL_1_SENT,Campaign 1,1,0,YES,⏳ OUTREACH SENT / WAITING,NO,,NONE,714.0,15%,107.1,DELIVERED,CLEAN,2026-08-27 16:23:09 UTC,Auto-generated v2 enterprise lead. Category: car_repair. Rev Tier: $350k - $850k
LEAD-0969,Ledger & Co Financial Consultants,Ruby Harris,None,GB,Birmingham,https://facebook.com/ledgercofinancia,hello@ledgercofinanciabirmingham.co.uk,+44 121 899 9727,VALID_MX,95,EMAIL_1_SENT,Campaign 1,1,0,YES,⏳ OUTREACH SENT / WAITING,NO,,NONE,500.0,15%,75.0,DELIVERED,CLEAN,2026-08-27 16:23:09 UTC,Auto-generated v2 enterprise lead. Category: accountant. Rev Tier: $400k - $1.2M
LEAD-0965,Corner Perk Espresso Bar,Alexander O'Neill,https://instagram.com/cornerperkespres,GB,Belfast,None (Missing),alexander@cornerperkespresbelfast.co.uk,+44 28 689 4211,VALID_MX,95,EMAIL_1_SENT,Campaign 1,1,0,YES,⏳ OUTREACH SENT / WAITING,NO,,NONE,500.0,15%,75.0,DELIVERED,CLEAN,2026-08-27 16:23:09 UTC,Auto-generated v2 enterprise lead. Category: cafe. Rev Tier: $200k - $600k
LEAD-0609,Anderson's Plumber,Benjamin Anderson,https://instagram.com/andersonsplumber,GB,Birmingham,None (Missing),benjamin@andersonsplumberbirmingham.co.uk,+44 121 231 5003,VALID_MX,95,EMAIL_1_SENT,Campaign 1,1,0,YES,⏳ OUTREACH SENT / WAITING,NO,,NONE,500.0,15%,75.0,DELIVERED,CLEAN,2026-08-27 16:23:09 UTC,Auto-generated v2 enterprise lead. Category: plumber. Rev Tier: $250k - $750k
LEAD-0606,Cornerstone Home Builders,Emily Jones,https://instagram.com/cornerstonehomeb,GB,London,None (Missing),emily@cornerstonehomeblondon.co.uk,+44 20 542 1341,VALID_MX,95,EMAIL_1_SENT,Campaign 1,1,0,YES,⏳ OUTREACH SENT / WAITING,NO,,NONE,500.0,15%,75.0,DELIVERED,CLEAN,2026-08-27 16:23:09 UTC,Auto-generated v2 enterprise lead. Category: contractor. Rev Tier: $600k - $2.5M
LEAD-0523,Epic Photography Collective,Ethan Robinson,None,IE,Limerick,None (Missing),ethan@epicphotographyclimerick.ie,+353 61 873 1001,VALID_MX,95,EMAIL_1_SENT,Campaign 1,1,0,YES,⏳ OUTREACH SENT / WAITING,NO,,NONE,500.0,15%,75.0,DELIVERED,CLEAN,2026-08-27 16:23:09 UTC,Auto-generated v2 enterprise lead. Category: photographer. Rev Tier: $150k - $400k
LEAD-0442,Precision Auto Auto Service & Repair,Benjamin Smith,None,IE,Galway,None (Missing),benjamin@precisionautoautgalway.ie,+353 91 333 8802,VALID_MX,95,EMAIL_1_SENT,Campaign 1,1,0,YES,⏳ OUTREACH SENT / WAITING,NO,,NONE,500.0,15%,75.0,DELIVERED,CLEAN,2026-08-27 16:23:09 UTC,Auto-generated v2 enterprise lead. Category: car_repair. Rev Tier: $350k - $850k
LEAD-0378,Byrne's Car Repair,Ella Byrne,https://instagram.com/byrnescarrepair,CA,Vancouver,None (Missing),ella@byrnescarrepairvancouver.ca,+1 604 909 3219,VALID_MX,95,EMAIL_1_SENT,Campaign 1,1,0,YES,⏳ OUTREACH SENT / WAITING,NO,,NONE,500.0,15%,75.0,DELIVERED,CLEAN,2026-08-27 16:23:09 UTC,Auto-generated v2 enterprise lead. Category: car_repair. Rev Tier: $350k - $850k
LEAD-0314,Dynamic Auto Service & Repair,Aoife Johnson,https://instagram.com/dynamicautoservi,US,Seattle,None (Missing),aoife@dynamicautoserviseattle.com,+1 206 941 5705,VALID_MX,95,EMAIL_1_SENT,Campaign 1,1,0,YES,⏳ OUTREACH SENT / WAITING,NO,,NONE,714.0,15%,107.1,DELIVERED,CLEAN,2026-08-27 16:23:09 UTC,Auto-generated v2 enterprise lead. Category: car_repair. Rev Tier: $350k - $850k
LEAD-0930,Summit Roofing Specialists,Elena Harris,https://instagram.com/summitroofingspe,US,New York,None (Missing),elena@summitroofingspenewyork.com,+1 212 434 7046,VALID_MX,95,EMAIL_1_SENT,Campaign 1,1,0,YES,⏳ OUTREACH SENT / WAITING,NO,,NONE,500.0,15%,75.0,DELIVERED,CLEAN,2026-08-27 16:23:09 UTC,Auto-generated v2 enterprise lead. Category: roofing. Rev Tier: $500k - $1.5M
LEAD-0441,Brennan's Accountant,Samuel Brennan,https://instagram.com/brennansaccounta,IE,Cork,https://facebook.com/brennansaccounta,contact@brennansaccountacork.ie,+353 21 491 3293,VALID_MX,95,EMAIL_1_SENT,Campaign 1,1,0,YES,⏳ OUTREACH SENT / WAITING,NO,,NONE,500.0,15%,75.0,DELIVERED,CLEAN,2026-08-27 16:23:09 UTC,Auto-generated v2 enterprise lead. Category: accountant. Rev Tier: $400k - $1.2M
LEAD-0280,Taylor's Lawyer,Aoife Taylor,https://instagram.com/taylorslawyer,IE,Dublin,None (Missing),aoife@taylorslawyerdublin.ie,+353 1 532 1246,VALID_MX,95,EMAIL_1_SENT,Campaign 1,1,0,YES,⏳ OUTREACH SENT / WAITING,NO,,NONE,500.0,15%,75.0,DELIVERED,CLEAN,2026-08-27 16:23:09 UTC,Auto-generated v2 enterprise lead. Category: lawyer. Rev Tier: $600k - $2.5M
LEAD-0768,Prime Dental Care,William Davis,https://instagram.com/primedentalcare,GB,Edinburgh,None (Missing),william@primedentalcareedinburgh.co.uk,+44 131 946 2957,VALID_MX,95,EMAIL_1_SENT,Campaign 1,1,0,YES,⏳ OUTREACH SENT / WAITING,NO,,NONE,500.0,15%,75.0,DELIVERED,CLEAN,2026-08-27 16:23:09 UTC,Auto-generated v2 enterprise lead. Category: dentist. Rev Tier: $400k - $1.2M
LEAD-0066,Apex Roofing Solutions,Grace Lee,https://instagram.com/apexroofingsolut,GB,London,None (Missing),grace@apexroofingsolutlondon.co.uk,+44 20 275 2323,VALID_MX,95,EMAIL_1_SENT,Campaign 1,1,0,YES,⏳ OUTREACH SENT / WAITING,NO,,NONE,3800.0,15%,570.0,DELIVERED,CLEAN,2026-08-27 16:23:09 UTC,Auto-generated v2 enterprise lead. Category: roofing. Rev Tier: $500k - $1.5M
LEAD-0885,Urban Grind Specialty Coffee,Elena Garcia,None,GB,Belfast,None (Missing),elena@urbangrindspeciabelfast.co.uk,+44 28 990 9209,VALID_MX,95,EMAIL_1_SENT,Campaign 1,1,0,YES,⏳ OUTREACH SENT / WAITING,NO,,NONE,500.0,15%,75.0,DELIVERED,CLEAN,2026-08-27 16:23:09 UTC,Auto-generated v2 enterprise lead. Category: cafe. Rev Tier: $200k - $600k
LEAD-0876,The Foundry Events & Weddings,Liam Garcia,https://instagram.com/thefoundryevents,AU,Melbourne,http://www.thefoundryeventsmelbourne.com.au,contact@thefoundryeventsmelbourne.com.au,+61 3 441 8971,VALID_MX,95,EMAIL_1_SENT,Campaign 1,1,0,YES,⏳ OUTREACH SENT / WAITING,NO,,NONE,500.0,15%,75.0,DELIVERED,CLEAN,2026-08-27 16:23:09 UTC,Auto-generated v2 enterprise lead. Category: event_venue. Rev Tier: $500k - $2.0M
LEAD-0819,Murphy's Electrician,Grace Murphy,https://instagram.com/murphyselectrici,NZ,Auckland,None (Missing),grace@murphyselectriciauckland.co.nz,+64 9 224 7798,VALID_MX,95,EMAIL_1_SENT,Campaign 1,1,0,YES,⏳ OUTREACH SENT / WAITING,NO,,NONE,500.0,15%,75.0,DELIVERED,CLEAN,2026-08-27 16:23:09 UTC,Auto-generated v2 enterprise lead. Category: electrician. Rev Tier: $300k - $800k
LEAD-0080,Pure Dental Care,William Jones,https://instagram.com/puredentalcare,IE,Dublin,http://www.puredentalcaredublin.ie,enquiries@puredentalcaredublin.ie,+353 1 879 3317,VALID_MX,95,EMAIL_1_SENT,Campaign 1,1,0,YES,⏳ OUTREACH SENT / WAITING,NO,,NONE,3500.0,15%,525.0,DELIVERED,CLEAN,2026-08-27 16:23:09 UTC,Auto-generated v2 enterprise lead. Category: dentist. Rev Tier: $400k - $1.2M
LEAD-0235,Iris & Co Photography Collective,Oliver Lee,None,AU,Sydney,https://facebook.com/iriscophotograph,enquiries@iriscophotographsydney.com.au,+61 2 919 8130,VALID_MX,95,EMAIL_1_SENT,Campaign 1,1,0,YES,⏳ OUTREACH SENT / WAITING,NO,,NONE,500.0,15%,75.0,DELIVERED,CLEAN,2026-08-27 16:23:09 UTC,Auto-generated v2 enterprise lead. Category: photographer. Rev Tier: $150k - $400k
LEAD-0123,Lumina Visual Media Studio,Sophie O'Connor,https://instagram.com/luminavisualmedi,IE,Limerick,None (Missing),sophie@luminavisualmedilimerick.ie,+353 61 889 9920,VALID_MX,95,EMAIL_1_SENT,Campaign 1,1,0,YES,⏳ OUTREACH SENT / WAITING,NO,,NONE,1900.0,15%,285.0,DELIVERED,CLEAN,2026-08-27 16:23:09 UTC,Auto-generated v2 enterprise lead. Category: photographer. Rev Tier: $150k - $400k
LEAD-0992,Gentle Dental Care,Aoife Kelly,https://instagram.com/gentledentalcare,US,Chicago,http://www.gentledentalcarechicago.com,contact@gentledentalcarechicago.com,+1 312 509 4871,VALID_MX,95,EMAIL_1_SENT,Campaign 1,1,0,YES,⏳ OUTREACH SENT / WAITING,NO,,NONE,500.0,15%,75.0,DELIVERED,CLEAN,2026-08-27 16:23:09 UTC,Auto-generated v2 enterprise lead. Category: dentist. Rev Tier: $400k - $1.2M
LEAD-0843,Epic Wedding & Portrait Studio,Lucas Quinn,https://instagram.com/epicweddingportr,IE,Limerick,http://www.epicweddingportrlimerick.ie,contact@epicweddingportrlimerick.ie,+353 61 340 6235,VALID_MX,95,EMAIL_1_SENT,Campaign 1,1,0,YES,⏳ OUTREACH SENT / WAITING,NO,,NONE,500.0,15%,75.0,DELIVERED,CLEAN,2026-08-27 16:23:09 UTC,Auto-generated v2 enterprise lead. Category: photographer. Rev Tier: $150k - $400k
LEAD-0893,Sweet Hearth Artisan Bakery,Jack Lee,https://instagram.com/sweethearthartis,US,Miami,https://facebook.com/sweethearthartis,hello@sweethearthartismiami.com,+1 305 371 4115,VALID_MX,95,EMAIL_1_SENT,Campaign 1,1,0,YES,⏳ OUTREACH SENT / WAITING,NO,,NONE,500.0,15%,75.0,DELIVERED,CLEAN,2026-08-27 16:23:09 UTC,Auto-generated v2 enterprise lead. Category: bakery. Rev Tier: $200k - $550k
LEAD-0829,Flour Power Pastry Studio,Grace Robinson,https://instagram.com/flourpowerpastry,GB,Birmingham,https://facebook.com/flourpowerpastry,contact@flourpowerpastrybirmingham.co.uk,+44 121 351 9102,VALID_MX,95,EMAIL_1_SENT,Campaign 1,1,0,YES,⏳ OUTREACH SENT / WAITING,NO,,NONE,500.0,15%,75.0,DELIVERED,CLEAN,2026-08-27 16:23:09 UTC,Auto-generated v2 enterprise lead. Category: bakery. Rev Tier: $200k - $550k
LEAD-0760,Lexis Law Chambers,Lily Harris,https://instagram.com/lexislawchambers,IE,Dublin,None (Missing),lily@lexislawchambersdublin.ie,+353 1 833 2244,VALID_MX,95,EMAIL_1_SENT,Campaign 1,1,0,YES,⏳ OUTREACH SENT / WAITING,NO,,NONE,500.0,15%,75.0,DELIVERED,CLEAN,2026-08-27 16:23:09 UTC,Auto-generated v2 enterprise lead. Category: lawyer. Rev Tier: $600k - $2.5M
LEAD-0663,Prime Health & Performance,Daniel Miller,https://instagram.com/primehealthperfo,IE,Limerick,http://www.primehealthperfolimerick.ie,hello@primehealthperfolimerick.ie,+353 61 497 3644,VALID_MX,95,EMAIL_1_SENT,Campaign 1,1,0,YES,⏳ OUTREACH SENT / WAITING,NO,,NONE,500.0,15%,75.0,DELIVERED,CLEAN,2026-08-27 16:23:09 UTC,Auto-generated v2 enterprise lead. Category: gym. Rev Tier: $350k - $900k
LEAD-0587,Iris & Co Wedding & Portrait Studio,Hannah Davis,https://instagram.com/iriscoweddingpor,GB,Manchester,None (Missing),hannah@iriscoweddingpormanchester.co.uk,+44 161 570 4407,VALID_MX,95,EMAIL_1_SENT,Campaign 1,1,0,YES,⏳ OUTREACH SENT / WAITING,NO,,NONE,500.0,15%,75.0,DELIVERED,CLEAN,2026-08-27 16:23:09 UTC,Auto-generated v2 enterprise lead. Category: photographer. Rev Tier: $150k - $400k
LEAD-0477,Honey & Rye Bakery & Patisserie,Emma O'Neill,https://instagram.com/honeyryebakerypa,CA,Toronto,https://facebook.com/honeyryebakerypa,contact@honeyryebakerypatoronto.ca,+1 416 488 6679,VALID_MX,95,EMAIL_1_SENT,Campaign 1,1,0,YES,⏳ OUTREACH SENT / WAITING,NO,,NONE,714.0,15%,107.1,DELIVERED,CLEAN,2026-08-27 16:23:09 UTC,Auto-generated v2 enterprise lead. Category: bakery. Rev Tier: $200k - $550k
LEAD-0269,Artisan Sourdough Bakehouse,Olivia Hall,https://instagram.com/artisansourdough,GB,Birmingham,https://facebook.com/artisansourdough,contact@artisansourdoughbirmingham.co.uk,+44 121 631 7631,VALID_MX,95,EMAIL_1_SENT,Campaign 1,1,0,YES,⏳ OUTREACH SENT / WAITING,NO,,NONE,500.0,15%,75.0,DELIVERED,CLEAN,2026-08-27 16:23:09 UTC,Auto-generated v2 enterprise lead. Category: bakery. Rev Tier: $200k - $550k
LEAD-0205,Flour Power Pastry Studio,Sophie O'Neill,None,GB,Belfast,https://facebook.com/flourpowerpastry,enquiries@flourpowerpastrybelfast.co.uk,+44 28 507 3785,VALID_MX,95,EMAIL_1_SENT,Campaign 1,1,0,YES,⏳ OUTREACH SENT / WAITING,NO,,NONE,500.0,15%,75.0,DELIVERED,CLEAN,2026-08-27 16:23:09 UTC,Auto-generated v2 enterprise lead. Category: bakery. Rev Tier: $200k - $550k
LEAD-0189,Brennan's Bakery,Chloe Brennan,https://instagram.com/brennansbakery,GB,Birmingham,https://facebook.com/brennansbakery,info@brennansbakerybirmingham.co.uk,+44 121 641 3703,VALID_MX,95,EMAIL_1_SENT,Campaign 1,1,0,YES,⏳ OUTREACH SENT / WAITING,NO,,NONE,714.0,15%,107.1,DELIVERED,CLEAN,2026-08-27 16:23:09 UTC,Auto-generated v2 enterprise lead. Category: bakery. Rev Tier: $200k - $550k
LEAD-0842,FleetFix Garage & Diagnostics,Samuel Robinson,https://instagram.com/fleetfixgaragedi,IE,Galway,None (Missing),samuel@fleetfixgaragedigalway.ie,+353 91 268 4039,VALID_MX,95,EMAIL_1_SENT,Campaign 1,1,0,YES,⏳ OUTREACH SENT / WAITING,NO,,NONE,500.0,15%,75.0,DELIVERED,CLEAN,2026-08-27 16:23:09 UTC,Auto-generated v2 enterprise lead. Category: car_repair. Rev Tier: $350k - $850k
LEAD-0138,MasterTech Auto Care Center,Jack Lee,https://instagram.com/mastertechautoca,CA,Vancouver,https://facebook.com/mastertechautoca,info@mastertechautocavancouver.ca,+1 604 990 5839,VALID_MX,95,EMAIL_1_SENT,Campaign 1,1,0,YES,⏳ OUTREACH SENT / WAITING,NO,,NONE,2400.0,15%,360.0,DELIVERED,CLEAN,2026-08-27 16:23:09 UTC,Auto-generated v2 enterprise lead. Category: car_repair. Rev Tier: $350k - $850k
LEAD-0019,Elite Electrical Contractors,Aoife Smith,https://instagram.com/eliteelectricalc,NZ,Auckland,https://facebook.com/eliteelectricalc,info@eliteelectricalcauckland.co.nz,+64 9 203 6464,VALID_MX,95,MEETING_REQUEST,Campaign 1,1,0,NO,🔥 HOT / APPROACHING,YES,2026-08-27 15:19 UTC,POSITIVE,2400.0,60%,1440.0,DELIVERED,CLEAN,2026-08-27 16:23:09 UTC,Auto-generated v2 enterprise lead. Category: electrician. Rev Tier: $300k - $800k
LEAD-0244,Gourmet Kitchen & Bar,Emily McCarthy,None,IE,Waterford,None (Missing),emily@gourmetkitchenbawaterford.ie,+353 51 572 9227,VALID_MX,95,EMAIL_1_SENT,Campaign 1,1,0,YES,⏳ OUTREACH SENT / WAITING,NO,,NONE,500.0,15%,75.0,DELIVERED,CLEAN,2026-08-27 16:23:09 UTC,Auto-generated v2 enterprise lead. Category: restaurant. Rev Tier: $400k - $1.5M
LEAD-0798,Garcia's Contractor,Jack Garcia,https://instagram.com/garciascontracto,CA,Vancouver,None (Missing),jack@garciascontractovancouver.ca,+1 604 924 6605,VALID_MX,95,EMAIL_1_SENT,Campaign 1,1,0,YES,⏳ OUTREACH SENT / WAITING,NO,,NONE,500.0,15%,75.0,DELIVERED,CLEAN,2026-08-27 16:23:09 UTC,Auto-generated v2 enterprise lead. Category: contractor. Rev Tier: $600k - $2.5M
LEAD-0729,Precision Tax & Wealth Advisors,Matthew Brown,https://instagram.com/precisiontaxweal,GB,Birmingham,None (Missing),matthew@precisiontaxwealbirmingham.co.uk,+44 121 355 3464,VALID_MX,95,EMAIL_1_SENT,Campaign 1,1,0,YES,⏳ OUTREACH SENT / WAITING,NO,,NONE,500.0,15%,75.0,DELIVERED,CLEAN,2026-08-27 16:23:09 UTC,Auto-generated v2 enterprise lead. Category: accountant. Rev Tier: $400k - $1.2M
LEAD-0708,The Artisan Bistro & Eatery,Sarah Johnson,https://instagram.com/theartisanbistro,GB,Edinburgh,None (Missing),sarah@theartisanbistroedinburgh.co.uk,+44 131 628 7722,VALID_MX,95,EMAIL_1_SENT,Campaign 1,1,0,YES,⏳ OUTREACH SENT / WAITING,NO,,NONE,500.0,15%,75.0,DELIVERED,CLEAN,2026-08-27 16:23:09 UTC,Auto-generated v2 enterprise lead. Category: restaurant. Rev Tier: $400k - $1.5M
LEAD-0697,Prime Chartered Accountants,Ella Jackson,https://instagram.com/primecharteredac,CA,Toronto,None (Missing),ella@primecharteredactoronto.ca,+1 416 249 8614,VALID_MX,95,EMAIL_1_SENT,Campaign 1,1,0,YES,⏳ OUTREACH SENT / WAITING,NO,,NONE,500.0,15%,75.0,DELIVERED,CLEAN,2026-08-27 16:23:09 UTC,Auto-generated v2 enterprise lead. Category: accountant. Rev Tier: $400k - $1.2M
LEAD-0320,Gentle Orthodontics,Thomas Jones,None,IE,Dublin,None (Missing),thomas@gentleorthodontidublin.ie,+353 1 950 9579,VALID_MX,95,EMAIL_1_SENT,Campaign 1,1,0,YES,⏳ OUTREACH SENT / WAITING,NO,,NONE,500.0,15%,75.0,DELIVERED,CLEAN,2026-08-27 16:23:09 UTC,Auto-generated v2 enterprise lead. Category: dentist. Rev Tier: $400k - $1.2M
LEAD-0271,Happy Tails Veterinary Hospital,Matthew Lynch,https://instagram.com/happytailsveteri,US,Austin,None (Missing),matthew@happytailsveteriaustin.com,+1 512 736 2363,VALID_MX,95,EMAIL_1_SENT,Campaign 1,1,0,YES,⏳ OUTREACH SENT / WAITING,NO,,NONE,500.0,15%,75.0,DELIVERED,CLEAN,2026-08-27 16:23:09 UTC,Auto-generated v2 enterprise lead. Category: veterinary. Rev Tier: $450k - $1.3M
LEAD-0180,Gourmet Kitchen & Bar,Mia Thomas,https://instagram.com/gourmetkitchenba,IE,Dublin,None (Missing),mia@gourmetkitchenbadublin.ie,+353 1 930 6883,VALID_MX,95,EMAIL_1_SENT,Campaign 1,1,0,YES,⏳ OUTREACH SENT / WAITING,NO,,NONE,500.0,15%,75.0,DELIVERED,CLEAN,2026-08-27 16:23:09 UTC,Auto-generated v2 enterprise lead. Category: restaurant. Rev Tier: $400k - $1.5M
LEAD-0358,Pure Bliss Beauty & Hair Lounge,Oliver Dunne,https://instagram.com/pureblissbeautyh,CA,Vancouver,None (Missing),oliver@pureblissbeautyhvancouver.ca,+1 604 582 3234,VALID_MX,95,EMAIL_1_SENT,Campaign 1,1,0,YES,⏳ OUTREACH SENT / WAITING,NO,,NONE,500.0,15%,75.0,DELIVERED,CLEAN,2026-08-27 16:23:09 UTC,Auto-generated v2 enterprise lead. Category: salon. Rev Tier: $200k - $500k
LEAD-0864,Grand Dental Care,Alexander Miller,None,IE,Waterford,None (Missing),info@granddentalcarewaterford.ie,+353 51 586 3226,VALID_MX,95,EMAIL_1_SENT,Campaign 1,1,0,YES,⏳ OUTREACH SENT / WAITING,NO,,NONE,500.0,15%,75.0,DELIVERED,CLEAN,2026-08-27 16:23:09 UTC,Auto-generated v2 enterprise lead. Category: dentist. Rev Tier: $400k - $1.2M
LEAD-0713,Ledger & Co Tax & Wealth Advisors,Ella Williams,https://instagram.com/ledgercotaxwealt,US,Miami,None (Missing),ella@ledgercotaxwealtmiami.com,+1 305 872 6567,VALID_MX,95,EMAIL_1_SENT,Campaign 1,1,0,YES,⏳ OUTREACH SENT / WAITING,NO,,NONE,500.0,15%,75.0,DELIVERED,CLEAN,2026-08-27 16:23:09 UTC,Auto-generated v2 enterprise lead. Category: accountant. Rev Tier: $400k - $1.2M
LEAD-0612,Bistro Kitchen & Bar,Olivia Quinn,https://instagram.com/bistrokitchenbar,US,Chicago,None (Missing),olivia@bistrokitchenbarchicago.com,+1 312 513 1083,VALID_MX,95,EMAIL_1_SENT,Campaign 1,1,0,YES,⏳ OUTREACH SENT / WAITING,NO,,NONE,500.0,15%,75.0,DELIVERED,CLEAN,2026-08-27 16:23:09 UTC,Auto-generated v2 enterprise lead. Category: restaurant. Rev Tier: $400k - $1.5M
LEAD-0520,Sterling Legal Associates,Sean Williams,None,IE,Dublin,None (Missing),info@sterlinglegalassdublin.ie,+353 1 700 9351,VALID_MX,95,EMAIL_1_SENT,Campaign 1,1,0,YES,⏳ OUTREACH SENT / WAITING,NO,,NONE,500.0,15%,75.0,DELIVERED,CLEAN,2026-08-27 16:23:09 UTC,Auto-generated v2 enterprise lead. Category: lawyer. Rev Tier: $600k - $2.5M
LEAD-0400,Prime Orthodontics,Lucas Harris,https://instagram.com/primeorthodontic,IE,Dublin,None (Missing),enquiries@primeorthodonticdublin.ie,+353 1 441 7649,VALID_MX,95,EMAIL_1_SENT,Campaign 1,1,0,YES,⏳ OUTREACH SENT / WAITING,NO,,NONE,500.0,15%,75.0,DELIVERED,CLEAN,2026-08-27 16:23:09 UTC,Auto-generated v2 enterprise lead. Category: dentist. Rev Tier: $400k - $1.2M
LEAD-0352,Grand Dental Clinic,Oliver Kelly,https://instagram.com/granddentalclini,US,Chicago,None (Missing),contact@granddentalclinichicago.com,+1 312 264 2978,VALID_MX,95,EMAIL_1_SENT,Campaign 1,1,0,YES,⏳ OUTREACH SENT / WAITING,NO,,NONE,500.0,15%,75.0,DELIVERED,CLEAN,2026-08-27 16:23:09 UTC,Auto-generated v2 enterprise lead. Category: dentist. Rev Tier: $400k - $1.2M
LEAD-0415,Meadow Veterinary Services,Hannah Gallagher,https://instagram.com/meadowveterinary,AU,Sydney,https://facebook.com/meadowveterinary,hello@meadowveterinarysydney.com.au,+61 2 523 9049,VALID_MX,95,EMAIL_1_SENT,Campaign 1,1,0,YES,⏳ OUTREACH SENT / WAITING,NO,,NONE,500.0,15%,75.0,DELIVERED,CLEAN,2026-08-27 16:23:09 UTC,Auto-generated v2 enterprise lead. Category: veterinary. Rev Tier: $450k - $1.3M
LEAD-0232,Vanguard Legal Associates,Mia Anderson,https://instagram.com/vanguardlegalass,US,Chicago,None (Missing),enquiries@vanguardlegalasschicago.com,+1 312 363 7814,VALID_MX,95,EMAIL_1_SENT,Campaign 1,1,0,YES,⏳ OUTREACH SENT / WAITING,NO,,NONE,500.0,15%,75.0,DELIVERED,CLEAN,2026-08-27 16:23:09 UTC,Auto-generated v2 enterprise lead. Category: lawyer. Rev Tier: $600k - $2.5M
LEAD-0202,TurboCare Auto Care Center,William Martin,None,IE,Galway,None (Missing),william@turbocareautocargalway.ie,+353 91 557 8520,VALID_MX,95,EMAIL_1_SENT,Campaign 1,1,0,YES,⏳ OUTREACH SENT / WAITING,NO,,NONE,500.0,15%,75.0,DELIVERED,CLEAN,2026-08-27 16:23:09 UTC,Auto-generated v2 enterprise lead. Category: car_repair. Rev Tier: $350k - $850k
LEAD-0014,Miller's Contractor,Aoife Miller,None,US,Seattle,None (Missing),aoife@millerscontractoseattle.com,+1 206 471 8454,VALID_MX,95,PRICING_REQUEST,Campaign 1,1,0,NO,🔥 HOT / APPROACHING,YES,2026-08-27 15:19 UTC,QUESTION,4000.0,40%,1600.0,DELIVERED,CLEAN,2026-08-27 16:23:09 UTC,Auto-generated v2 enterprise lead. Category: contractor. Rev Tier: $600k - $2.5M
LEAD-0939,FrameCraft Photography Collective,Elena Murphy,https://instagram.com/framecraftphotog,NZ,Auckland,None (Missing),elena@framecraftphotogauckland.co.nz,+64 9 604 8023,VALID_MX,95,EMAIL_1_SENT,Campaign 1,1,0,YES,⏳ OUTREACH SENT / WAITING,NO,,NONE,500.0,15%,75.0,DELIVERED,CLEAN,2026-08-27 16:23:09 UTC,Auto-generated v2 enterprise lead. Category: photographer. Rev Tier: $150k - $400k
LEAD-0440,Pinnacle Solicitors & Advocates,David Byrne,https://instagram.com/pinnaclesolicito,IE,Dublin,None (Missing),enquiries@pinnaclesolicitodublin.ie,+353 1 562 3028,VALID_MX,95,EMAIL_1_SENT,Campaign 1,1,0,YES,⏳ OUTREACH SENT / WAITING,NO,,NONE,500.0,15%,75.0,DELIVERED,CLEAN,2026-08-27 16:23:09 UTC,Auto-generated v2 enterprise lead. Category: lawyer. Rev Tier: $600k - $2.5M
LEAD-0312,Blackwood Solicitors & Advocates,Conor Jones,https://instagram.com/blackwoodsolicit,US,Chicago,None (Missing),contact@blackwoodsolicitchicago.com,+1 312 289 1803,VALID_MX,95,EMAIL_1_SENT,Campaign 1,1,0,YES,⏳ OUTREACH SENT / WAITING,NO,,NONE,500.0,15%,75.0,DELIVERED,CLEAN,2026-08-27 16:23:09 UTC,Auto-generated v2 enterprise lead. Category: lawyer. Rev Tier: $600k - $2.5M
LEAD-0224,Johnson's Dentist,Chloe Johnson,https://instagram.com/johnsonsdentist,IE,Waterford,None (Missing),enquiries@johnsonsdentistwaterford.ie,+353 51 326 8381,VALID_MX,95,EMAIL_1_SENT,Campaign 1,1,0,YES,⏳ OUTREACH SENT / WAITING,NO,,NONE,500.0,15%,75.0,DELIVERED,CLEAN,2026-08-27 16:23:09 UTC,Auto-generated v2 enterprise lead. Category: dentist. Rev Tier: $400k - $1.2M
LEAD-0218,Silverstone Auto Service & Repair,Emma O'Sullivan,https://instagram.com/silverstoneautos,CA,Vancouver,None (Missing),emma@silverstoneautosvancouver.ca,+1 604 651 1753,VALID_MX,95,EMAIL_1_SENT,Campaign 1,1,0,YES,⏳ OUTREACH SENT / WAITING,NO,,NONE,714.0,15%,107.1,DELIVERED,CLEAN,2026-08-27 16:23:09 UTC,Auto-generated v2 enterprise lead. Category: car_repair. Rev Tier: $350k - $850k
LEAD-0094,Cornerstone Building & Renovations,Jack Kennedy,https://instagram.com/cornerstonebuild,US,Seattle,None (Missing),jack@cornerstonebuildseattle.com,+1 206 579 7095,VALID_MX,95,EMAIL_1_SENT,Campaign 1,1,0,YES,⏳ OUTREACH SENT / WAITING,NO,,NONE,4000.0,15%,600.0,DELIVERED,CLEAN,2026-08-27 16:23:09 UTC,Auto-generated v2 enterprise lead. Category: contractor. Rev Tier: $600k - $2.5M
LEAD-0872,Apex Attorneys at Law,Matthew Walsh,None,US,Chicago,None (Missing),hello@apexattorneysatlchicago.com,+1 312 888 9085,VALID_MX,95,EMAIL_1_SENT,Campaign 1,1,0,YES,⏳ OUTREACH SENT / WAITING,NO,,NONE,500.0,15%,75.0,DELIVERED,CLEAN,2026-08-27 16:23:09 UTC,Auto-generated v2 enterprise lead. Category: lawyer. Rev Tier: $600k - $2.5M
LEAD-0787,Elite Electricians & Automation,Conor Hall,None,GB,Manchester,None (Missing),conor@eliteelectricianmanchester.co.uk,+44 161 328 6782,VALID_MX,95,EMAIL_1_SENT,Campaign 1,1,0,YES,⏳ OUTREACH SENT / WAITING,NO,,NONE,500.0,15%,75.0,DELIVERED,CLEAN,2026-08-27 16:23:09 UTC,Auto-generated v2 enterprise lead. Category: electrician. Rev Tier: $300k - $800k
LEAD-0183,Forge Training Facility,Zoe O'Neill,https://instagram.com/forgetrainingfac,IE,Limerick,None (Missing),zoe@forgetrainingfaclimerick.ie,+353 61 238 2478,VALID_MX,95,EMAIL_1_SENT,Campaign 1,1,0,YES,⏳ OUTREACH SENT / WAITING,NO,,NONE,500.0,15%,75.0,DELIVERED,CLEAN,2026-08-27 16:23:09 UTC,Auto-generated v2 enterprise lead. Category: gym. Rev Tier: $350k - $900k
LEAD-0959,Miller's Veterinary,Benjamin Miller,None,NZ,Auckland,None (Missing),benjamin@millersveterinarauckland.co.nz,+64 9 948 8175,VALID_MX,95,EMAIL_1_SENT,Campaign 1,1,0,YES,⏳ OUTREACH SENT / WAITING,NO,,NONE,500.0,15%,75.0,DELIVERED,CLEAN,2026-08-27 16:23:09 UTC,Auto-generated v2 enterprise lead. Category: veterinary. Rev Tier: $450k - $1.3M
LEAD-0498,ProRoof Roofing Specialists,Thomas Dunne,None,CA,Vancouver,None (Missing),thomas@proroofroofingspvancouver.ca,+1 604 220 7249,VALID_MX,95,EMAIL_1_SENT,Campaign 1,1,0,YES,⏳ OUTREACH SENT / WAITING,NO,,NONE,500.0,15%,75.0,DELIVERED,CLEAN,2026-08-27 16:23:09 UTC,Auto-generated v2 enterprise lead. Category: roofing. Rev Tier: $500k - $1.5M
LEAD-0948,Golden Leaf Bistro & Eatery,David Jones,https://instagram.com/goldenleafbistro,GB,Edinburgh,None (Missing),david@goldenleafbistroedinburgh.co.uk,+44 131 549 1490,VALID_MX,95,EMAIL_1_SENT,Campaign 1,1,0,YES,⏳ OUTREACH SENT / WAITING,NO,,NONE,500.0,15%,75.0,DELIVERED,CLEAN,2026-08-27 16:23:09 UTC,Auto-generated v2 enterprise lead. Category: restaurant. Rev Tier: $400k - $1.5M
LEAD-0786,TrueGuard Roofing Specialists,Ryan Hall,None,GB,London,None (Missing),ryan@trueguardroofinglondon.co.uk,+44 20 749 6900,VALID_MX,95,EMAIL_1_SENT,Campaign 1,1,0,YES,⏳ OUTREACH SENT / WAITING,NO,,NONE,500.0,15%,75.0,DELIVERED,CLEAN,2026-08-27 16:23:09 UTC,Auto-generated v2 enterprise lead. Category: roofing. Rev Tier: $500k - $1.5M
LEAD-0756,Rodriguez's Restaurant,Benjamin Rodriguez,None,AU,Melbourne,None (Missing),benjamin@rodriguezsrestaumelbourne.com.au,+61 3 671 9564,VALID_MX,95,EMAIL_1_SENT,Campaign 1,1,0,YES,⏳ OUTREACH SENT / WAITING,NO,,NONE,500.0,15%,75.0,DELIVERED,CLEAN,2026-08-27 16:23:09 UTC,Auto-generated v2 enterprise lead. Category: restaurant. Rev Tier: $400k - $1.5M
LEAD-0530,TrueGuard Roofing Specialists,William Lewis,https://instagram.com/trueguardroofing,US,New York,None (Missing),william@trueguardroofingnewyork.com,+1 212 562 8678,VALID_MX,95,EMAIL_1_SENT,Campaign 1,1,0,YES,⏳ OUTREACH SENT / WAITING,NO,,NONE,500.0,15%,75.0,DELIVERED,CLEAN,2026-08-27 16:23:09 UTC,Auto-generated v2 enterprise lead. Category: roofing. Rev Tier: $500k - $1.5M
LEAD-0528,Elite Dental Care,Ethan Quinn,None,GB,Edinburgh,None (Missing),enquiries@elitedentalcareedinburgh.co.uk,+44 131 557 5620,VALID_MX,95,EMAIL_1_SENT,Campaign 1,1,0,YES,⏳ OUTREACH SENT / WAITING,NO,,NONE,500.0,15%,75.0,DELIVERED,CLEAN,2026-08-27 16:23:09 UTC,Auto-generated v2 enterprise lead. Category: dentist. Rev Tier: $400k - $1.2M
LEAD-0752,Elite Dental Clinic,Fiona Brennan,https://instagram.com/elitedentalclini,US,Chicago,None (Missing),fiona@elitedentalclinichicago.com,+1 312 505 3045,VALID_MX,95,EMAIL_1_SENT,Campaign 1,1,0,YES,⏳ OUTREACH SENT / WAITING,NO,,NONE,500.0,15%,75.0,DELIVERED,CLEAN,2026-08-27 16:23:09 UTC,Auto-generated v2 enterprise lead. Category: dentist. Rev Tier: $400k - $1.2M
LEAD-0380,The Foundry Celebration Spaces,Mia Harris,https://instagram.com/thefoundrycelebr,IE,Dublin,None (Missing),mia@thefoundrycelebrdublin.ie,+353 1 548 3671,VALID_MX,95,EMAIL_1_SENT,Campaign 1,1,0,YES,⏳ OUTREACH SENT / WAITING,NO,,NONE,500.0,15%,75.0,DELIVERED,CLEAN,2026-08-27 16:23:09 UTC,Auto-generated v2 enterprise lead. Category: event_venue. Rev Tier: $500k - $2.0M
LEAD-0377,Precision Tax & Wealth Advisors,Alexander Murphy,None,CA,Toronto,None (Missing),alexander@precisiontaxwealtoronto.ca,+1 416 268 6927,VALID_MX,95,EMAIL_1_SENT,Campaign 1,1,0,YES,⏳ OUTREACH SENT / WAITING,NO,,NONE,500.0,15%,75.0,DELIVERED,CLEAN,2026-08-27 16:23:09 UTC,Auto-generated v2 enterprise lead. Category: accountant. Rev Tier: $400k - $1.2M
LEAD-0770,Byrne's Roofing,Lily Byrne,https://instagram.com/byrnesroofing,US,New York,None (Missing),hello@byrnesroofingnewyork.com,+1 212 201 9669,VALID_MX,95,EMAIL_1_SENT,Campaign 1,1,0,YES,⏳ OUTREACH SENT / WAITING,NO,,NONE,500.0,15%,75.0,DELIVERED,CLEAN,2026-08-27 16:23:09 UTC,Auto-generated v2 enterprise lead. Category: roofing. Rev Tier: $500k - $1.5M
LEAD-0659,BrightLine Power Solutions,Ethan Anderson,https://instagram.com/brightlinepowers,NZ,Auckland,None (Missing),ethan@brightlinepowersauckland.co.nz,+64 9 845 7425,VALID_MX,95,EMAIL_1_SENT,Campaign 1,1,0,YES,⏳ OUTREACH SENT / WAITING,NO,,NONE,500.0,15%,75.0,DELIVERED,CLEAN,2026-08-27 16:23:09 UTC,Auto-generated v2 enterprise lead. Category: electrician. Rev Tier: $300k - $800k
LEAD-0344,Mercer & Co Solicitors & Advocates,Emily White,https://instagram.com/mercercosolicito,IE,Waterford,None (Missing),contact@mercercosolicitowaterford.ie,+353 51 365 2212,VALID_MX,95,EMAIL_1_SENT,Campaign 1,1,0,YES,⏳ OUTREACH SENT / WAITING,NO,,NONE,500.0,15%,75.0,DELIVERED,CLEAN,2026-08-27 16:23:09 UTC,Auto-generated v2 enterprise lead. Category: lawyer. Rev Tier: $600k - $2.5M
LEAD-0128,Apex Dental Care,William Brennan,https://instagram.com/apexdentalcare,GB,Edinburgh,None (Missing),hello@apexdentalcareedinburgh.co.uk,+44 131 979 4555,VALID_MX,95,EMAIL_1_SENT,Campaign 1,1,0,YES,⏳ OUTREACH SENT / WAITING,NO,,NONE,3500.0,15%,525.0,DELIVERED,CLEAN,2026-08-27 16:23:09 UTC,Auto-generated v2 enterprise lead. Category: dentist. Rev Tier: $400k - $1.2M
LEAD-0446,Titan Home Builders,William Brown,https://instagram.com/titanhomebuilder,GB,London,None (Missing),william@titanhomebuilderlondon.co.uk,+44 20 883 8357,VALID_MX,95,EMAIL_1_SENT,Campaign 1,1,0,YES,⏳ OUTREACH SENT / WAITING,NO,,NONE,500.0,15%,75.0,DELIVERED,CLEAN,2026-08-27 16:23:09 UTC,Auto-generated v2 enterprise lead. Category: contractor. Rev Tier: $600k - $2.5M
LEAD-0364,Williams's Event Venue,Aoife Williams,https://instagram.com/williamsseventve,IE,Waterford,None (Missing),aoife@williamsseventvewaterford.ie,+353 51 833 1669,VALID_MX,95,EMAIL_1_SENT,Campaign 1,1,0,YES,⏳ OUTREACH SENT / WAITING,NO,,NONE,500.0,15%,75.0,DELIVERED,CLEAN,2026-08-27 16:23:09 UTC,Auto-generated v2 enterprise lead. Category: event_venue. Rev Tier: $500k - $2.0M
LEAD-0051,Spark Electricians & Automation,Ella Quinn,https://instagram.com/sparkelectrician,US,Austin,None (Missing),ella@sparkelectricianaustin.com,+1 512 751 8935,VALID_MX,95,FOLLOWUP_1_SENT,Campaign 1,2,1,YES,⏳ OUTREACH SENT / WAITING,NO,,NONE,2400.0,20%,480.0,DELIVERED,CLEAN,2026-08-27 16:23:09 UTC,Auto-generated v2 enterprise lead. Category: electrician. Rev Tier: $300k - $800k
LEAD-0801,Reliable Plumbing Solutions,Marcus Gallagher,https://instagram.com/reliableplumbing,IE,Cork,https://facebook.com/reliableplumbing,hello@reliableplumbingcork.ie,+353 21 925 9115,VALID_MX,95,EMAIL_1_SENT,Campaign 1,1,0,YES,⏳ OUTREACH SENT / WAITING,NO,,NONE,500.0,15%,75.0,DELIVERED,CLEAN,2026-08-27 16:23:09 UTC,Auto-generated v2 enterprise lead. Category: plumber. Rev Tier: $250k - $750k
LEAD-0450,Summit Roofing Contractors,Marcus Davis,https://instagram.com/summitroofingcon,US,New York,None (Missing),contact@summitroofingconnewyork.com,+1 212 599 2617,VALID_MX,95,EMAIL_1_SENT,Campaign 1,1,0,YES,⏳ OUTREACH SENT / WAITING,NO,,NONE,500.0,15%,75.0,DELIVERED,CLEAN,2026-08-27 16:23:09 UTC,Auto-generated v2 enterprise lead. Category: roofing. Rev Tier: $500k - $1.5M
LEAD-0333,Cinnamon & Co Bakehouse,James Doyle,https://instagram.com/cinnamoncobakeho,US,Miami,http://www.cinnamoncobakehomiami.com,info@cinnamoncobakehomiami.com,+1 305 340 7813,VALID_MX,95,EMAIL_1_SENT,Campaign 1,1,0,YES,⏳ OUTREACH SENT / WAITING,NO,,NONE,500.0,15%,75.0,DELIVERED,CLEAN,2026-08-27 16:23:09 UTC,Auto-generated v2 enterprise lead. Category: bakery. Rev Tier: $200k - $550k
LEAD-0292,The Rustic Dining Room,Sophie Brennan,https://instagram.com/therusticdiningr,US,Chicago,None (Missing),info@therusticdiningrchicago.com,+1 312 512 9591,VALID_MX,95,EMAIL_1_SENT,Campaign 1,1,0,YES,⏳ OUTREACH SENT / WAITING,NO,,NONE,500.0,15%,75.0,DELIVERED,CLEAN,2026-08-27 16:23:09 UTC,Auto-generated v2 enterprise lead. Category: restaurant. Rev Tier: $400k - $1.5M
LEAD-0152,Blackwood Solicitors & Advocates,Noah Dunne,https://instagram.com/blackwoodsolicit,US,Chicago,None (Missing),info@blackwoodsolicitchicago.com,+1 312 696 3236,VALID_MX,95,EMAIL_1_SENT,Campaign 1,1,0,YES,⏳ OUTREACH SENT / WAITING,NO,,NONE,500.0,15%,75.0,DELIVERED,CLEAN,2026-08-27 16:23:09 UTC,Auto-generated v2 enterprise lead. Category: lawyer. Rev Tier: $600k - $2.5M
LEAD-0148,Gourmet Italian Restaurant,Michael Thomas,https://instagram.com/gourmetitalianre,GB,Edinburgh,None (Missing),enquiries@gourmetitalianreedinburgh.co.uk,+44 131 363 6422,VALID_MX,95,EMAIL_1_SENT,Campaign 1,1,0,YES,⏳ OUTREACH SENT / WAITING,NO,,NONE,2800.0,15%,420.0,DELIVERED,CLEAN,2026-08-27 16:23:09 UTC,Auto-generated v2 enterprise lead. Category: restaurant. Rev Tier: $400k - $1.5M
LEAD-0747,Iris & Co Photography Collective,Samuel Brown,None,GB,Manchester,None (Missing),samuel@iriscophotographmanchester.co.uk,+44 161 313 2970,VALID_MX,95,EMAIL_1_SENT,Campaign 1,1,0,YES,⏳ OUTREACH SENT / WAITING,NO,,NONE,500.0,15%,75.0,DELIVERED,CLEAN,2026-08-27 16:23:09 UTC,Auto-generated v2 enterprise lead. Category: photographer. Rev Tier: $150k - $400k
LEAD-0674,Apex Roofing Specialists,Samuel Wilson,https://instagram.com/apexroofingspeci,US,Seattle,None (Missing),info@apexroofingspeciseattle.com,+1 206 948 4546,VALID_MX,95,EMAIL_1_SENT,Campaign 1,1,0,YES,⏳ OUTREACH SENT / WAITING,NO,,NONE,500.0,15%,75.0,DELIVERED,CLEAN,2026-08-27 16:23:09 UTC,Auto-generated v2 enterprise lead. Category: roofing. Rev Tier: $500k - $1.5M
LEAD-0169,Precision Chartered Accountants,Hannah Kennedy,https://instagram.com/precisioncharter,GB,Birmingham,None (Missing),hannah@precisioncharterbirmingham.co.uk,+44 121 723 6900,VALID_MX,95,EMAIL_1_SENT,Campaign 1,1,0,YES,⏳ OUTREACH SENT / WAITING,NO,,NONE,500.0,15%,75.0,DELIVERED,CLEAN,2026-08-27 16:23:09 UTC,Auto-generated v2 enterprise lead. Category: accountant. Rev Tier: $400k - $1.2M
LEAD-0837,Steam & Sugar Coffee House,Conor Thompson,https://instagram.com/steamsugarcoffee,CA,Toronto,None (Missing),conor@steamsugarcoffeetoronto.ca,+1 416 421 7727,VALID_MX,95,EMAIL_1_SENT,Campaign 1,1,0,YES,⏳ OUTREACH SENT / WAITING,NO,,NONE,500.0,15%,75.0,DELIVERED,CLEAN,2026-08-27 16:23:09 UTC,Auto-generated v2 enterprise lead. Category: cafe. Rev Tier: $200k - $600k
LEAD-0836,The Artisan Kitchen & Bar,Zoe Murphy,https://instagram.com/theartisankitche,AU,Melbourne,None (Missing),zoe@theartisankitchemelbourne.com.au,+61 3 977 2422,VALID_MX,95,EMAIL_1_SENT,Campaign 1,1,0,YES,⏳ OUTREACH SENT / WAITING,NO,,NONE,500.0,15%,75.0,DELIVERED,CLEAN,2026-08-27 16:23:09 UTC,Auto-generated v2 enterprise lead. Category: restaurant. Rev Tier: $400k - $1.5M
LEAD-0207,Companion Veterinary Hospital,Ciara O'Sullivan,https://instagram.com/companionveterin,GB,Manchester,None (Missing),ciara@companionveterinmanchester.co.uk,+44 161 742 5888,VALID_MX,95,EMAIL_1_SENT,Campaign 1,1,0,YES,⏳ OUTREACH SENT / WAITING,NO,,NONE,500.0,15%,75.0,DELIVERED,CLEAN,2026-08-27 16:23:09 UTC,Auto-generated v2 enterprise lead. Category: veterinary. Rev Tier: $450k - $1.3M
LEAD-0164,Trattoria Kitchen & Bar,Daniel Rodriguez,https://instagram.com/trattoriakitchen,IE,Waterford,None (Missing),hello@trattoriakitchenwaterford.ie,+353 51 706 7322,VALID_MX,95,EMAIL_1_SENT,Campaign 1,1,0,YES,⏳ OUTREACH SENT / WAITING,NO,,NONE,500.0,15%,75.0,DELIVERED,CLEAN,2026-08-27 16:23:09 UTC,Auto-generated v2 enterprise lead. Category: restaurant. Rev Tier: $400k - $1.5M
LEAD-0579,Spark Power Solutions,Thomas Williams,https://instagram.com/sparkpowersoluti,NZ,Auckland,None (Missing),thomas@sparkpowersolutiauckland.co.nz,+64 9 620 6762,VALID_MX,95,EMAIL_1_SENT,Campaign 1,1,0,YES,⏳ OUTREACH SENT / WAITING,NO,,NONE,430.0,15%,64.5,DELIVERED,CLEAN,2026-08-27 16:23:09 UTC,Auto-generated v2 enterprise lead. Category: electrician. Rev Tier: $300k - $800k
LEAD-0192,City Dental Dental Clinic,Noah Hall,https://instagram.com/citydentaldental,US,Chicago,None (Missing),contact@citydentaldentalchicago.com,+1 312 777 2009,VALID_MX,95,EMAIL_1_SENT,Campaign 1,1,0,YES,⏳ OUTREACH SENT / WAITING,NO,,NONE,500.0,15%,75.0,DELIVERED,CLEAN,2026-08-27 16:23:09 UTC,Auto-generated v2 enterprise lead. Category: dentist. Rev Tier: $400k - $1.2M
LEAD-0132,Bella Kitchen & Bar,Sophie Walsh,None,US,Chicago,None (Missing),hello@bellakitchenbarchicago.com,+1 312 717 8471,VALID_MX,95,EMAIL_1_SENT,Campaign 1,1,0,YES,⏳ OUTREACH SENT / WAITING,NO,,NONE,2800.0,15%,420.0,DELIVERED,CLEAN,2026-08-27 16:23:09 UTC,Auto-generated v2 enterprise lead. Category: restaurant. Rev Tier: $400k - $1.5M
LEAD-0951,Elevation Health & Performance,Thomas Lee,https://instagram.com/elevationhealthp,US,Austin,None (Missing),thomas@elevationhealthpaustin.com,+1 512 264 1903,VALID_MX,95,EMAIL_1_SENT,Campaign 1,1,0,YES,⏳ OUTREACH SENT / WAITING,NO,,NONE,500.0,15%,75.0,DELIVERED,CLEAN,2026-08-27 16:23:09 UTC,Auto-generated v2 enterprise lead. Category: gym. Rev Tier: $350k - $900k
LEAD-0918,Chic Studio Beauty & Hair Lounge,Lucas Thompson,https://instagram.com/chicstudiobeauty,CA,Vancouver,None (Missing),info@chicstudiobeautyvancouver.ca,+1 604 400 7648,VALID_MX,95,EMAIL_1_SENT,Campaign 1,1,0,YES,⏳ OUTREACH SENT / WAITING,NO,,NONE,500.0,15%,75.0,DELIVERED,CLEAN,2026-08-27 16:23:09 UTC,Auto-generated v2 enterprise lead. Category: salon. Rev Tier: $200k - $500k
LEAD-0814,Cornerstone General Contracting,James Harris,https://instagram.com/cornerstonegener,US,Seattle,None (Missing),james@cornerstonegenerseattle.com,+1 206 280 7039,VALID_MX,95,EMAIL_1_SENT,Campaign 1,1,0,YES,⏳ OUTREACH SENT / WAITING,NO,,NONE,500.0,15%,75.0,DELIVERED,CLEAN,2026-08-27 16:23:09 UTC,Auto-generated v2 enterprise lead. Category: contractor. Rev Tier: $600k - $2.5M
LEAD-0688,Prime Dental Studio,Ryan Martin,https://instagram.com/primedentalstudi,GB,Edinburgh,None (Missing),enquiries@primedentalstudiedinburgh.co.uk,+44 131 390 1356,VALID_MX,95,EMAIL_1_SENT,Campaign 1,1,0,YES,⏳ OUTREACH SENT / WAITING,NO,,NONE,500.0,15%,75.0,DELIVERED,CLEAN,2026-08-27 16:23:09 UTC,Auto-generated v2 enterprise lead. Category: dentist. Rev Tier: $400k - $1.2M
LEAD-0489,Atlas Tax & Wealth Advisors,Mia Johnson,https://instagram.com/atlastaxwealthad,GB,Birmingham,None (Missing),mia@atlastaxwealthadbirmingham.co.uk,+44 121 253 1076,VALID_MX,95,EMAIL_1_SENT,Campaign 1,1,0,YES,⏳ OUTREACH SENT / WAITING,NO,,NONE,500.0,15%,75.0,DELIVERED,CLEAN,2026-08-27 16:23:09 UTC,Auto-generated v2 enterprise lead. Category: accountant. Rev Tier: $400k - $1.2M
LEAD-0393,Charter Chartered Accountants,Lily O'Neill,https://instagram.com/charterchartered,US,Miami,None (Missing),lily@chartercharteredmiami.com,+1 305 775 3560,VALID_MX,95,EMAIL_1_SENT,Campaign 1,1,0,YES,⏳ OUTREACH SENT / WAITING,NO,,NONE,500.0,15%,75.0,DELIVERED,CLEAN,2026-08-27 16:23:09 UTC,Auto-generated v2 enterprise lead. Category: accountant. Rev Tier: $400k - $1.2M
LEAD-0372,Olive & Oak Dining Room,Grace Dunne,https://instagram.com/oliveoakdiningro,US,Chicago,None (Missing),contact@oliveoakdiningrochicago.com,+1 312 294 6347,VALID_MX,95,EMAIL_1_SENT,Campaign 1,1,0,YES,⏳ OUTREACH SENT / WAITING,NO,,NONE,500.0,15%,75.0,DELIVERED,CLEAN,2026-08-27 16:23:09 UTC,Auto-generated v2 enterprise lead. Category: restaurant. Rev Tier: $400k - $1.5M
LEAD-0361,Precision Chartered Accountants,Grace O'Sullivan,None,IE,Cork,None (Missing),grace@precisionchartercork.ie,+353 21 446 2361,VALID_MX,95,EMAIL_1_SENT,Campaign 1,1,0,YES,⏳ OUTREACH SENT / WAITING,NO,,NONE,500.0,15%,75.0,DELIVERED,CLEAN,2026-08-27 16:23:09 UTC,Auto-generated v2 enterprise lead. Category: accountant. Rev Tier: $400k - $1.2M
LEAD-0337,QuickFlow Emergency Plumbing,Olivia Dunne,https://instagram.com/quickflowemergen,CA,Toronto,None (Missing),olivia@quickflowemergentoronto.ca,+1 416 284 3077,VALID_MX,95,EMAIL_1_SENT,Campaign 1,1,0,YES,⏳ OUTREACH SENT / WAITING,NO,,NONE,500.0,15%,75.0,DELIVERED,CLEAN,2026-08-27 16:23:09 UTC,Auto-generated v2 enterprise lead. Category: plumber. Rev Tier: $250k - $750k
LEAD-0288,Prime Dental Clinic,Ava Johnson,None,GB,Edinburgh,None (Missing),enquiries@primedentalcliniedinburgh.co.uk,+44 131 611 9268,VALID_MX,95,EMAIL_1_SENT,Campaign 1,1,0,YES,⏳ OUTREACH SENT / WAITING,NO,,NONE,500.0,15%,75.0,DELIVERED,CLEAN,2026-08-27 16:23:09 UTC,Auto-generated v2 enterprise lead. Category: dentist. Rev Tier: $400k - $1.2M
LEAD-0135,Pulse Health & Performance,Sean Miller,https://instagram.com/pulsehealthperfo,AU,Sydney,None (Missing),sean@pulsehealthperfosydney.com.au,+61 2 860 6427,VALID_MX,95,EMAIL_1_SENT,Campaign 1,1,0,YES,⏳ OUTREACH SENT / WAITING,NO,,NONE,2600.0,15%,390.0,DELIVERED,CLEAN,2026-08-27 16:23:09 UTC,Auto-generated v2 enterprise lead. Category: gym. Rev Tier: $350k - $900k
LEAD-0045,Sweet Hearth Artisan Bakery,Olivia Walker,https://instagram.com/sweethearthartis,GB,Belfast,http://www.sweethearthartisbelfast.co.uk,contact@sweethearthartisbelfast.co.uk,+44 28 916 7594,VALID_MX,95,FOLLOWUP_1_SENT,Campaign 1,2,1,YES,⏳ OUTREACH SENT / WAITING,NO,,NONE,1900.0,20%,380.0,DELIVERED,CLEAN,2026-08-27 16:23:09 UTC,Auto-generated v2 enterprise lead. Category: bakery. Rev Tier: $200k - $550k
LEAD-0432,City Dental Orthodontics,Liam Martinez,https://instagram.com/citydentalorthod,US,Chicago,None (Missing),hello@citydentalorthodchicago.com,+1 312 378 9248,VALID_MX,95,EMAIL_1_SENT,Campaign 1,1,0,YES,⏳ OUTREACH SENT / WAITING,NO,,NONE,500.0,15%,75.0,DELIVERED,CLEAN,2026-08-27 16:23:09 UTC,Auto-generated v2 enterprise lead. Category: dentist. Rev Tier: $400k - $1.2M
LEAD-0228,The Rustic Grill & Tavern,Hannah Jones,https://instagram.com/therusticgrillta,GB,Edinburgh,None (Missing),hello@therusticgrilltaedinburgh.co.uk,+44 131 971 9866,VALID_MX,95,EMAIL_1_SENT,Campaign 1,1,0,YES,⏳ OUTREACH SENT / WAITING,NO,,NONE,500.0,15%,75.0,DELIVERED,CLEAN,2026-08-27 16:23:09 UTC,Auto-generated v2 enterprise lead. Category: restaurant. Rev Tier: $400k - $1.5M
LEAD-0905,ClearView Tax & Wealth Advisors,Alexander Doyle,https://instagram.com/clearviewtaxweal,GB,Belfast,None (Missing),alexander@clearviewtaxwealbelfast.co.uk,+44 28 250 5130,VALID_MX,95,EMAIL_1_SENT,Campaign 1,1,0,YES,⏳ OUTREACH SENT / WAITING,NO,,NONE,500.0,15%,75.0,DELIVERED,CLEAN,2026-08-27 16:23:09 UTC,Auto-generated v2 enterprise lead. Category: accountant. Rev Tier: $400k - $1.2M
LEAD-0822,Mane & Co Hair Designers,Ella Martin,https://instagram.com/manecohairdesign,IE,Galway,None (Missing),info@manecohairdesigngalway.ie,+353 91 863 4765,VALID_MX,95,EMAIL_1_SENT,Campaign 1,1,0,YES,⏳ OUTREACH SENT / WAITING,NO,,NONE,430.0,15%,64.5,DELIVERED,CLEAN,2026-08-27 16:23:09 UTC,Auto-generated v2 enterprise lead. Category: salon. Rev Tier: $200k - $500k
LEAD-0976,Pure Dental Clinic,Sean White,https://instagram.com/puredentalclinic,AU,Melbourne,None (Missing),hello@puredentalclinicmelbourne.com.au,+61 3 726 9630,VALID_MX,95,EMAIL_1_SENT,Campaign 1,1,0,YES,⏳ OUTREACH SENT / WAITING,NO,,NONE,500.0,15%,75.0,DELIVERED,CLEAN,2026-08-27 16:23:09 UTC,Auto-generated v2 enterprise lead. Category: dentist. Rev Tier: $400k - $1.2M
LEAD-0658,Smith's Roofing,Daniel Smith,None,CA,Vancouver,None (Missing),info@smithsroofingvancouver.ca,+1 604 644 2102,VALID_MX,95,EMAIL_1_SENT,Campaign 1,1,0,YES,⏳ OUTREACH SENT / WAITING,NO,,NONE,500.0,15%,75.0,DELIVERED,CLEAN,2026-08-27 16:23:09 UTC,Auto-generated v2 enterprise lead. Category: roofing. Rev Tier: $500k - $1.5M
LEAD-0572,Elysian Events & Weddings,Aoife Thomas,None,US,Chicago,None (Missing),hello@elysianeventswedchicago.com,+1 312 307 5762,VALID_MX,95,EMAIL_1_SENT,Campaign 1,1,0,YES,⏳ OUTREACH SENT / WAITING,NO,,NONE,500.0,15%,75.0,DELIVERED,CLEAN,2026-08-27 16:23:09 UTC,Auto-generated v2 enterprise lead. Category: event_venue. Rev Tier: $500k - $2.0M
LEAD-0206,Apex Construction & Design,Chloe Smith,https://instagram.com/apexconstruction,GB,London,None (Missing),hello@apexconstructionlondon.co.uk,+44 20 962 6031,VALID_MX,95,EMAIL_1_SENT,Campaign 1,1,0,YES,⏳ OUTREACH SENT / WAITING,NO,,NONE,500.0,15%,75.0,DELIVERED,CLEAN,2026-08-27 16:23:09 UTC,Auto-generated v2 enterprise lead. Category: contractor. Rev Tier: $600k - $2.5M
LEAD-0130,Summit Roof Repairs & Cladding,Sophie Jones,https://instagram.com/summitroofrepair,US,New York,None (Missing),enquiries@summitroofrepairnewyork.com,+1 212 798 7841,VALID_MX,95,EMAIL_1_SENT,Campaign 1,1,0,YES,⏳ OUTREACH SENT / WAITING,NO,,NONE,3800.0,15%,570.0,DELIVERED,CLEAN,2026-08-27 16:23:09 UTC,Auto-generated v2 enterprise lead. Category: roofing. Rev Tier: $500k - $1.5M
LEAD-0075,Iris & Co Photography,Grace Gallagher,https://instagram.com/iriscophotograph,AU,Sydney,None (Missing),contact@iriscophotographsydney.com.au,+61 2 963 6562,VALID_MX,95,EMAIL_1_SENT,Campaign 1,1,0,YES,⏳ OUTREACH SENT / WAITING,NO,,NONE,1900.0,15%,285.0,DELIVERED,CLEAN,2026-08-27 16:23:09 UTC,Auto-generated v2 enterprise lead. Category: photographer. Rev Tier: $150k - $400k
LEAD-0004,The Artisan Grill & Tavern,Sophie Johnson,None,IE,Waterford,None (Missing),sophie@theartisangrilltwaterford.ie,+353 51 850 6977,VALID_MX,95,PRICING_REQUEST,Campaign 1,1,0,NO,🔥 HOT / APPROACHING,YES,2026-08-27 15:18 UTC,QUESTION,2800.0,40%,1120.0,DELIVERED,CLEAN,2026-08-27 16:23:09 UTC,Auto-generated v2 enterprise lead. Category: restaurant. Rev Tier: $400k - $1.5M
LEAD-0512,Gentle Orthodontics,Ava Anderson,https://instagram.com/gentleorthodonti,US,Chicago,None (Missing),info@gentleorthodontichicago.com,+1 312 497 2436,VALID_MX,95,EMAIL_1_SENT,Campaign 1,1,0,YES,⏳ OUTREACH SENT / WAITING,NO,,NONE,500.0,15%,75.0,DELIVERED,CLEAN,2026-08-27 16:23:09 UTC,Auto-generated v2 enterprise lead. Category: dentist. Rev Tier: $400k - $1.2M
LEAD-0237,Honey & Rye Pastry Studio,Thomas Johnson,https://instagram.com/honeyryepastryst,CA,Toronto,https://facebook.com/honeyryepastryst,enquiries@honeyryepastrysttoronto.ca,+1 416 288 5612,VALID_MX,95,EMAIL_1_SENT,Campaign 1,1,0,YES,⏳ OUTREACH SENT / WAITING,NO,,NONE,500.0,15%,75.0,DELIVERED,CLEAN,2026-08-27 16:23:09 UTC,Auto-generated v2 enterprise lead. Category: bakery. Rev Tier: $200k - $550k
LEAD-0118,Elysian Salon & Spa,Ethan Miller,None,CA,Vancouver,None (Missing),info@elysiansalonspavancouver.ca,+1 604 854 5833,VALID_MX,95,EMAIL_1_SENT,Campaign 1,1,0,YES,⏳ OUTREACH SENT / WAITING,NO,,NONE,2000.0,15%,300.0,DELIVERED,CLEAN,2026-08-27 16:23:09 UTC,Auto-generated v2 enterprise lead. Category: salon. Rev Tier: $200k - $500k
LEAD-0813,Traditional Bakery & Patisserie,Daniel Brennan,https://instagram.com/traditionalbaker,US,Miami,https://facebook.com/traditionalbaker,contact@traditionalbakermiami.com,+1 305 951 1992,VALID_MX,95,EMAIL_1_SENT,Campaign 1,1,0,YES,⏳ OUTREACH SENT / WAITING,NO,,NONE,500.0,15%,75.0,DELIVERED,CLEAN,2026-08-27 16:23:09 UTC,Auto-generated v2 enterprise lead. Category: bakery. Rev Tier: $200k - $550k
LEAD-0698,TurboCare Garage & Diagnostics,Lucas Davis,https://instagram.com/turbocaregaraged,CA,Vancouver,None (Missing),lucas@turbocaregaragedvancouver.ca,+1 604 217 8319,VALID_MX,95,EMAIL_1_SENT,Campaign 1,1,0,YES,⏳ OUTREACH SENT / WAITING,NO,,NONE,500.0,15%,75.0,DELIVERED,CLEAN,2026-08-27 16:23:09 UTC,Auto-generated v2 enterprise lead. Category: car_repair. Rev Tier: $350k - $850k
LEAD-0610,Shield Roof Repairs & Cladding,Noah Gallagher,https://instagram.com/shieldroofrepair,US,New York,None (Missing),contact@shieldroofrepairnewyork.com,+1 212 539 7406,VALID_MX,95,EMAIL_1_SENT,Campaign 1,1,0,YES,⏳ OUTREACH SENT / WAITING,NO,,NONE,500.0,15%,75.0,DELIVERED,CLEAN,2026-08-27 16:23:09 UTC,Auto-generated v2 enterprise lead. Category: roofing. Rev Tier: $500k - $1.5M
LEAD-0425,Meridian Accounting & Advisory,Fiona Lee,https://instagram.com/meridianaccounti,GB,Belfast,None (Missing),info@meridianaccountibelfast.co.uk,+44 28 604 2911,VALID_MX,95,EMAIL_1_SENT,Campaign 1,1,0,YES,⏳ OUTREACH SENT / WAITING,NO,,NONE,500.0,15%,75.0,DELIVERED,CLEAN,2026-08-27 16:23:09 UTC,Auto-generated v2 enterprise lead. Category: accountant. Rev Tier: $400k - $1.2M
LEAD-0276,La Piazza Grill & Tavern,Emily Dunne,None,AU,Melbourne,None (Missing),enquiries@lapiazzagrilltavmelbourne.com.au,+61 3 703 4076,VALID_MX,95,EMAIL_1_SENT,Campaign 1,1,0,YES,⏳ OUTREACH SENT / WAITING,NO,,NONE,500.0,15%,75.0,DELIVERED,CLEAN,2026-08-27 16:23:09 UTC,Auto-generated v2 enterprise lead. Category: restaurant. Rev Tier: $400k - $1.5M
LEAD-0031,Ark Animal Clinic,Benjamin O'Neill,https://instagram.com/arkanimalclinic,US,Austin,None (Missing),benjamin@arkanimalclinicaustin.com,+1 512 424 5471,VALID_MX,95,MEETING_REQUEST,Campaign 1,1,0,NO,🔥 HOT / APPROACHING,YES,2026-08-27 15:20 UTC,POSITIVE,3400.0,60%,2040.0,DELIVERED,CLEAN,2026-08-27 16:23:09 UTC,Auto-generated v2 enterprise lead. Category: veterinary. Rev Tier: $450k - $1.3M
LEAD-0953,Centurion Chartered Accountants,Lucas White,None,US,Miami,None (Missing),lucas@centurionchartermiami.com,+1 305 653 5612,VALID_MX,95,EMAIL_1_SENT,Campaign 1,1,0,YES,⏳ OUTREACH SENT / WAITING,NO,,NONE,500.0,15%,75.0,DELIVERED,CLEAN,2026-08-27 16:23:09 UTC,Auto-generated v2 enterprise lead. Category: accountant. Rev Tier: $400k - $1.2M
LEAD-0790,Elysian Beauty & Hair Lounge,Jack Gallagher,https://instagram.com/elysianbeautyhai,US,New York,None (Missing),jack@elysianbeautyhainewyork.com,+1 212 224 4382,VALID_MX,95,EMAIL_1_SENT,Campaign 1,1,0,YES,⏳ OUTREACH SENT / WAITING,NO,,NONE,500.0,15%,75.0,DELIVERED,CLEAN,2026-08-27 16:23:09 UTC,Auto-generated v2 enterprise lead. Category: salon. Rev Tier: $200k - $500k
LEAD-0664,Kensington Legal Associates,Thomas Rodriguez,None,IE,Waterford,None (Missing),hello@kensingtonlegalawaterford.ie,+353 51 489 5939,VALID_MX,95,EMAIL_1_SENT,Campaign 1,1,0,YES,⏳ OUTREACH SENT / WAITING,NO,,NONE,500.0,15%,75.0,DELIVERED,CLEAN,2026-08-27 16:23:09 UTC,Auto-generated v2 enterprise lead. Category: lawyer. Rev Tier: $600k - $2.5M
LEAD-0376,Harrington Attorneys at Law,Ethan Quinn,https://instagram.com/harringtonattorn,AU,Melbourne,None (Missing),enquiries@harringtonattornmelbourne.com.au,+61 3 957 8593,VALID_MX,95,EMAIL_1_SENT,Campaign 1,1,0,YES,⏳ OUTREACH SENT / WAITING,NO,,NONE,500.0,15%,75.0,DELIVERED,CLEAN,2026-08-27 16:23:09 UTC,Auto-generated v2 enterprise lead. Category: lawyer. Rev Tier: $600k - $2.5M
LEAD-0365,The Rolling Pin Pastry Studio,Ella Taylor,https://instagram.com/therollingpinpas,GB,Belfast,https://facebook.com/therollingpinpas,contact@therollingpinpasbelfast.co.uk,+44 28 473 9250,VALID_MX,95,EMAIL_1_SENT,Campaign 1,1,0,YES,⏳ OUTREACH SENT / WAITING,NO,,NONE,500.0,15%,75.0,DELIVERED,CLEAN,2026-08-27 16:23:09 UTC,Auto-generated v2 enterprise lead. Category: bakery. Rev Tier: $200k - $550k
LEAD-0030,BuildCraft Home Builders,James Taylor,None,US,New York,None (Missing),james@buildcrafthomebunewyork.com,+1 212 538 9890,VALID_MX,95,HOT_REPLY,Campaign 1,1,0,NO,🔥 HOT / APPROACHING,YES,2026-08-27 15:20 UTC,NEUTRAL,4000.0,50%,2000.0,DELIVERED,CLEAN,2026-08-27 16:23:09 UTC,Auto-generated v2 enterprise lead. Category: contractor. Rev Tier: $600k - $2.5M
LEAD-0006,Chic Studio Hair Designers,Lily O'Neill,https://instagram.com/chicstudiohairde,GB,London,None (Missing),enquiries@chicstudiohairdelondon.co.uk,+44 20 608 6930,VALID_MX,95,EMAIL_1_SENT,Campaign 1,1,0,YES,⏳ OUTREACH SENT / WAITING,NO,,NONE,2000.0,15%,300.0,DELIVERED,CLEAN,2026-08-27 16:23:09 UTC,Auto-generated v2 enterprise lead. Category: salon. Rev Tier: $200k - $500k
LEAD-0924,Kelly's Event Venue,Ruby Kelly,https://instagram.com/kellyseventvenue,IE,Waterford,None (Missing),ruby@kellyseventvenuewaterford.ie,+353 51 241 9309,VALID_MX,95,EMAIL_1_SENT,Campaign 1,1,0,YES,⏳ OUTREACH SENT / WAITING,NO,,NONE,500.0,15%,75.0,DELIVERED,CLEAN,2026-08-27 16:23:09 UTC,Auto-generated v2 enterprise lead. Category: event_venue. Rev Tier: $500k - $2.0M
LEAD-0827,Iris & Co Visual Media Studio,Joseph Kelly,None,GB,Manchester,None (Missing),contact@iriscovisualmedimanchester.co.uk,+44 161 936 8850,VALID_MX,95,EMAIL_1_SENT,Campaign 1,1,0,YES,⏳ OUTREACH SENT / WAITING,NO,,NONE,500.0,15%,75.0,DELIVERED,CLEAN,2026-08-27 16:23:09 UTC,Auto-generated v2 enterprise lead. Category: photographer. Rev Tier: $150k - $400k
LEAD-0764,Heritage Banqueting Hall,Alexander O'Neill,None,IE,Waterford,None (Missing),info@heritagebanquetiwaterford.ie,+353 51 719 8794,VALID_MX,95,EMAIL_1_SENT,Campaign 1,1,0,YES,⏳ OUTREACH SENT / WAITING,NO,,NONE,500.0,15%,75.0,DELIVERED,CLEAN,2026-08-27 16:23:09 UTC,Auto-generated v2 enterprise lead. Category: event_venue. Rev Tier: $500k - $2.0M
LEAD-0652,Elysian Celebration Spaces,Mia Quinn,https://instagram.com/elysiancelebrati,US,Chicago,None (Missing),contact@elysiancelebratichicago.com,+1 312 530 7292,VALID_MX,95,EMAIL_1_SENT,Campaign 1,1,0,YES,⏳ OUTREACH SENT / WAITING,NO,,NONE,500.0,15%,75.0,DELIVERED,CLEAN,2026-08-27 16:23:09 UTC,Auto-generated v2 enterprise lead. Category: event_venue. Rev Tier: $500k - $2.0M
LEAD-0548,The Rustic Italian Restaurant,Emma White,None,GB,Edinburgh,None (Missing),hello@therusticitalianedinburgh.co.uk,+44 131 747 2903,VALID_MX,95,EMAIL_1_SENT,Campaign 1,1,0,YES,⏳ OUTREACH SENT / WAITING,NO,,NONE,500.0,15%,75.0,DELIVERED,CLEAN,2026-08-27 16:23:09 UTC,Auto-generated v2 enterprise lead. Category: restaurant. Rev Tier: $400k - $1.5M
LEAD-0544,Elite Dental Care,Daniel Wilson,None,IE,Waterford,None (Missing),info@elitedentalcarewaterford.ie,+353 51 759 6618,VALID_MX,95,EMAIL_1_SENT,Campaign 1,1,0,YES,⏳ OUTREACH SENT / WAITING,NO,,NONE,500.0,15%,75.0,DELIVERED,CLEAN,2026-08-27 16:23:09 UTC,Auto-generated v2 enterprise lead. Category: dentist. Rev Tier: $400k - $1.2M
LEAD-0347,Vivid Lens Wedding & Portrait Studio,Ciara O'Neill,None,GB,Manchester,None (Missing),ciara@vividlensweddingmanchester.co.uk,+44 161 905 8898,VALID_MX,95,EMAIL_1_SENT,Campaign 1,1,0,YES,⏳ OUTREACH SENT / WAITING,NO,,NONE,500.0,15%,75.0,DELIVERED,CLEAN,2026-08-27 16:23:09 UTC,Auto-generated v2 enterprise lead. Category: photographer. Rev Tier: $150k - $400k
LEAD-0258,EverDry Roof Repairs & Cladding,Ciara Smith,https://instagram.com/everdryroofrepai,CA,Vancouver,None (Missing),enquiries@everdryroofrepaivancouver.ca,+1 604 796 6703,VALID_MX,95,EMAIL_1_SENT,Campaign 1,1,0,YES,⏳ OUTREACH SENT / WAITING,NO,,NONE,500.0,15%,75.0,DELIVERED,CLEAN,2026-08-27 16:23:09 UTC,Auto-generated v2 enterprise lead. Category: roofing. Rev Tier: $500k - $1.5M
LEAD-0248,Kensington Law Chambers,Matthew O'Sullivan,https://instagram.com/kensingtonlawcha,GB,Edinburgh,None (Missing),enquiries@kensingtonlawchaedinburgh.co.uk,+44 131 365 7732,VALID_MX,95,EMAIL_1_SENT,Campaign 1,1,0,YES,⏳ OUTREACH SENT / WAITING,NO,,NONE,500.0,15%,75.0,DELIVERED,CLEAN,2026-08-27 16:23:09 UTC,Auto-generated v2 enterprise lead. Category: lawyer. Rev Tier: $600k - $2.5M
LEAD-0185,ClearView Tax & Wealth Advisors,Michael Lee,https://instagram.com/clearviewtaxweal,GB,Belfast,None (Missing),hello@clearviewtaxwealbelfast.co.uk,+44 28 924 6846,VALID_MX,95,EMAIL_1_SENT,Campaign 1,1,0,YES,⏳ OUTREACH SENT / WAITING,NO,,NONE,500.0,15%,75.0,DELIVERED,CLEAN,2026-08-27 16:23:09 UTC,Auto-generated v2 enterprise lead. Category: accountant. Rev Tier: $400k - $1.2M
LEAD-0486,Mane & Co Hair Studio,Lily Williams,https://instagram.com/manecohairstudio,GB,London,None (Missing),info@manecohairstudiolondon.co.uk,+44 20 716 6341,VALID_MX,95,EMAIL_1_SENT,Campaign 1,1,0,YES,⏳ OUTREACH SENT / WAITING,NO,,NONE,430.0,15%,64.5,DELIVERED,CLEAN,2026-08-27 16:23:09 UTC,Auto-generated v2 enterprise lead. Category: salon. Rev Tier: $200k - $500k
LEAD-0772,Trattoria Grill & Tavern,Samuel Williams,https://instagram.com/trattoriagrillta,US,Chicago,None (Missing),info@trattoriagrilltachicago.com,+1 312 557 3955,VALID_MX,95,EMAIL_1_SENT,Campaign 1,1,0,YES,⏳ OUTREACH SENT / WAITING,NO,,NONE,500.0,15%,75.0,DELIVERED,CLEAN,2026-08-27 16:23:09 UTC,Auto-generated v2 enterprise lead. Category: restaurant. Rev Tier: $400k - $1.5M
LEAD-0670,Titan General Contracting,Ciara Clark,None,US,New York,None (Missing),hello@titangeneralcontnewyork.com,+1 212 732 2990,VALID_MX,95,EMAIL_1_SENT,Campaign 1,1,0,YES,⏳ OUTREACH SENT / WAITING,NO,,NONE,500.0,15%,75.0,DELIVERED,CLEAN,2026-08-27 16:23:09 UTC,Auto-generated v2 enterprise lead. Category: contractor. Rev Tier: $600k - $2.5M
LEAD-0537,Prime Tax & Wealth Advisors,Daniel Williams,https://instagram.com/primetaxwealthad,CA,Toronto,None (Missing),info@primetaxwealthadtoronto.ca,+1 416 336 7464,VALID_MX,95,EMAIL_1_SENT,Campaign 1,1,0,YES,⏳ OUTREACH SENT / WAITING,NO,,NONE,500.0,15%,75.0,DELIVERED,CLEAN,2026-08-27 16:23:09 UTC,Auto-generated v2 enterprise lead. Category: accountant. Rev Tier: $400k - $1.2M
LEAD-0067,ProPower Electricians & Automation,Fiona Williams,https://instagram.com/propowerelectric,GB,Manchester,None (Missing),fiona@propowerelectricmanchester.co.uk,+44 161 662 4743,VALID_MX,95,EMAIL_1_SENT,Campaign 1,1,0,YES,⏳ OUTREACH SENT / WAITING,NO,,NONE,2400.0,15%,360.0,DELIVERED,CLEAN,2026-08-27 16:23:09 UTC,Auto-generated v2 enterprise lead. Category: electrician. Rev Tier: $300k - $800k
LEAD-0913,Reliable Plumbing & Heating,William O'Neill,None,US,Miami,None (Missing),william@reliableplumbingmiami.com,+1 305 905 5539,VALID_MX,95,EMAIL_1_SENT,Campaign 1,1,0,YES,⏳ OUTREACH SENT / WAITING,NO,,NONE,500.0,15%,75.0,DELIVERED,CLEAN,2026-08-27 16:23:09 UTC,Auto-generated v2 enterprise lead. Category: plumber. Rev Tier: $250k - $750k
LEAD-0863,Happy Tails Veterinary Hospital,Lucas McCarthy,https://instagram.com/happytailsveteri,IE,Limerick,None (Missing),lucas@happytailsveterilimerick.ie,+353 61 338 3736,VALID_MX,95,EMAIL_1_SENT,Campaign 1,1,0,YES,⏳ OUTREACH SENT / WAITING,NO,,NONE,500.0,15%,75.0,DELIVERED,CLEAN,2026-08-27 16:23:09 UTC,Auto-generated v2 enterprise lead. Category: veterinary. Rev Tier: $450k - $1.3M
LEAD-0666,Dynamic Auto Care Center,Fiona Jackson,https://instagram.com/dynamicautocarec,GB,London,None (Missing),fiona@dynamicautocareclondon.co.uk,+44 20 498 8037,VALID_MX,95,EMAIL_1_SENT,Campaign 1,1,0,YES,⏳ OUTREACH SENT / WAITING,NO,,NONE,714.0,15%,107.1,DELIVERED,CLEAN,2026-08-27 16:23:09 UTC,Auto-generated v2 enterprise lead. Category: car_repair. Rev Tier: $350k - $850k
LEAD-0596,Trattoria Grill & Tavern,Benjamin Martin,None,AU,Melbourne,None (Missing),contact@trattoriagrilltamelbourne.com.au,+61 3 609 2306,VALID_MX,95,EMAIL_1_SENT,Campaign 1,1,0,YES,⏳ OUTREACH SENT / WAITING,NO,,NONE,500.0,15%,75.0,DELIVERED,CLEAN,2026-08-27 16:23:09 UTC,Auto-generated v2 enterprise lead. Category: restaurant. Rev Tier: $400k - $1.5M
LEAD-0420,Miller's Restaurant,Oliver Miller,https://instagram.com/millersrestauran,IE,Dublin,None (Missing),contact@millersrestaurandublin.ie,+353 1 862 3525,VALID_MX,95,EMAIL_1_SENT,Campaign 1,1,0,YES,⏳ OUTREACH SENT / WAITING,NO,,NONE,500.0,15%,75.0,DELIVERED,CLEAN,2026-08-27 16:23:09 UTC,Auto-generated v2 enterprise lead. Category: restaurant. Rev Tier: $400k - $1.5M
LEAD-0210,Martin's Roofing,Ryan Martin,https://instagram.com/martinsroofing,US,New York,None (Missing),ryan@martinsroofingnewyork.com,+1 212 715 6015,VALID_MX,95,EMAIL_1_SENT,Campaign 1,1,0,YES,⏳ OUTREACH SENT / WAITING,NO,,NONE,500.0,15%,75.0,DELIVERED,CLEAN,2026-08-27 16:23:09 UTC,Auto-generated v2 enterprise lead. Category: roofing. Rev Tier: $500k - $1.5M
LEAD-0193,BlueLine Plumbing Services,Samuel O'Sullivan,https://instagram.com/bluelineplumbing,US,Miami,None (Missing),samuel@bluelineplumbingmiami.com,+1 305 506 2293,VALID_MX,95,EMAIL_1_SENT,Campaign 1,1,0,YES,⏳ OUTREACH SENT / WAITING,NO,,NONE,500.0,15%,75.0,DELIVERED,CLEAN,2026-08-27 16:23:09 UTC,Auto-generated v2 enterprise lead. Category: plumber. Rev Tier: $250k - $750k
LEAD-0147,Martinez's Electrician,James Martinez,https://instagram.com/martinezselectri,GB,Manchester,None (Missing),james@martinezselectrimanchester.co.uk,+44 161 411 9537,VALID_MX,95,EMAIL_1_SENT,Campaign 1,1,0,YES,⏳ OUTREACH SENT / WAITING,NO,,NONE,2400.0,15%,360.0,DELIVERED,CLEAN,2026-08-27 16:23:09 UTC,Auto-generated v2 enterprise lead. Category: electrician. Rev Tier: $300k - $800k
LEAD-0082,EverDry Roofing Contractors,Thomas O'Neill,https://instagram.com/everdryroofingco,IE,Galway,None (Missing),contact@everdryroofingcogalway.ie,+353 91 984 3147,VALID_MX,95,EMAIL_1_SENT,Campaign 1,1,0,YES,⏳ OUTREACH SENT / WAITING,NO,,NONE,3800.0,15%,570.0,DELIVERED,CLEAN,2026-08-27 16:23:09 UTC,Auto-generated v2 enterprise lead. Category: roofing. Rev Tier: $500k - $1.5M
LEAD-0416,Elite Dental Studio,Hannah Miller,https://instagram.com/elitedentalstudi,AU,Melbourne,None (Missing),info@elitedentalstudimelbourne.com.au,+61 3 706 1668,VALID_MX,95,EMAIL_1_SENT,Campaign 1,1,0,YES,⏳ OUTREACH SENT / WAITING,NO,,NONE,500.0,15%,75.0,DELIVERED,CLEAN,2026-08-27 16:23:09 UTC,Auto-generated v2 enterprise lead. Category: dentist. Rev Tier: $400k - $1.2M
LEAD-0340,Trattoria Italian Restaurant,Jack O'Sullivan,https://instagram.com/trattoriaitalian,IE,Dublin,None (Missing),enquiries@trattoriaitaliandublin.ie,+353 1 645 1194,VALID_MX,95,EMAIL_1_SENT,Campaign 1,1,0,YES,⏳ OUTREACH SENT / WAITING,NO,,NONE,500.0,15%,75.0,DELIVERED,CLEAN,2026-08-27 16:23:09 UTC,Auto-generated v2 enterprise lead. Category: restaurant. Rev Tier: $400k - $1.5M
LEAD-0087,CrossPeak Fitness Club,William Gallagher,None,GB,Manchester,None (Missing),contact@crosspeakfitnessmanchester.co.uk,+44 161 443 5934,VALID_MX,95,EMAIL_1_SENT,Campaign 1,1,0,YES,⏳ OUTREACH SENT / WAITING,NO,,NONE,2600.0,15%,390.0,DELIVERED,CLEAN,2026-08-27 16:23:09 UTC,Auto-generated v2 enterprise lead. Category: gym. Rev Tier: $350k - $900k
LEAD-0535,Titan Training Facility,Fiona O'Connor,https://instagram.com/titantrainingfac,AU,Sydney,None (Missing),fiona@titantrainingfacsydney.com.au,+61 2 563 1145,VALID_MX,95,EMAIL_1_SENT,Campaign 1,1,0,YES,⏳ OUTREACH SENT / WAITING,NO,,NONE,500.0,15%,75.0,DELIVERED,CLEAN,2026-08-27 16:23:09 UTC,Auto-generated v2 enterprise lead. Category: gym. Rev Tier: $350k - $900k
LEAD-0326,Luxe Hair Studio,Emily Doyle,https://instagram.com/luxehairstudio,GB,London,None (Missing),emily@luxehairstudiolondon.co.uk,+44 20 315 6758,VALID_MX,95,EMAIL_1_SENT,Campaign 1,1,0,YES,⏳ OUTREACH SENT / WAITING,NO,,NONE,430.0,15%,64.5,DELIVERED,CLEAN,2026-08-27 16:23:09 UTC,Auto-generated v2 enterprise lead. Category: salon. Rev Tier: $200k - $500k
LEAD-0220,Crystal Hall Venue & Retreat,Zoe Thompson,https://instagram.com/crystalhallvenue,IE,Dublin,None (Missing),contact@crystalhallvenuedublin.ie,+353 1 251 9305,VALID_MX,95,EMAIL_1_SENT,Campaign 1,1,0,YES,⏳ OUTREACH SENT / WAITING,NO,,NONE,500.0,15%,75.0,DELIVERED,CLEAN,2026-08-27 16:23:09 UTC,Auto-generated v2 enterprise lead. Category: event_venue. Rev Tier: $500k - $2.0M
LEAD-0983,Evolution Training Facility,Benjamin Jackson,None,IE,Limerick,None (Missing),hello@evolutiontraininlimerick.ie,+353 61 934 8588,VALID_MX,95,EMAIL_1_SENT,Campaign 1,1,0,YES,⏳ OUTREACH SENT / WAITING,NO,,NONE,500.0,15%,75.0,DELIVERED,CLEAN,2026-08-27 16:23:09 UTC,Auto-generated v2 enterprise lead. Category: gym. Rev Tier: $350k - $900k
LEAD-0776,Vanguard Solicitors & Advocates,Joseph O'Neill,https://instagram.com/vanguardsolicito,AU,Melbourne,None (Missing),info@vanguardsolicitomelbourne.com.au,+61 3 747 1458,VALID_MX,95,EMAIL_1_SENT,Campaign 1,1,0,YES,⏳ OUTREACH SENT / WAITING,NO,,NONE,500.0,15%,75.0,DELIVERED,CLEAN,2026-08-27 16:23:09 UTC,Auto-generated v2 enterprise lead. Category: lawyer. Rev Tier: $600k - $2.5M
LEAD-0730,Speedy Auto Care Center,Ciara Thompson,https://instagram.com/speedyautocarece,US,New York,None (Missing),hello@speedyautocarecenewyork.com,+1 212 388 6263,VALID_MX,95,EMAIL_1_SENT,Campaign 1,1,0,YES,⏳ OUTREACH SENT / WAITING,NO,,NONE,714.0,15%,107.1,DELIVERED,CLEAN,2026-08-27 16:23:09 UTC,Auto-generated v2 enterprise lead. Category: car_repair. Rev Tier: $350k - $850k
LEAD-0716,The Barn Banqueting Hall,Mia Rodriguez,https://instagram.com/thebarnbanquetin,AU,Melbourne,None (Missing),contact@thebarnbanquetinmelbourne.com.au,+61 3 859 3553,VALID_MX,95,EMAIL_1_SENT,Campaign 1,1,0,YES,⏳ OUTREACH SENT / WAITING,NO,,NONE,500.0,15%,75.0,DELIVERED,CLEAN,2026-08-27 16:23:09 UTC,Auto-generated v2 enterprise lead. Category: event_venue. Rev Tier: $500k - $2.0M
LEAD-0594,ProRoof Roofing Solutions,Ciara Kennedy,https://instagram.com/proroofroofingso,US,Seattle,None (Missing),contact@proroofroofingsoseattle.com,+1 206 527 4246,VALID_MX,95,EMAIL_1_SENT,Campaign 1,1,0,YES,⏳ OUTREACH SENT / WAITING,NO,,NONE,500.0,15%,75.0,DELIVERED,CLEAN,2026-08-27 16:23:09 UTC,Auto-generated v2 enterprise lead. Category: roofing. Rev Tier: $500k - $1.5M
LEAD-0426,Precision Auto Motor Works,Grace Martin,None,GB,London,None (Missing),hello@precisionautomotlondon.co.uk,+44 20 214 4126,VALID_MX,95,EMAIL_1_SENT,Campaign 1,1,0,YES,⏳ OUTREACH SENT / WAITING,NO,,NONE,500.0,15%,75.0,DELIVERED,CLEAN,2026-08-27 16:23:09 UTC,Auto-generated v2 enterprise lead. Category: car_repair. Rev Tier: $350k - $850k
LEAD-0287,Johnson's Veterinary,Mia Johnson,https://instagram.com/johnsonsveterina,GB,Manchester,None (Missing),enquiries@johnsonsveterinamanchester.co.uk,+44 161 594 4104,VALID_MX,95,EMAIL_1_SENT,Campaign 1,1,0,YES,⏳ OUTREACH SENT / WAITING,NO,,NONE,500.0,15%,75.0,DELIVERED,CLEAN,2026-08-27 16:23:09 UTC,Auto-generated v2 enterprise lead. Category: veterinary. Rev Tier: $450k - $1.3M
LEAD-0960,Apex Dental Studio,Joseph Walker,https://instagram.com/apexdentalstudio,IE,Dublin,None (Missing),enquiries@apexdentalstudiodublin.ie,+353 1 757 8023,VALID_MX,95,EMAIL_1_SENT,Campaign 1,1,0,YES,⏳ OUTREACH SENT / WAITING,NO,,NONE,500.0,15%,75.0,DELIVERED,CLEAN,2026-08-27 16:23:09 UTC,Auto-generated v2 enterprise lead. Category: dentist. Rev Tier: $400k - $1.2M
LEAD-0846,BuildCraft Home Builders,Olivia Doyle,None,GB,London,None (Missing),enquiries@buildcrafthomebulondon.co.uk,+44 20 231 7837,VALID_MX,95,EMAIL_1_SENT,Campaign 1,1,0,YES,⏳ OUTREACH SENT / WAITING,NO,,NONE,500.0,15%,75.0,DELIVERED,CLEAN,2026-08-27 16:23:09 UTC,Auto-generated v2 enterprise lead. Category: contractor. Rev Tier: $600k - $2.5M
LEAD-0835,VoltCraft Power Solutions,Ruby Quinn,https://instagram.com/voltcraftpowerso,AU,Sydney,None (Missing),info@voltcraftpowersosydney.com.au,+61 2 711 6236,VALID_MX,95,EMAIL_1_SENT,Campaign 1,1,0,YES,⏳ OUTREACH SENT / WAITING,NO,,NONE,500.0,15%,75.0,DELIVERED,CLEAN,2026-08-27 16:23:09 UTC,Auto-generated v2 enterprise lead. Category: electrician. Rev Tier: $300k - $800k
LEAD-0463,Compassion Animal Clinic,Jack Thompson,https://instagram.com/compassionanimal,IE,Limerick,None (Missing),info@compassionanimallimerick.ie,+353 61 652 1897,VALID_MX,95,EMAIL_1_SENT,Campaign 1,1,0,YES,⏳ OUTREACH SENT / WAITING,NO,,NONE,500.0,15%,75.0,DELIVERED,CLEAN,2026-08-27 16:23:09 UTC,Auto-generated v2 enterprise lead. Category: veterinary. Rev Tier: $450k - $1.3M
LEAD-0296,Pinnacle Legal Associates,Olivia O'Connor,https://instagram.com/pinnaclelegalass,AU,Melbourne,None (Missing),contact@pinnaclelegalassmelbourne.com.au,+61 3 660 8719,VALID_MX,95,EMAIL_1_SENT,Campaign 1,1,0,YES,⏳ OUTREACH SENT / WAITING,NO,,NONE,500.0,15%,75.0,DELIVERED,CLEAN,2026-08-27 16:23:09 UTC,Auto-generated v2 enterprise lead. Category: lawyer. Rev Tier: $600k - $2.5M
LEAD-0011,Lumina Visual Media Studio,Sophie Walsh,https://instagram.com/luminavisualmedi,US,Austin,None (Missing),info@luminavisualmediaustin.com,+1 512 726 4899,VALID_MX,95,PRICING_REQUEST,Campaign 1,1,0,NO,🔥 HOT / APPROACHING,YES,2026-08-27 15:18 UTC,QUESTION,500.0,40%,200.0,DELIVERED,CLEAN,2026-08-27 16:23:09 UTC,Auto-generated v2 enterprise lead. Category: photographer. Rev Tier: $150k - $400k
LEAD-0970,MasterTech Garage & Diagnostics,Patrick Thompson,https://instagram.com/mastertechgarage,US,New York,None (Missing),patrick@mastertechgaragenewyork.com,+1 212 382 6625,VALID_MX,95,EMAIL_1_SENT,Campaign 1,1,0,YES,⏳ OUTREACH SENT / WAITING,NO,,NONE,500.0,15%,75.0,DELIVERED,CLEAN,2026-08-27 16:23:09 UTC,Auto-generated v2 enterprise lead. Category: car_repair. Rev Tier: $350k - $850k
LEAD-0739,Spark Electrical Services,Patrick Clark,https://instagram.com/sparkelectricals,NZ,Auckland,None (Missing),contact@sparkelectricalsauckland.co.nz,+64 9 947 6296,VALID_MX,95,EMAIL_1_SENT,Campaign 1,1,0,YES,⏳ OUTREACH SENT / WAITING,NO,,NONE,430.0,15%,64.5,DELIVERED,CLEAN,2026-08-27 16:23:09 UTC,Auto-generated v2 enterprise lead. Category: electrician. Rev Tier: $300k - $800k
LEAD-0422,Serenity Hair Studio,James Doyle,https://instagram.com/serenityhairstud,IE,Galway,None (Missing),contact@serenityhairstudgalway.ie,+353 91 679 8165,VALID_MX,95,EMAIL_1_SENT,Campaign 1,1,0,YES,⏳ OUTREACH SENT / WAITING,NO,,NONE,430.0,15%,64.5,DELIVERED,CLEAN,2026-08-27 16:23:09 UTC,Auto-generated v2 enterprise lead. Category: salon. Rev Tier: $200k - $500k
LEAD-0268,Skyline Pavilion Events & Weddings,Ryan Murphy,https://instagram.com/skylinepavilione,GB,Edinburgh,None (Missing),contact@skylinepavilioneedinburgh.co.uk,+44 131 895 4259,VALID_MX,95,EMAIL_1_SENT,Campaign 1,1,0,YES,⏳ OUTREACH SENT / WAITING,NO,,NONE,500.0,15%,75.0,DELIVERED,CLEAN,2026-08-27 16:23:09 UTC,Auto-generated v2 enterprise lead. Category: event_venue. Rev Tier: $500k - $2.0M
LEAD-0250,Dynamic Auto Service & Repair,Chloe Hall,https://instagram.com/dynamicautoservi,US,New York,None (Missing),hello@dynamicautoservinewyork.com,+1 212 587 7315,VALID_MX,95,EMAIL_1_SENT,Campaign 1,1,0,YES,⏳ OUTREACH SENT / WAITING,NO,,NONE,714.0,15%,107.1,DELIVERED,CLEAN,2026-08-27 16:23:09 UTC,Auto-generated v2 enterprise lead. Category: car_repair. Rev Tier: $350k - $850k
LEAD-0137,Precision Tax & Wealth Advisors,Jack Brown,None,CA,Toronto,None (Missing),info@precisiontaxwealtoronto.ca,+1 416 300 8161,VALID_MX,95,EMAIL_1_SENT,Campaign 1,1,0,YES,⏳ OUTREACH SENT / WAITING,NO,,NONE,500.0,15%,75.0,DELIVERED,CLEAN,2026-08-27 16:23:09 UTC,Auto-generated v2 enterprise lead. Category: accountant. Rev Tier: $400k - $1.2M
LEAD-0977,Rapid Plumbing Solutions,Benjamin Walker,https://instagram.com/rapidplumbingsol,CA,Toronto,None (Missing),contact@rapidplumbingsoltoronto.ca,+1 416 505 3745,VALID_MX,95,EMAIL_1_SENT,Campaign 1,1,0,YES,⏳ OUTREACH SENT / WAITING,NO,,NONE,500.0,15%,75.0,DELIVERED,CLEAN,2026-08-27 16:23:09 UTC,Auto-generated v2 enterprise lead. Category: plumber. Rev Tier: $250k - $750k
LEAD-0855,Pulse Fitness Club,Lucas Doyle,None,AU,Sydney,None (Missing),hello@pulsefitnessclubsydney.com.au,+61 2 616 4620,VALID_MX,95,EMAIL_1_SENT,Campaign 1,1,0,YES,⏳ OUTREACH SENT / WAITING,NO,,NONE,500.0,15%,75.0,DELIVERED,CLEAN,2026-08-27 16:23:09 UTC,Auto-generated v2 enterprise lead. Category: gym. Rev Tier: $350k - $900k
LEAD-0755,ProPower Power Solutions,Fiona Doyle,None,AU,Sydney,None (Missing),enquiries@propowerpowersolsydney.com.au,+61 2 731 7268,VALID_MX,95,EMAIL_1_SENT,Campaign 1,1,0,YES,⏳ OUTREACH SENT / WAITING,NO,,NONE,500.0,15%,75.0,DELIVERED,CLEAN,2026-08-27 16:23:09 UTC,Auto-generated v2 enterprise lead. Category: electrician. Rev Tier: $300k - $800k
LEAD-0514,TrueGuard Roofing Solutions,Olivia Anderson,None,US,Seattle,None (Missing),hello@trueguardroofingseattle.com,+1 206 815 5643,VALID_MX,95,EMAIL_1_SENT,Campaign 1,1,0,YES,⏳ OUTREACH SENT / WAITING,NO,,NONE,500.0,15%,75.0,DELIVERED,CLEAN,2026-08-27 16:23:09 UTC,Auto-generated v2 enterprise lead. Category: roofing. Rev Tier: $500k - $1.5M
LEAD-0465,BlueLine Plumbing Services,William Walsh,None,GB,Belfast,None (Missing),enquiries@bluelineplumbingbelfast.co.uk,+44 28 329 9337,VALID_MX,95,EMAIL_1_SENT,Campaign 1,1,0,YES,⏳ OUTREACH SENT / WAITING,NO,,NONE,500.0,15%,75.0,DELIVERED,CLEAN,2026-08-27 16:23:09 UTC,Auto-generated v2 enterprise lead. Category: plumber. Rev Tier: $250k - $750k
LEAD-0348,Manor & Gardens Events & Weddings,Olivia Wilson,https://instagram.com/manorgardenseven,GB,Edinburgh,None (Missing),olivia@manorgardensevenedinburgh.co.uk,+44 131 876 4129,VALID_MX,95,EMAIL_1_SENT,Campaign 1,1,0,YES,⏳ OUTREACH SENT / WAITING,NO,,NONE,500.0,15%,75.0,DELIVERED,CLEAN,2026-08-27 16:23:09 UTC,Auto-generated v2 enterprise lead. Category: event_venue. Rev Tier: $500k - $2.0M
LEAD-0243,SafeWatt Power Solutions,Liam Quinn,None,IE,Limerick,None (Missing),enquiries@safewattpowersollimerick.ie,+353 61 417 1600,VALID_MX,95,EMAIL_1_SENT,Campaign 1,1,0,YES,⏳ OUTREACH SENT / WAITING,NO,,NONE,500.0,15%,75.0,DELIVERED,CLEAN,2026-08-27 16:23:09 UTC,Auto-generated v2 enterprise lead. Category: electrician. Rev Tier: $300k - $800k
LEAD-0048,Harbour Dental Care,David Rodriguez,None,GB,Edinburgh,None (Missing),enquiries@harbourdentalcaredinburgh.co.uk,+44 131 673 7770,VALID_MX,95,FOLLOWUP_1_SENT,Campaign 1,2,1,YES,⏳ OUTREACH SENT / WAITING,NO,,NONE,500.0,20%,100.0,DELIVERED,CLEAN,2026-08-27 16:23:09 UTC,Auto-generated v2 enterprise lead. Category: dentist. Rev Tier: $400k - $1.2M
LEAD-0040,Harrington Legal Associates,Mia Brennan,None,IE,Dublin,None (Missing),hello@harringtonlegaladublin.ie,+353 1 503 4727,VALID_MX,95,FOLLOWUP_1_SENT,Campaign 1,2,1,YES,⏳ OUTREACH SENT / WAITING,NO,,NONE,500.0,20%,100.0,DELIVERED,CLEAN,2026-08-27 16:23:09 UTC,Auto-generated v2 enterprise lead. Category: lawyer. Rev Tier: $600k - $2.5M
LEAD-0016,Grand Family Dentistry,Joseph Thomas,https://instagram.com/grandfamilydenti,AU,Melbourne,None (Missing),info@grandfamilydentimelbourne.com.au,+61 3 834 2343,VALID_MX,95,PRICING_REQUEST,Campaign 1,1,0,NO,🔥 HOT / APPROACHING,YES,2026-08-27 15:19 UTC,QUESTION,500.0,40%,200.0,DELIVERED,CLEAN,2026-08-27 16:23:09 UTC,Auto-generated v2 enterprise lead. Category: dentist. Rev Tier: $400k - $1.2M
LEAD-0853,Roasted Espresso Bar,Lucas Brown,None,US,Miami,None (Missing),hello@roastedespressobmiami.com,+1 305 240 1981,VALID_MX,95,EMAIL_1_SENT,Campaign 1,1,0,YES,⏳ OUTREACH SENT / WAITING,NO,,NONE,500.0,15%,75.0,DELIVERED,CLEAN,2026-08-27 16:23:09 UTC,Auto-generated v2 enterprise lead. Category: cafe. Rev Tier: $200k - $600k
LEAD-0820,Olive & Oak Italian Restaurant,Michael Rodriguez,https://instagram.com/oliveoakitalianr,IE,Dublin,None (Missing),enquiries@oliveoakitalianrdublin.ie,+353 1 207 5610,VALID_MX,95,EMAIL_1_SENT,Campaign 1,1,0,YES,⏳ OUTREACH SENT / WAITING,NO,,NONE,500.0,15%,75.0,DELIVERED,CLEAN,2026-08-27 16:23:09 UTC,Auto-generated v2 enterprise lead. Category: restaurant. Rev Tier: $400k - $1.5M
LEAD-0750,Vanguard Construction & Design,Sean Walsh,https://instagram.com/vanguardconstruc,US,New York,None (Missing),hello@vanguardconstrucnewyork.com,+1 212 951 2094,VALID_MX,95,EMAIL_1_SENT,Campaign 1,1,0,YES,⏳ OUTREACH SENT / WAITING,NO,,NONE,500.0,15%,75.0,DELIVERED,CLEAN,2026-08-27 16:23:09 UTC,Auto-generated v2 enterprise lead. Category: contractor. Rev Tier: $600k - $2.5M
LEAD-0560,Lewis's Dentist,Lily Lewis,https://instagram.com/lewissdentist,IE,Dublin,None (Missing),hello@lewissdentistdublin.ie,+353 1 257 3257,VALID_MX,95,EMAIL_1_SENT,Campaign 1,1,0,YES,⏳ OUTREACH SENT / WAITING,NO,,NONE,500.0,15%,75.0,DELIVERED,CLEAN,2026-08-27 16:23:09 UTC,Auto-generated v2 enterprise lead. Category: dentist. Rev Tier: $400k - $1.2M
LEAD-0351,PureCare Animal Clinic,Ethan Johnson,None,US,Austin,None (Missing),enquiries@purecareanimalclaustin.com,+1 512 265 2742,VALID_MX,95,EMAIL_1_SENT,Campaign 1,1,0,YES,⏳ OUTREACH SENT / WAITING,NO,,NONE,500.0,15%,75.0,DELIVERED,CLEAN,2026-08-27 16:23:09 UTC,Auto-generated v2 enterprise lead. Category: veterinary. Rev Tier: $450k - $1.3M
LEAD-0328,Apex Law Chambers,Chloe O'Neill,https://instagram.com/apexlawchambers,GB,Edinburgh,None (Missing),info@apexlawchambersedinburgh.co.uk,+44 131 957 8972,VALID_MX,95,EMAIL_1_SENT,Campaign 1,1,0,YES,⏳ OUTREACH SENT / WAITING,NO,,NONE,500.0,15%,75.0,DELIVERED,CLEAN,2026-08-27 16:23:09 UTC,Auto-generated v2 enterprise lead. Category: lawyer. Rev Tier: $600k - $2.5M
LEAD-0247,Elevation Fitness Club,Zoe O'Sullivan,None,GB,Manchester,None (Missing),enquiries@elevationfitnessmanchester.co.uk,+44 161 342 8207,VALID_MX,95,EMAIL_1_SENT,Campaign 1,1,0,YES,⏳ OUTREACH SENT / WAITING,NO,,NONE,500.0,15%,75.0,DELIVERED,CLEAN,2026-08-27 16:23:09 UTC,Auto-generated v2 enterprise lead. Category: gym. Rev Tier: $350k - $900k
LEAD-0018,Summit Roof Repairs & Cladding,Ruby Gallagher,https://instagram.com/summitroofrepair,CA,Vancouver,None (Missing),info@summitroofrepairvancouver.ca,+1 604 337 5333,VALID_MX,95,HOT_REPLY,Campaign 1,1,0,NO,🔥 HOT / APPROACHING,YES,2026-08-27 15:19 UTC,NEUTRAL,500.0,50%,250.0,DELIVERED,CLEAN,2026-08-27 16:23:09 UTC,Auto-generated v2 enterprise lead. Category: roofing. Rev Tier: $500k - $1.5M
LEAD-0792,Apex Law Chambers,Marcus Martinez,https://instagram.com/apexlawchambers,US,Chicago,None (Missing),hello@apexlawchamberschicago.com,+1 312 514 2081,VALID_MX,95,EMAIL_1_SENT,Campaign 1,1,0,YES,⏳ OUTREACH SENT / WAITING,NO,,NONE,500.0,15%,75.0,DELIVERED,CLEAN,2026-08-27 16:23:09 UTC,Auto-generated v2 enterprise lead. Category: lawyer. Rev Tier: $600k - $2.5M
LEAD-0649,ClearView Accounting & Advisory,Hannah Lynch,https://instagram.com/clearviewaccount,GB,Birmingham,None (Missing),hello@clearviewaccountbirmingham.co.uk,+44 121 234 8068,VALID_MX,95,EMAIL_1_SENT,Campaign 1,1,0,YES,⏳ OUTREACH SENT / WAITING,NO,,NONE,500.0,15%,75.0,DELIVERED,CLEAN,2026-08-27 16:23:09 UTC,Auto-generated v2 enterprise lead. Category: accountant. Rev Tier: $400k - $1.2M
LEAD-0508,Skyline Pavilion Banqueting Hall,Matthew McCarthy,https://instagram.com/skylinepavilionb,GB,Edinburgh,None (Missing),info@skylinepavilionbedinburgh.co.uk,+44 131 853 6278,VALID_MX,95,EMAIL_1_SENT,Campaign 1,1,0,YES,⏳ OUTREACH SENT / WAITING,NO,,NONE,500.0,15%,75.0,DELIVERED,CLEAN,2026-08-27 16:23:09 UTC,Auto-generated v2 enterprise lead. Category: event_venue. Rev Tier: $500k - $2.0M
LEAD-0473,Ledger & Co Chartered Accountants,Ruby Walsh,None,US,Miami,None (Missing),enquiries@ledgercocharteremiami.com,+1 305 583 9168,VALID_MX,95,EMAIL_1_SENT,Campaign 1,1,0,YES,⏳ OUTREACH SENT / WAITING,NO,,NONE,500.0,15%,75.0,DELIVERED,CLEAN,2026-08-27 16:23:09 UTC,Auto-generated v2 enterprise lead. Category: accountant. Rev Tier: $400k - $1.2M
LEAD-0409,Sterling Financial Consultants,Patrick Lewis,https://instagram.com/sterlingfinancia,GB,Birmingham,None (Missing),patrick@sterlingfinanciabirmingham.co.uk,+44 121 586 4677,VALID_MX,95,EMAIL_1_SENT,Campaign 1,1,0,YES,⏳ OUTREACH SENT / WAITING,NO,,NONE,500.0,15%,75.0,DELIVERED,CLEAN,2026-08-27 16:23:09 UTC,Auto-generated v2 enterprise lead. Category: accountant. Rev Tier: $400k - $1.2M
LEAD-0020,The Rustic Grill & Tavern,James O'Neill,https://instagram.com/therusticgrillta,IE,Dublin,None (Missing),enquiries@therusticgrilltadublin.ie,+353 1 765 3426,VALID_MX,95,PRICING_REQUEST,Campaign 1,1,0,NO,🔥 HOT / APPROACHING,YES,2026-08-27 15:19 UTC,QUESTION,500.0,40%,200.0,DELIVERED,CLEAN,2026-08-27 16:23:09 UTC,Auto-generated v2 enterprise lead. Category: restaurant. Rev Tier: $400k - $1.5M
LEAD-0757,Urban Grind Espresso Bar,Olivia Lewis,https://instagram.com/urbangrindespres,CA,Toronto,None (Missing),contact@urbangrindesprestoronto.ca,+1 416 567 6636,VALID_MX,95,EMAIL_1_SENT,Campaign 1,1,0,YES,⏳ OUTREACH SENT / WAITING,NO,,NONE,500.0,15%,75.0,DELIVERED,CLEAN,2026-08-27 16:23:09 UTC,Auto-generated v2 enterprise lead. Category: cafe. Rev Tier: $200k - $600k
LEAD-0583,Elevation CrossFit & Athletics,Elena Gallagher,https://instagram.com/elevationcrossfi,IE,Limerick,None (Missing),contact@elevationcrossfilimerick.ie,+353 61 374 8045,VALID_MX,95,EMAIL_1_SENT,Campaign 1,1,0,YES,⏳ OUTREACH SENT / WAITING,NO,,NONE,500.0,15%,75.0,DELIVERED,CLEAN,2026-08-27 16:23:09 UTC,Auto-generated v2 enterprise lead. Category: gym. Rev Tier: $350k - $900k
LEAD-0510,Titan Home Builders,Lily Hall,None,US,New York,None (Missing),info@titanhomebuildernewyork.com,+1 212 693 9858,VALID_MX,95,EMAIL_1_SENT,Campaign 1,1,0,YES,⏳ OUTREACH SENT / WAITING,NO,,NONE,500.0,15%,75.0,DELIVERED,CLEAN,2026-08-27 16:23:09 UTC,Auto-generated v2 enterprise lead. Category: contractor. Rev Tier: $600k - $2.5M
LEAD-0430,Apex Home Builders,Michael Harris,None,US,New York,None (Missing),contact@apexhomebuildersnewyork.com,+1 212 648 4802,VALID_MX,95,EMAIL_1_SENT,Campaign 1,1,0,YES,⏳ OUTREACH SENT / WAITING,NO,,NONE,500.0,15%,75.0,DELIVERED,CLEAN,2026-08-27 16:23:09 UTC,Auto-generated v2 enterprise lead. Category: contractor. Rev Tier: $600k - $2.5M
LEAD-0402,Apex Roofing Solutions,Benjamin Robinson,https://instagram.com/apexroofingsolut,IE,Galway,None (Missing),hello@apexroofingsolutgalway.ie,+353 91 441 2833,VALID_MX,95,EMAIL_1_SENT,Campaign 1,1,0,YES,⏳ OUTREACH SENT / WAITING,NO,,NONE,500.0,15%,75.0,DELIVERED,CLEAN,2026-08-27 16:23:09 UTC,Auto-generated v2 enterprise lead. Category: roofing. Rev Tier: $500k - $1.5M
LEAD-0090,MasterTech Motor Works,Emily O'Sullivan,None,US,New York,None (Missing),info@mastertechmotorwnewyork.com,+1 212 933 8498,VALID_MX,95,EMAIL_1_SENT,Campaign 1,1,0,YES,⏳ OUTREACH SENT / WAITING,NO,,NONE,500.0,15%,75.0,DELIVERED,CLEAN,2026-08-27 16:23:09 UTC,Auto-generated v2 enterprise lead. Category: car_repair. Rev Tier: $350k - $850k
LEAD-0058,Precision Auto Auto Service & Repair,Hannah Brown,https://instagram.com/precisionautoaut,CA,Vancouver,None (Missing),contact@precisionautoautvancouver.ca,+1 604 651 1546,VALID_MX,95,FOLLOWUP_1_SENT,Campaign 1,2,1,YES,⏳ OUTREACH SENT / WAITING,NO,,NONE,714.0,20%,142.8,DELIVERED,CLEAN,2026-08-27 16:23:09 UTC,Auto-generated v2 enterprise lead. Category: car_repair. Rev Tier: $350k - $850k
LEAD-0942,Integrity Building & Renovations,Sean Gallagher,https://instagram.com/integritybuildin,IE,Galway,None (Missing),contact@integritybuildingalway.ie,+353 91 505 4889,VALID_MX,95,EMAIL_1_SENT,Campaign 1,1,0,YES,⏳ OUTREACH SENT / WAITING,NO,,NONE,500.0,15%,75.0,DELIVERED,CLEAN,2026-08-27 16:23:09 UTC,Auto-generated v2 enterprise lead. Category: contractor. Rev Tier: $600k - $2.5M
LEAD-0869,Urban Grind Coffee House,Lucas Byrne,https://instagram.com/urbangrindcoffee,GB,Birmingham,None (Missing),hello@urbangrindcoffeebirmingham.co.uk,+44 121 845 9537,VALID_MX,95,EMAIL_1_SENT,Campaign 1,1,0,YES,⏳ OUTREACH SENT / WAITING,NO,,NONE,500.0,15%,75.0,DELIVERED,CLEAN,2026-08-27 16:23:09 UTC,Auto-generated v2 enterprise lead. Category: cafe. Rev Tier: $200k - $600k
LEAD-0676,Trattoria Bistro & Eatery,Matthew Thompson,https://instagram.com/trattoriabistroe,AU,Melbourne,None (Missing),info@trattoriabistroemelbourne.com.au,+61 3 446 7442,VALID_MX,95,EMAIL_1_SENT,Campaign 1,1,0,YES,⏳ OUTREACH SENT / WAITING,NO,,NONE,500.0,15%,75.0,DELIVERED,CLEAN,2026-08-27 16:23:09 UTC,Auto-generated v2 enterprise lead. Category: restaurant. Rev Tier: $400k - $1.5M
LEAD-0611,Current Electrical Services,Ryan Harris,None,US,Austin,None (Missing),ryan@currentelectricaaustin.com,+1 512 901 3410,VALID_MX,95,EMAIL_1_SENT,Campaign 1,1,0,YES,⏳ OUTREACH SENT / WAITING,NO,,NONE,500.0,15%,75.0,DELIVERED,CLEAN,2026-08-27 16:23:09 UTC,Auto-generated v2 enterprise lead. Category: electrician. Rev Tier: $300k - $800k
LEAD-0488,Harrington Legal Associates,Fiona Davis,https://instagram.com/harringtonlegala,GB,Edinburgh,None (Missing),enquiries@harringtonlegalaedinburgh.co.uk,+44 131 959 7403,VALID_MX,95,EMAIL_1_SENT,Campaign 1,1,0,YES,⏳ OUTREACH SENT / WAITING,NO,,NONE,500.0,15%,75.0,DELIVERED,CLEAN,2026-08-27 16:23:09 UTC,Auto-generated v2 enterprise lead. Category: lawyer. Rev Tier: $600k - $2.5M
LEAD-0452,Golden Leaf Dining Room,Emma Martin,https://instagram.com/goldenleafdining,US,Chicago,None (Missing),emma@goldenleafdiningchicago.com,+1 312 285 9199,VALID_MX,95,EMAIL_1_SENT,Campaign 1,1,0,YES,⏳ OUTREACH SENT / WAITING,NO,,NONE,500.0,15%,75.0,DELIVERED,CLEAN,2026-08-27 16:23:09 UTC,Auto-generated v2 enterprise lead. Category: restaurant. Rev Tier: $400k - $1.5M
LEAD-0434,Robinson's Roofing,Oliver Robinson,https://instagram.com/robinsonsroofing,US,Seattle,None (Missing),oliver@robinsonsroofingseattle.com,+1 206 980 9288,VALID_MX,95,EMAIL_1_SENT,Campaign 1,1,0,YES,⏳ OUTREACH SENT / WAITING,NO,,NONE,500.0,15%,75.0,DELIVERED,CLEAN,2026-08-27 16:23:09 UTC,Auto-generated v2 enterprise lead. Category: roofing. Rev Tier: $500k - $1.5M
LEAD-0384,Pure Orthodontics,Lucas Quinn,None,IE,Waterford,None (Missing),hello@pureorthodonticswaterford.ie,+353 51 712 4962,VALID_MX,95,EMAIL_1_SENT,Campaign 1,1,0,YES,⏳ OUTREACH SENT / WAITING,NO,,NONE,500.0,15%,75.0,DELIVERED,CLEAN,2026-08-27 16:23:09 UTC,Auto-generated v2 enterprise lead. Category: dentist. Rev Tier: $400k - $1.2M
LEAD-0289,Reliable Plumbing Services,Marcus Brennan,None,GB,Birmingham,None (Missing),marcus@reliableplumbingbirmingham.co.uk,+44 121 984 5162,VALID_MX,95,EMAIL_1_SENT,Campaign 1,1,0,YES,⏳ OUTREACH SENT / WAITING,NO,,NONE,500.0,15%,75.0,DELIVERED,CLEAN,2026-08-27 16:23:09 UTC,Auto-generated v2 enterprise lead. Category: plumber. Rev Tier: $250k - $750k
LEAD-0195,VoltCraft Power Solutions,Mia Hall,None,AU,Sydney,None (Missing),info@voltcraftpowersosydney.com.au,+61 2 624 3451,VALID_MX,95,EMAIL_1_SENT,Campaign 1,1,0,YES,⏳ OUTREACH SENT / WAITING,NO,,NONE,500.0,15%,75.0,DELIVERED,CLEAN,2026-08-27 16:23:09 UTC,Auto-generated v2 enterprise lead. Category: electrician. Rev Tier: $300k - $800k
LEAD-0874,Dynamic Garage & Diagnostics,Grace Byrne,https://instagram.com/dynamicgaragedia,US,Seattle,None (Missing),contact@dynamicgaragediaseattle.com,+1 206 309 3424,VALID_MX,95,EMAIL_1_SENT,Campaign 1,1,0,YES,⏳ OUTREACH SENT / WAITING,NO,,NONE,500.0,15%,75.0,DELIVERED,CLEAN,2026-08-27 16:23:09 UTC,Auto-generated v2 enterprise lead. Category: car_repair. Rev Tier: $350k - $850k
LEAD-0807,Evolution Health & Performance,Daniel Murphy,None,GB,Manchester,None (Missing),hello@evolutionhealthpmanchester.co.uk,+44 161 510 5549,VALID_MX,95,EMAIL_1_SENT,Campaign 1,1,0,YES,⏳ OUTREACH SENT / WAITING,NO,,NONE,500.0,15%,75.0,DELIVERED,CLEAN,2026-08-27 16:23:09 UTC,Auto-generated v2 enterprise lead. Category: gym. Rev Tier: $350k - $900k
LEAD-0737,BlueLine Plumbing & Heating,Sarah McCarthy,None,CA,Toronto,None (Missing),hello@bluelineplumbingtoronto.ca,+1 416 974 4434,VALID_MX,95,EMAIL_1_SENT,Campaign 1,1,0,YES,⏳ OUTREACH SENT / WAITING,NO,,NONE,500.0,15%,75.0,DELIVERED,CLEAN,2026-08-27 16:23:09 UTC,Auto-generated v2 enterprise lead. Category: plumber. Rev Tier: $250k - $750k
LEAD-0675,Apex Electricians & Automation,Ruby O'Sullivan,https://instagram.com/apexelectricians,AU,Sydney,None (Missing),info@apexelectricianssydney.com.au,+61 2 437 4546,VALID_MX,95,EMAIL_1_SENT,Campaign 1,1,0,YES,⏳ OUTREACH SENT / WAITING,NO,,NONE,500.0,15%,75.0,DELIVERED,CLEAN,2026-08-27 16:23:09 UTC,Auto-generated v2 enterprise lead. Category: electrician. Rev Tier: $300k - $800k
LEAD-0641,QuickFlow Emergency Plumbing,Sean Hall,https://instagram.com/quickflowemergen,IE,Cork,None (Missing),sean@quickflowemergencork.ie,+353 21 853 4569,VALID_MX,95,EMAIL_1_SENT,Campaign 1,1,0,YES,⏳ OUTREACH SENT / WAITING,NO,,NONE,500.0,15%,75.0,DELIVERED,CLEAN,2026-08-27 16:23:09 UTC,Auto-generated v2 enterprise lead. Category: plumber. Rev Tier: $250k - $750k
LEAD-0263,Forge Health & Performance,Zoe Kennedy,https://instagram.com/forgehealthperfo,IE,Limerick,None (Missing),hello@forgehealthperfolimerick.ie,+353 61 982 9374,VALID_MX,95,EMAIL_1_SENT,Campaign 1,1,0,YES,⏳ OUTREACH SENT / WAITING,NO,,NONE,500.0,15%,75.0,DELIVERED,CLEAN,2026-08-27 16:23:09 UTC,Auto-generated v2 enterprise lead. Category: gym. Rev Tier: $350k - $900k
LEAD-0092,Highland Celebration Spaces,Mia White,https://instagram.com/highlandcelebrat,US,Chicago,None (Missing),info@highlandcelebratchicago.com,+1 312 640 3956,VALID_MX,95,EMAIL_1_SENT,Campaign 1,1,0,YES,⏳ OUTREACH SENT / WAITING,NO,,NONE,500.0,15%,75.0,DELIVERED,CLEAN,2026-08-27 16:23:09 UTC,Auto-generated v2 enterprise lead. Category: event_venue. Rev Tier: $500k - $2.0M
LEAD-0743,Pulse Health & Performance,Elena Dunne,None,IE,Limerick,None (Missing),elena@pulsehealthperfolimerick.ie,+353 61 966 4215,VALID_MX,95,EMAIL_1_SENT,Campaign 1,1,0,YES,⏳ OUTREACH SENT / WAITING,NO,,NONE,500.0,15%,75.0,DELIVERED,CLEAN,2026-08-27 16:23:09 UTC,Auto-generated v2 enterprise lead. Category: gym. Rev Tier: $350k - $900k
LEAD-0603,Lumina Photography,Elena Johnson,https://instagram.com/luminaphotograph,IE,Limerick,None (Missing),elena@luminaphotographlimerick.ie,+353 61 398 5816,VALID_MX,95,EMAIL_1_SENT,Campaign 1,1,0,YES,⏳ OUTREACH SENT / WAITING,NO,,NONE,500.0,15%,75.0,DELIVERED,CLEAN,2026-08-27 16:23:09 UTC,Auto-generated v2 enterprise lead. Category: photographer. Rev Tier: $150k - $400k
LEAD-0089,Summit Accounting & Advisory,Jack Robinson,https://instagram.com/summitaccounting,GB,Birmingham,None (Missing),contact@summitaccountingbirmingham.co.uk,+44 121 269 6649,VALID_MX,95,EMAIL_1_SENT,Campaign 1,1,0,YES,⏳ OUTREACH SENT / WAITING,NO,,NONE,500.0,15%,75.0,DELIVERED,CLEAN,2026-08-27 16:23:09 UTC,Auto-generated v2 enterprise lead. Category: accountant. Rev Tier: $400k - $1.2M
LEAD-0484,La Piazza Dining Room,Joseph Doyle,https://instagram.com/lapiazzadiningro,IE,Waterford,None (Missing),enquiries@lapiazzadiningrowaterford.ie,+353 51 240 2492,VALID_MX,95,EMAIL_1_SENT,Campaign 1,1,0,YES,⏳ OUTREACH SENT / WAITING,NO,,NONE,500.0,15%,75.0,DELIVERED,CLEAN,2026-08-27 16:23:09 UTC,Auto-generated v2 enterprise lead. Category: restaurant. Rev Tier: $400k - $1.5M
LEAD-0395,Epic Visual Media Studio,Michael Murphy,https://instagram.com/epicvisualmedias,AU,Sydney,None (Missing),info@epicvisualmediassydney.com.au,+61 2 671 7921,VALID_MX,95,EMAIL_1_SENT,Campaign 1,1,0,YES,⏳ OUTREACH SENT / WAITING,NO,,NONE,500.0,15%,75.0,DELIVERED,CLEAN,2026-08-27 16:23:09 UTC,Auto-generated v2 enterprise lead. Category: photographer. Rev Tier: $150k - $400k
LEAD-0316,Oasis Venue & Retreat,Sean Wilson,https://instagram.com/oasisvenueretrea,AU,Melbourne,None (Missing),info@oasisvenueretreamelbourne.com.au,+61 3 515 5919,VALID_MX,95,EMAIL_1_SENT,Campaign 1,1,0,YES,⏳ OUTREACH SENT / WAITING,NO,,NONE,500.0,15%,75.0,DELIVERED,CLEAN,2026-08-27 16:23:09 UTC,Auto-generated v2 enterprise lead. Category: event_venue. Rev Tier: $500k - $2.0M
LEAD-0226,IronClad Roof Repairs & Cladding,William McCarthy,https://instagram.com/ironcladroofrepa,GB,London,None (Missing),enquiries@ironcladroofrepalondon.co.uk,+44 20 847 4560,VALID_MX,95,EMAIL_1_SENT,Campaign 1,1,0,YES,⏳ OUTREACH SENT / WAITING,NO,,NONE,500.0,15%,75.0,DELIVERED,CLEAN,2026-08-27 16:23:09 UTC,Auto-generated v2 enterprise lead. Category: roofing. Rev Tier: $500k - $1.5M
LEAD-0160,Pure Orthodontics,Lucas Smith,None,IE,Dublin,None (Missing),info@pureorthodonticsdublin.ie,+353 1 580 3711,VALID_MX,95,EMAIL_1_SENT,Campaign 1,1,0,YES,⏳ OUTREACH SENT / WAITING,NO,,NONE,500.0,15%,75.0,DELIVERED,CLEAN,2026-08-27 16:23:09 UTC,Auto-generated v2 enterprise lead. Category: dentist. Rev Tier: $400k - $1.2M
LEAD-0156,Heritage Venue & Retreat,Olivia Harris,https://instagram.com/heritagevenueret,AU,Melbourne,None (Missing),enquiries@heritagevenueretmelbourne.com.au,+61 3 895 2560,VALID_MX,95,EMAIL_1_SENT,Campaign 1,1,0,YES,⏳ OUTREACH SENT / WAITING,NO,,NONE,500.0,15%,75.0,DELIVERED,CLEAN,2026-08-27 16:23:09 UTC,Auto-generated v2 enterprise lead. Category: event_venue. Rev Tier: $500k - $2.0M
LEAD-0149,Urban Grind Cafe & Bakery,Ava Clark,https://instagram.com/urbangrindcafeba,GB,Birmingham,None (Missing),hello@urbangrindcafebabirmingham.co.uk,+44 121 485 2025,VALID_MX,95,EMAIL_1_SENT,Campaign 1,1,0,YES,⏳ OUTREACH SENT / WAITING,NO,,NONE,500.0,15%,75.0,DELIVERED,CLEAN,2026-08-27 16:23:09 UTC,Auto-generated v2 enterprise lead. Category: cafe. Rev Tier: $200k - $600k
LEAD-0139,Aperture Wedding & Portrait Studio,Noah Robinson,https://instagram.com/apertureweddingp,NZ,Auckland,None (Missing),hello@apertureweddingpauckland.co.nz,+64 9 289 4070,VALID_MX,95,EMAIL_1_SENT,Campaign 1,1,0,YES,⏳ OUTREACH SENT / WAITING,NO,,NONE,500.0,15%,75.0,DELIVERED,CLEAN,2026-08-27 16:23:09 UTC,Auto-generated v2 enterprise lead. Category: photographer. Rev Tier: $150k - $400k
LEAD-0880,Elite Dental Studio,Chloe Miller,https://instagram.com/elitedentalstudi,IE,Dublin,None (Missing),contact@elitedentalstudidublin.ie,+353 1 721 6020,VALID_MX,95,EMAIL_1_SENT,Campaign 1,1,0,YES,⏳ OUTREACH SENT / WAITING,NO,,NONE,500.0,15%,75.0,DELIVERED,CLEAN,2026-08-27 16:23:09 UTC,Auto-generated v2 enterprise lead. Category: dentist. Rev Tier: $400k - $1.2M
LEAD-0840,Johnson's Lawyer,David Johnson,None,IE,Dublin,None (Missing),hello@johnsonslawyerdublin.ie,+353 1 958 1387,VALID_MX,95,EMAIL_1_SENT,Campaign 1,1,0,YES,⏳ OUTREACH SENT / WAITING,NO,,NONE,500.0,15%,75.0,DELIVERED,CLEAN,2026-08-27 16:23:09 UTC,Auto-generated v2 enterprise lead. Category: lawyer. Rev Tier: $600k - $2.5M
LEAD-0838,Luxe Salon & Spa,Jack O'Neill,https://instagram.com/luxesalonspa,CA,Vancouver,None (Missing),enquiries@luxesalonspavancouver.ca,+1 604 320 9466,VALID_MX,95,EMAIL_1_SENT,Campaign 1,1,0,YES,⏳ OUTREACH SENT / WAITING,NO,,NONE,430.0,15%,64.5,DELIVERED,CLEAN,2026-08-27 16:23:09 UTC,Auto-generated v2 enterprise lead. Category: salon. Rev Tier: $200k - $500k
LEAD-0826,Lynch's Car Repair,Ella Lynch,https://instagram.com/lynchscarrepair,GB,London,None (Missing),info@lynchscarrepairlondon.co.uk,+44 20 919 8859,VALID_MX,95,EMAIL_1_SENT,Campaign 1,1,0,YES,⏳ OUTREACH SENT / WAITING,NO,,NONE,500.0,15%,75.0,DELIVERED,CLEAN,2026-08-27 16:23:09 UTC,Auto-generated v2 enterprise lead. Category: car_repair. Rev Tier: $350k - $850k
LEAD-0691,Current Electricians & Automation,Oliver Lee,https://instagram.com/currentelectrici,US,Austin,None (Missing),hello@currentelectriciaustin.com,+1 512 901 7131,VALID_MX,95,EMAIL_1_SENT,Campaign 1,1,0,YES,⏳ OUTREACH SENT / WAITING,NO,,NONE,500.0,15%,75.0,DELIVERED,CLEAN,2026-08-27 16:23:09 UTC,Auto-generated v2 enterprise lead. Category: electrician. Rev Tier: $300k - $800k
LEAD-0671,Paws & Claws Pet Care Center,David Lee,https://instagram.com/pawsclawspetcare,US,Austin,None (Missing),enquiries@pawsclawspetcareaustin.com,+1 512 530 7088,VALID_MX,95,EMAIL_1_SENT,Campaign 1,1,0,YES,⏳ OUTREACH SENT / WAITING,NO,,NONE,500.0,15%,75.0,DELIVERED,CLEAN,2026-08-27 16:23:09 UTC,Auto-generated v2 enterprise lead. Category: veterinary. Rev Tier: $450k - $1.3M
LEAD-0494,BuildCraft General Contracting,Alexander Dunne,https://instagram.com/buildcraftgenera,US,Seattle,None (Missing),hello@buildcraftgeneraseattle.com,+1 206 583 9171,VALID_MX,95,EMAIL_1_SENT,Campaign 1,1,0,YES,⏳ OUTREACH SENT / WAITING,NO,,NONE,500.0,15%,75.0,DELIVERED,CLEAN,2026-08-27 16:23:09 UTC,Auto-generated v2 enterprise lead. Category: contractor. Rev Tier: $600k - $2.5M
LEAD-0322,Thompson's Roofing,Samuel Thompson,None,IE,Galway,None (Missing),contact@thompsonsroofinggalway.ie,+353 91 352 3580,VALID_MX,95,EMAIL_1_SENT,Campaign 1,1,0,YES,⏳ OUTREACH SENT / WAITING,NO,,NONE,500.0,15%,75.0,DELIVERED,CLEAN,2026-08-27 16:23:09 UTC,Auto-generated v2 enterprise lead. Category: roofing. Rev Tier: $500k - $1.5M
LEAD-0308,Brown's Restaurant,Samuel Brown,None,GB,Edinburgh,None (Missing),contact@brownsrestaurantedinburgh.co.uk,+44 131 661 1408,VALID_MX,95,EMAIL_1_SENT,Campaign 1,1,0,YES,⏳ OUTREACH SENT / WAITING,NO,,NONE,500.0,15%,75.0,DELIVERED,CLEAN,2026-08-27 16:23:09 UTC,Auto-generated v2 enterprise lead. Category: restaurant. Rev Tier: $400k - $1.5M
LEAD-0113,Reliable Plumbing Services,Aoife Gallagher,None,US,Miami,None (Missing),info@reliableplumbingmiami.com,+1 305 302 7771,VALID_MX,95,MEETING_REQUEST,Campaign 1,1,0,NO,🔥 HOT / APPROACHING,YES,2026-08-27 15:21 UTC,POSITIVE,2500.0,60%,1500.0,DELIVERED,CLEAN,2026-08-27 16:23:09 UTC,Auto-generated v2 enterprise lead. Category: plumber. Rev Tier: $250k - $750k
LEAD-0052,The Artisan Dining Room,Marcus O'Sullivan,https://instagram.com/theartisandining,US,Chicago,None (Missing),hello@theartisandiningchicago.com,+1 312 707 1606,VALID_MX,95,FOLLOWUP_1_SENT,Campaign 1,2,1,YES,⏳ OUTREACH SENT / WAITING,NO,,NONE,500.0,20%,100.0,DELIVERED,CLEAN,2026-08-27 16:23:09 UTC,Auto-generated v2 enterprise lead. Category: restaurant. Rev Tier: $400k - $1.5M
LEAD-0044,Highland Banqueting Hall,Olivia Hall,None,IE,Waterford,None (Missing),contact@highlandbanquetiwaterford.ie,+353 51 840 4241,VALID_MX,95,FOLLOWUP_1_SENT,Campaign 1,2,1,YES,⏳ OUTREACH SENT / WAITING,NO,,NONE,500.0,20%,100.0,DELIVERED,CLEAN,2026-08-27 16:23:09 UTC,Auto-generated v2 enterprise lead. Category: event_venue. Rev Tier: $500k - $2.0M
LEAD-0961,Rapid Plumbing Services,Sean Clark,https://instagram.com/rapidplumbingser,IE,Cork,None (Missing),info@rapidplumbingsercork.ie,+353 21 874 3800,VALID_MX,95,EMAIL_1_SENT,Campaign 1,1,0,YES,⏳ OUTREACH SENT / WAITING,NO,,NONE,500.0,15%,75.0,DELIVERED,CLEAN,2026-08-27 16:23:09 UTC,Auto-generated v2 enterprise lead. Category: plumber. Rev Tier: $250k - $750k
LEAD-0952,Smith's Lawyer,Lucas Smith,None,US,Chicago,None (Missing),contact@smithslawyerchicago.com,+1 312 255 8424,VALID_MX,95,EMAIL_1_SENT,Campaign 1,1,0,YES,⏳ OUTREACH SENT / WAITING,NO,,NONE,500.0,15%,75.0,DELIVERED,CLEAN,2026-08-27 16:23:09 UTC,Auto-generated v2 enterprise lead. Category: lawyer. Rev Tier: $600k - $2.5M
LEAD-0920,Harrington Solicitors & Advocates,Patrick Jackson,None,IE,Dublin,None (Missing),enquiries@harringtonsolicidublin.ie,+353 1 339 3921,VALID_MX,95,EMAIL_1_SENT,Campaign 1,1,0,YES,⏳ OUTREACH SENT / WAITING,NO,,NONE,500.0,15%,75.0,DELIVERED,CLEAN,2026-08-27 16:23:09 UTC,Auto-generated v2 enterprise lead. Category: lawyer. Rev Tier: $600k - $2.5M
LEAD-0784,Thompson's Dentist,Lily Thompson,https://instagram.com/thompsonsdentist,IE,Waterford,None (Missing),info@thompsonsdentistwaterford.ie,+353 51 619 9487,VALID_MX,95,EMAIL_1_SENT,Campaign 1,1,0,YES,⏳ OUTREACH SENT / WAITING,NO,,NONE,500.0,15%,75.0,DELIVERED,CLEAN,2026-08-27 16:23:09 UTC,Auto-generated v2 enterprise lead. Category: dentist. Rev Tier: $400k - $1.2M
LEAD-0706,Crown Roofing Specialists,Fiona Rodriguez,None,GB,London,None (Missing),info@crownroofingspeclondon.co.uk,+44 20 784 5740,VALID_MX,95,EMAIL_1_SENT,Campaign 1,1,0,YES,⏳ OUTREACH SENT / WAITING,NO,,NONE,500.0,15%,75.0,DELIVERED,CLEAN,2026-08-27 16:23:09 UTC,Auto-generated v2 enterprise lead. Category: roofing. Rev Tier: $500k - $1.5M
LEAD-0678,Glow & Co Hair Designers,Ruby Lynch,https://instagram.com/glowcohairdesign,CA,Vancouver,None (Missing),contact@glowcohairdesignvancouver.ca,+1 604 383 1174,VALID_MX,95,EMAIL_1_SENT,Campaign 1,1,0,YES,⏳ OUTREACH SENT / WAITING,NO,,NONE,430.0,15%,64.5,DELIVERED,CLEAN,2026-08-27 16:23:09 UTC,Auto-generated v2 enterprise lead. Category: salon. Rev Tier: $200k - $500k
LEAD-0648,Mercer & Co Law Chambers,Samuel Thomas,https://instagram.com/mercercolawchamb,GB,Edinburgh,None (Missing),enquiries@mercercolawchambedinburgh.co.uk,+44 131 466 5700,VALID_MX,95,EMAIL_1_SENT,Campaign 1,1,0,YES,⏳ OUTREACH SENT / WAITING,NO,,NONE,500.0,15%,75.0,DELIVERED,CLEAN,2026-08-27 16:23:09 UTC,Auto-generated v2 enterprise lead. Category: lawyer. Rev Tier: $600k - $2.5M
LEAD-0626,IronClad Roofing Specialists,Zoe Walker,None,GB,London,None (Missing),hello@ironcladroofingslondon.co.uk,+44 20 959 3655,VALID_MX,95,EMAIL_1_SENT,Campaign 1,1,0,YES,⏳ OUTREACH SENT / WAITING,NO,,NONE,500.0,15%,75.0,DELIVERED,CLEAN,2026-08-27 16:23:09 UTC,Auto-generated v2 enterprise lead. Category: roofing. Rev Tier: $500k - $1.5M
LEAD-0615,Titan Health & Performance,Marcus McCarthy,https://instagram.com/titanhealthperfo,AU,Sydney,None (Missing),contact@titanhealthperfosydney.com.au,+61 2 637 8643,VALID_MX,95,EMAIL_1_SENT,Campaign 1,1,0,YES,⏳ OUTREACH SENT / WAITING,NO,,NONE,500.0,15%,75.0,DELIVERED,CLEAN,2026-08-27 16:23:09 UTC,Auto-generated v2 enterprise lead. Category: gym. Rev Tier: $350k - $900k
LEAD-0589,Golden Crust Bakehouse,Liam O'Neill,https://instagram.com/goldencrustbakeh,GB,Birmingham,http://www.goldencrustbakehbirmingham.co.uk,hello@goldencrustbakehbirmingham.co.uk,+44 121 573 2880,VALID_MX,95,EMAIL_1_SENT,Campaign 1,1,0,YES,⏳ OUTREACH SENT / WAITING,NO,,NONE,500.0,15%,75.0,DELIVERED,CLEAN,2026-08-27 16:23:09 UTC,Auto-generated v2 enterprise lead. Category: bakery. Rev Tier: $200k - $550k
LEAD-0491,Lumina Photography,Marcus Davis,None,US,Austin,None (Missing),contact@luminaphotographaustin.com,+1 512 212 7376,VALID_MX,95,EMAIL_1_SENT,Campaign 1,1,0,YES,⏳ OUTREACH SENT / WAITING,NO,,NONE,500.0,15%,75.0,DELIVERED,CLEAN,2026-08-27 16:23:09 UTC,Auto-generated v2 enterprise lead. Category: photographer. Rev Tier: $150k - $400k
LEAD-0472,Beacon Law Chambers,Alexander Kelly,None,US,Chicago,None (Missing),enquiries@beaconlawchamberchicago.com,+1 312 501 3434,VALID_MX,95,EMAIL_1_SENT,Campaign 1,1,0,YES,⏳ OUTREACH SENT / WAITING,NO,,NONE,500.0,15%,75.0,DELIVERED,CLEAN,2026-08-27 16:23:09 UTC,Auto-generated v2 enterprise lead. Category: lawyer. Rev Tier: $600k - $2.5M
LEAD-0439,Prime CrossFit & Athletics,Emma Gallagher,None,NZ,Auckland,None (Missing),hello@primecrossfitathauckland.co.nz,+64 9 295 9383,VALID_MX,95,EMAIL_1_SENT,Campaign 1,1,0,YES,⏳ OUTREACH SENT / WAITING,NO,,NONE,500.0,15%,75.0,DELIVERED,CLEAN,2026-08-27 16:23:09 UTC,Auto-generated v2 enterprise lead. Category: gym. Rev Tier: $350k - $900k
LEAD-0319,Paws & Claws Veterinary Services,Marcus Kelly,https://instagram.com/pawsclawsveterin,NZ,Auckland,None (Missing),info@pawsclawsveterinauckland.co.nz,+64 9 708 4893,VALID_MX,95,EMAIL_1_SENT,Campaign 1,1,0,YES,⏳ OUTREACH SENT / WAITING,NO,,NONE,500.0,15%,75.0,DELIVERED,CLEAN,2026-08-27 16:23:09 UTC,Auto-generated v2 enterprise lead. Category: veterinary. Rev Tier: $450k - $1.3M
LEAD-0225,Titan Plumbing Services,Sarah Quinn,None,GB,Belfast,None (Missing),info@titanplumbingserbelfast.co.uk,+44 28 596 6273,VALID_MX,95,EMAIL_1_SENT,Campaign 1,1,0,YES,⏳ OUTREACH SENT / WAITING,NO,,NONE,500.0,15%,75.0,DELIVERED,CLEAN,2026-08-27 16:23:09 UTC,Auto-generated v2 enterprise lead. Category: plumber. Rev Tier: $250k - $750k
LEAD-0088,Blackwood Solicitors & Advocates,Olivia Lee,https://instagram.com/blackwoodsolicit,GB,Edinburgh,None (Missing),hello@blackwoodsolicitedinburgh.co.uk,+44 131 784 7825,VALID_MX,95,EMAIL_1_SENT,Campaign 1,1,0,YES,⏳ OUTREACH SENT / WAITING,NO,,NONE,500.0,15%,75.0,DELIVERED,CLEAN,2026-08-27 16:23:09 UTC,Auto-generated v2 enterprise lead. Category: lawyer. Rev Tier: $600k - $2.5M
LEAD-0032,SmileCraft Dental Studio,Joseph Murphy,https://instagram.com/smilecraftdental,US,Chicago,None (Missing),hello@smilecraftdentalchicago.com,+1 312 672 3977,VALID_MX,95,PRICING_REQUEST,Campaign 1,1,0,NO,🔥 HOT / APPROACHING,YES,2026-08-27 15:21 UTC,QUESTION,500.0,40%,200.0,DELIVERED,CLEAN,2026-08-27 16:23:09 UTC,Auto-generated v2 enterprise lead. Category: dentist. Rev Tier: $400k - $1.2M
LEAD-0017,QuickFlow Plumbing Solutions,Marcus Walsh,https://instagram.com/quickflowplumbin,CA,Toronto,None (Missing),enquiries@quickflowplumbintoronto.ca,+1 416 776 2638,VALID_MX,95,PRICING_REQUEST,Campaign 1,1,0,NO,🔥 HOT / APPROACHING,YES,2026-08-27 15:19 UTC,QUESTION,500.0,40%,200.0,DELIVERED,CLEAN,2026-08-27 16:23:09 UTC,Auto-generated v2 enterprise lead. Category: plumber. Rev Tier: $250k - $750k
LEAD-1000,Pinnacle Attorneys at Law,Marcus O'Neill,None,IE,Dublin,None (Missing),contact@pinnacleattorneydublin.ie,+353 1 980 3135,VALID_MX,95,EMAIL_1_SENT,Campaign 1,1,0,YES,⏳ OUTREACH SENT / WAITING,NO,,NONE,500.0,15%,75.0,DELIVERED,CLEAN,2026-08-27 16:23:09 UTC,Auto-generated v2 enterprise lead. Category: lawyer. Rev Tier: $600k - $2.5M
LEAD-0815,Apex Animal Clinic,Emily Harris,https://instagram.com/apexanimalclinic,AU,Sydney,None (Missing),contact@apexanimalclinicsydney.com.au,+61 2 217 3030,VALID_MX,95,EMAIL_1_SENT,Campaign 1,1,0,YES,⏳ OUTREACH SENT / WAITING,NO,,NONE,500.0,15%,75.0,DELIVERED,CLEAN,2026-08-27 16:23:09 UTC,Auto-generated v2 enterprise lead. Category: veterinary. Rev Tier: $450k - $1.3M
LEAD-0627,ProPower Electrical Services,Benjamin Kennedy,https://instagram.com/propowerelectric,GB,Manchester,None (Missing),contact@propowerelectricmanchester.co.uk,+44 161 389 9653,VALID_MX,95,EMAIL_1_SENT,Campaign 1,1,0,YES,⏳ OUTREACH SENT / WAITING,NO,,NONE,500.0,15%,75.0,DELIVERED,CLEAN,2026-08-27 16:23:09 UTC,Auto-generated v2 enterprise lead. Category: electrician. Rev Tier: $300k - $800k
LEAD-0598,Chic Studio Hair Studio,David Byrne,https://instagram.com/chicstudiohairst,CA,Vancouver,None (Missing),contact@chicstudiohairstvancouver.ca,+1 604 537 7218,VALID_MX,95,EMAIL_1_SENT,Campaign 1,1,0,YES,⏳ OUTREACH SENT / WAITING,NO,,NONE,430.0,15%,64.5,DELIVERED,CLEAN,2026-08-27 16:23:09 UTC,Auto-generated v2 enterprise lead. Category: salon. Rev Tier: $200k - $500k
LEAD-0519,Apex Fitness Club,James Rodriguez,None,NZ,Auckland,None (Missing),info@apexfitnessclubauckland.co.nz,+64 9 446 7498,VALID_MX,95,EMAIL_1_SENT,Campaign 1,1,0,YES,⏳ OUTREACH SENT / WAITING,NO,,NONE,500.0,15%,75.0,DELIVERED,CLEAN,2026-08-27 16:23:09 UTC,Auto-generated v2 enterprise lead. Category: gym. Rev Tier: $350k - $900k
LEAD-0291,ZapPro Power Solutions,Oliver Walsh,None,US,Austin,None (Missing),hello@zappropowersolutaustin.com,+1 512 699 2562,VALID_MX,95,EMAIL_1_SENT,Campaign 1,1,0,YES,⏳ OUTREACH SENT / WAITING,NO,,NONE,500.0,15%,75.0,DELIVERED,CLEAN,2026-08-27 16:23:09 UTC,Auto-generated v2 enterprise lead. Category: electrician. Rev Tier: $300k - $800k
LEAD-0153,Summit Accounting & Advisory,Liam Anderson,https://instagram.com/summitaccounting,US,Miami,None (Missing),contact@summitaccountingmiami.com,+1 305 430 9808,VALID_MX,95,EMAIL_1_SENT,Campaign 1,1,0,YES,⏳ OUTREACH SENT / WAITING,NO,,NONE,500.0,15%,75.0,DELIVERED,CLEAN,2026-08-27 16:23:09 UTC,Auto-generated v2 enterprise lead. Category: accountant. Rev Tier: $400k - $1.2M
LEAD-0142,Vanguard Construction & Design,William Brown,https://instagram.com/vanguardconstruc,IE,Galway,None (Missing),enquiries@vanguardconstrucgalway.ie,+353 91 911 4290,VALID_MX,95,EMAIL_1_SENT,Campaign 1,1,0,YES,⏳ OUTREACH SENT / WAITING,NO,,NONE,500.0,15%,75.0,DELIVERED,CLEAN,2026-08-27 16:23:09 UTC,Auto-generated v2 enterprise lead. Category: contractor. Rev Tier: $600k - $2.5M
LEAD-0127,Happy Tails Veterinary Services,James Hall,https://instagram.com/happytailsveteri,GB,Manchester,None (Missing),james@happytailsveterimanchester.co.uk,+44 161 770 9683,VALID_MX,95,EMAIL_1_SENT,Campaign 1,1,0,YES,⏳ OUTREACH SENT / WAITING,NO,,NONE,500.0,15%,75.0,DELIVERED,CLEAN,2026-08-27 16:23:09 UTC,Auto-generated v2 enterprise lead. Category: veterinary. Rev Tier: $450k - $1.3M
LEAD-0938,Brennan's Car Repair,Oliver Brennan,https://instagram.com/brennanscarrepai,CA,Vancouver,None (Missing),info@brennanscarrepaivancouver.ca,+1 604 445 8393,VALID_MX,95,EMAIL_1_SENT,Campaign 1,1,0,YES,⏳ OUTREACH SENT / WAITING,NO,,NONE,500.0,15%,75.0,DELIVERED,CLEAN,2026-08-27 16:23:09 UTC,Auto-generated v2 enterprise lead. Category: car_repair. Rev Tier: $350k - $850k
LEAD-0886,Pure Bliss Salon & Spa,Ava Kelly,https://instagram.com/pureblisssalonsp,GB,London,None (Missing),enquiries@pureblisssalonsplondon.co.uk,+44 20 973 8478,VALID_MX,95,EMAIL_1_SENT,Campaign 1,1,0,YES,⏳ OUTREACH SENT / WAITING,NO,,NONE,430.0,15%,64.5,DELIVERED,CLEAN,2026-08-27 16:23:09 UTC,Auto-generated v2 enterprise lead. Category: salon. Rev Tier: $200k - $500k
LEAD-0865,Apex Emergency Plumbing,William Kennedy,None,GB,Belfast,None (Missing),enquiries@apexemergencyplubelfast.co.uk,+44 28 617 3734,VALID_MX,95,EMAIL_1_SENT,Campaign 1,1,0,YES,⏳ OUTREACH SENT / WAITING,NO,,NONE,500.0,15%,75.0,DELIVERED,CLEAN,2026-08-27 16:23:09 UTC,Auto-generated v2 enterprise lead. Category: plumber. Rev Tier: $250k - $750k
LEAD-0844,Manor & Gardens Banqueting Hall,Samuel Walsh,https://instagram.com/manorgardensbanq,IE,Waterford,None (Missing),enquiries@manorgardensbanqwaterford.ie,+353 51 348 2114,VALID_MX,95,EMAIL_1_SENT,Campaign 1,1,0,YES,⏳ OUTREACH SENT / WAITING,NO,,NONE,500.0,15%,75.0,DELIVERED,CLEAN,2026-08-27 16:23:09 UTC,Auto-generated v2 enterprise lead. Category: event_venue. Rev Tier: $500k - $2.0M
LEAD-0745,Atlas Tax & Wealth Advisors,Alexander Miller,None,GB,Belfast,None (Missing),info@atlastaxwealthadbelfast.co.uk,+44 28 785 8877,VALID_MX,95,EMAIL_1_SENT,Campaign 1,1,0,YES,⏳ OUTREACH SENT / WAITING,NO,,NONE,500.0,15%,75.0,DELIVERED,CLEAN,2026-08-27 16:23:09 UTC,Auto-generated v2 enterprise lead. Category: accountant. Rev Tier: $400k - $1.2M
LEAD-0646,Luxe Hair Designers,David Gallagher,https://instagram.com/luxehairdesigner,GB,London,None (Missing),enquiries@luxehairdesignerlondon.co.uk,+44 20 732 8225,VALID_MX,95,EMAIL_1_SENT,Campaign 1,1,0,YES,⏳ OUTREACH SENT / WAITING,NO,,NONE,430.0,15%,64.5,DELIVERED,CLEAN,2026-08-27 16:23:09 UTC,Auto-generated v2 enterprise lead. Category: salon. Rev Tier: $200k - $500k
LEAD-0588,Miller's Event Venue,Noah Miller,https://instagram.com/millerseventvenu,GB,Edinburgh,None (Missing),info@millerseventvenuedinburgh.co.uk,+44 131 382 1515,VALID_MX,95,EMAIL_1_SENT,Campaign 1,1,0,YES,⏳ OUTREACH SENT / WAITING,NO,,NONE,500.0,15%,75.0,DELIVERED,CLEAN,2026-08-27 16:23:09 UTC,Auto-generated v2 enterprise lead. Category: event_venue. Rev Tier: $500k - $2.0M
LEAD-0449,Apex Plumbing & Heating,Ava Davis,https://instagram.com/apexplumbingheat,GB,Birmingham,None (Missing),enquiries@apexplumbingheatbirmingham.co.uk,+44 121 524 7258,VALID_MX,95,EMAIL_1_SENT,Campaign 1,1,0,YES,⏳ OUTREACH SENT / WAITING,NO,,NONE,500.0,15%,75.0,DELIVERED,CLEAN,2026-08-27 16:23:09 UTC,Auto-generated v2 enterprise lead. Category: plumber. Rev Tier: $250k - $750k
LEAD-0414,Titan General Contracting,Chloe Hall,https://instagram.com/titangeneralcont,US,Seattle,None (Missing),contact@titangeneralcontseattle.com,+1 206 927 9690,VALID_MX,95,EMAIL_1_SENT,Campaign 1,1,0,YES,⏳ OUTREACH SENT / WAITING,NO,,NONE,500.0,15%,75.0,DELIVERED,CLEAN,2026-08-27 16:23:09 UTC,Auto-generated v2 enterprise lead. Category: contractor. Rev Tier: $600k - $2.5M
LEAD-0367,Paws & Claws Veterinary Services,Mia Murphy,None,GB,Manchester,None (Missing),enquiries@pawsclawsveterinmanchester.co.uk,+44 161 335 8764,VALID_MX,95,EMAIL_1_SENT,Campaign 1,1,0,YES,⏳ OUTREACH SENT / WAITING,NO,,NONE,500.0,15%,75.0,DELIVERED,CLEAN,2026-08-27 16:23:09 UTC,Auto-generated v2 enterprise lead. Category: veterinary. Rev Tier: $450k - $1.3M
LEAD-0345,ClearView Accounting & Advisory,Grace Davis,None,GB,Belfast,None (Missing),hello@clearviewaccountbelfast.co.uk,+44 28 753 8065,VALID_MX,95,EMAIL_1_SENT,Campaign 1,1,0,YES,⏳ OUTREACH SENT / WAITING,NO,,NONE,500.0,15%,75.0,DELIVERED,CLEAN,2026-08-27 16:23:09 UTC,Auto-generated v2 enterprise lead. Category: accountant. Rev Tier: $400k - $1.2M
LEAD-0170,AutoCraft Auto Care Center,Sean Thomas,https://instagram.com/autocraftautocar,US,New York,None (Missing),contact@autocraftautocarnewyork.com,+1 212 592 3458,VALID_MX,95,EMAIL_1_SENT,Campaign 1,1,0,YES,⏳ OUTREACH SENT / WAITING,NO,,NONE,714.0,15%,107.1,DELIVERED,CLEAN,2026-08-27 16:23:09 UTC,Auto-generated v2 enterprise lead. Category: car_repair. Rev Tier: $350k - $850k
LEAD-0097,QuickFlow Emergency Plumbing,Alexander Doyle,https://instagram.com/quickflowemergen,CA,Toronto,None (Missing),enquiries@quickflowemergentoronto.ca,+1 416 786 7044,VALID_MX,95,EMAIL_1_SENT,Campaign 1,1,0,YES,⏳ OUTREACH SENT / WAITING,NO,,NONE,500.0,15%,75.0,DELIVERED,CLEAN,2026-08-27 16:23:09 UTC,Auto-generated v2 enterprise lead. Category: plumber. Rev Tier: $250k - $750k
LEAD-0024,Mercer & Co Legal Associates,Hannah Kelly,None,IE,Waterford,None (Missing),enquiries@mercercolegalasswaterford.ie,+353 51 751 4228,VALID_MX,95,HOT_REPLY,Campaign 1,1,0,NO,🔥 HOT / APPROACHING,YES,2026-08-27 15:20 UTC,NEUTRAL,500.0,50%,250.0,DELIVERED,CLEAN,2026-08-27 16:23:09 UTC,Auto-generated v2 enterprise lead. Category: lawyer. Rev Tier: $600k - $2.5M
LEAD-0551,Elevation Health & Performance,Sarah Wilson,https://instagram.com/elevationhealthp,US,Austin,None (Missing),hello@elevationhealthpaustin.com,+1 512 863 5621,VALID_MX,95,EMAIL_1_SENT,Campaign 1,1,0,YES,⏳ OUTREACH SENT / WAITING,NO,,NONE,500.0,15%,75.0,DELIVERED,CLEAN,2026-08-27 16:23:09 UTC,Auto-generated v2 enterprise lead. Category: gym. Rev Tier: $350k - $900k
LEAD-0507,Wildflower Wedding & Portrait Studio,Elena Rodriguez,https://instagram.com/wildflowerweddin,GB,Manchester,None (Missing),contact@wildflowerweddinmanchester.co.uk,+44 161 538 2641,VALID_MX,95,EMAIL_1_SENT,Campaign 1,1,0,YES,⏳ OUTREACH SENT / WAITING,NO,,NONE,500.0,15%,75.0,DELIVERED,CLEAN,2026-08-27 16:23:09 UTC,Auto-generated v2 enterprise lead. Category: photographer. Rev Tier: $150k - $400k
LEAD-0461,Golden Crust Bakehouse,Patrick Kennedy,https://instagram.com/goldencrustbakeh,IE,Cork,None (Missing),patrick@goldencrustbakehcork.ie,+353 21 276 5095,VALID_MX,95,EMAIL_1_SENT,Campaign 1,1,0,YES,⏳ OUTREACH SENT / WAITING,NO,,NONE,500.0,15%,75.0,DELIVERED,CLEAN,2026-08-27 16:23:09 UTC,Auto-generated v2 enterprise lead. Category: bakery. Rev Tier: $200k - $550k
LEAD-0295,Velocity CrossFit & Athletics,Liam Martin,https://instagram.com/velocitycrossfit,AU,Sydney,None (Missing),enquiries@velocitycrossfitsydney.com.au,+61 2 652 3389,VALID_MX,95,EMAIL_1_SENT,Campaign 1,1,0,YES,⏳ OUTREACH SENT / WAITING,NO,,NONE,425.0,15%,63.75,DELIVERED,CLEAN,2026-08-27 16:23:09 UTC,Auto-generated v2 enterprise lead. Category: gym. Rev Tier: $350k - $900k
LEAD-0257,BlueLine Plumbing Services,Daniel Kelly,None,CA,Toronto,None (Missing),enquiries@bluelineplumbingtoronto.ca,+1 416 373 1590,VALID_MX,95,EMAIL_1_SENT,Campaign 1,1,0,YES,⏳ OUTREACH SENT / WAITING,NO,,NONE,500.0,15%,75.0,DELIVERED,CLEAN,2026-08-27 16:23:09 UTC,Auto-generated v2 enterprise lead. Category: plumber. Rev Tier: $250k - $750k
LEAD-0230,The Cut Beauty & Hair Lounge,Ella O'Neill,https://instagram.com/thecutbeautyhair,US,New York,None (Missing),hello@thecutbeautyhairnewyork.com,+1 212 501 8353,VALID_MX,95,EMAIL_1_SENT,Campaign 1,1,0,YES,⏳ OUTREACH SENT / WAITING,NO,,NONE,430.0,15%,64.5,DELIVERED,CLEAN,2026-08-27 16:23:09 UTC,Auto-generated v2 enterprise lead. Category: salon. Rev Tier: $200k - $500k
LEAD-0499,Spark Electrical Services,Lily Brennan,https://instagram.com/sparkelectricals,NZ,Auckland,None (Missing),contact@sparkelectricalsauckland.co.nz,+64 9 339 8688,VALID_MX,95,EMAIL_1_SENT,Campaign 1,1,0,YES,⏳ OUTREACH SENT / WAITING,NO,,NONE,430.0,15%,64.5,DELIVERED,CLEAN,2026-08-27 16:23:09 UTC,Auto-generated v2 enterprise lead. Category: electrician. Rev Tier: $300k - $800k
LEAD-0457,ClearView Tax & Wealth Advisors,Sean Williams,https://instagram.com/clearviewtaxweal,CA,Toronto,None (Missing),hello@clearviewtaxwealtoronto.ca,+1 416 655 1153,VALID_MX,95,EMAIL_1_SENT,Campaign 1,1,0,YES,⏳ OUTREACH SENT / WAITING,NO,,NONE,500.0,15%,75.0,DELIVERED,CLEAN,2026-08-27 16:23:09 UTC,Auto-generated v2 enterprise lead. Category: accountant. Rev Tier: $400k - $1.2M
LEAD-0336,O'Sullivan's Dentist,Sean O'Sullivan,None,AU,Melbourne,None (Missing),sean@osullivansdentismelbourne.com.au,+61 3 787 6431,VALID_MX,95,EMAIL_1_SENT,Campaign 1,1,0,YES,⏳ OUTREACH SENT / WAITING,NO,,NONE,500.0,15%,75.0,DELIVERED,CLEAN,2026-08-27 16:23:09 UTC,Auto-generated v2 enterprise lead. Category: dentist. Rev Tier: $400k - $1.2M
LEAD-0254,Apex Home Builders,Lucas Rodriguez,https://instagram.com/apexhomebuilders,US,Seattle,None (Missing),enquiries@apexhomebuildersseattle.com,+1 206 770 8904,VALID_MX,95,EMAIL_1_SENT,Campaign 1,1,0,YES,⏳ OUTREACH SENT / WAITING,NO,,NONE,500.0,15%,75.0,DELIVERED,CLEAN,2026-08-27 16:23:09 UTC,Auto-generated v2 enterprise lead. Category: contractor. Rev Tier: $600k - $2.5M
LEAD-0599,Forge CrossFit & Athletics,Matthew Doyle,https://instagram.com/forgecrossfitath,NZ,Auckland,None (Missing),matthew@forgecrossfitathauckland.co.nz,+64 9 431 2504,VALID_MX,95,EMAIL_1_SENT,Campaign 1,1,0,YES,⏳ OUTREACH SENT / WAITING,NO,,NONE,425.0,15%,63.75,DELIVERED,CLEAN,2026-08-27 16:23:09 UTC,Auto-generated v2 enterprise lead. Category: gym. Rev Tier: $350k - $900k
LEAD-0511,O'Sullivan's Veterinary,Hannah O'Sullivan,None,US,Austin,None (Missing),enquiries@osullivansveteriaustin.com,+1 512 848 9060,VALID_MX,95,EMAIL_1_SENT,Campaign 1,1,0,YES,⏳ OUTREACH SENT / WAITING,NO,,NONE,500.0,15%,75.0,DELIVERED,CLEAN,2026-08-27 16:23:09 UTC,Auto-generated v2 enterprise lead. Category: veterinary. Rev Tier: $450k - $1.3M
LEAD-0285,The Rolling Pin Bakery & Patisserie,Sarah Kelly,https://instagram.com/therollingpinbak,GB,Belfast,None (Missing),sarah@therollingpinbakbelfast.co.uk,+44 28 396 2617,VALID_MX,95,EMAIL_1_SENT,Campaign 1,1,0,YES,⏳ OUTREACH SENT / WAITING,NO,,NONE,500.0,15%,75.0,DELIVERED,CLEAN,2026-08-27 16:23:09 UTC,Auto-generated v2 enterprise lead. Category: bakery. Rev Tier: $200k - $550k
LEAD-0103,Elevation CrossFit & Athletics,Michael Thompson,https://instagram.com/elevationcrossfi,IE,Limerick,None (Missing),hello@elevationcrossfilimerick.ie,+353 61 981 3610,VALID_MX,95,EMAIL_1_SENT,Campaign 1,1,0,YES,⏳ OUTREACH SENT / WAITING,NO,,NONE,500.0,15%,75.0,DELIVERED,CLEAN,2026-08-27 16:23:09 UTC,Auto-generated v2 enterprise lead. Category: gym. Rev Tier: $350k - $900k
LEAD-0035,Johnson's Electrician,Alexander Johnson,https://instagram.com/johnsonselectric,AU,Sydney,None (Missing),enquiries@johnsonselectricsydney.com.au,+61 2 242 6688,VALID_MX,95,PRICING_REQUEST,Campaign 1,1,0,NO,🔥 HOT / APPROACHING,YES,2026-08-27 15:21 UTC,QUESTION,500.0,40%,200.0,DELIVERED,CLEAN,2026-08-27 16:23:09 UTC,Auto-generated v2 enterprise lead. Category: electrician. Rev Tier: $300k - $800k
LEAD-0999,Pulse Fitness Club,Ryan Clark,https://instagram.com/pulsefitnessclub,NZ,Auckland,None (Missing),hello@pulsefitnessclubauckland.co.nz,+64 9 932 6656,VALID_MX,95,EMAIL_1_SENT,Campaign 1,1,0,YES,⏳ OUTREACH SENT / WAITING,NO,,NONE,425.0,15%,63.75,DELIVERED,CLEAN,2026-08-27 16:23:09 UTC,Auto-generated v2 enterprise lead. Category: gym. Rev Tier: $350k - $900k
LEAD-0811,Silverline Wedding & Portrait Studio,Zoe Kennedy,https://instagram.com/silverlineweddin,US,Austin,None (Missing),contact@silverlineweddinaustin.com,+1 512 723 2566,VALID_MX,95,EMAIL_1_SENT,Campaign 1,1,0,YES,⏳ OUTREACH SENT / WAITING,NO,,NONE,500.0,15%,75.0,DELIVERED,CLEAN,2026-08-27 16:23:09 UTC,Auto-generated v2 enterprise lead. Category: photographer. Rev Tier: $150k - $400k
LEAD-0700,Clark's Event Venue,Fiona Clark,None,IE,Dublin,None (Missing),contact@clarkseventvenuedublin.ie,+353 1 852 5947,VALID_MX,95,EMAIL_1_SENT,Campaign 1,1,0,YES,⏳ OUTREACH SENT / WAITING,NO,,NONE,500.0,15%,75.0,DELIVERED,CLEAN,2026-08-27 16:23:09 UTC,Auto-generated v2 enterprise lead. Category: event_venue. Rev Tier: $500k - $2.0M
LEAD-0631,Velocity CrossFit & Athletics,Lily O'Sullivan,https://instagram.com/velocitycrossfit,US,Austin,None (Missing),info@velocitycrossfitaustin.com,+1 512 306 1583,VALID_MX,95,EMAIL_1_SENT,Campaign 1,1,0,YES,⏳ OUTREACH SENT / WAITING,NO,,NONE,425.0,15%,63.75,DELIVERED,CLEAN,2026-08-27 16:23:09 UTC,Auto-generated v2 enterprise lead. Category: gym. Rev Tier: $350k - $900k
LEAD-0841,Precision Accounting & Advisory,Ava Walsh,https://instagram.com/precisionaccount,IE,Cork,None (Missing),contact@precisionaccountcork.ie,+353 21 880 6859,VALID_MX,95,EMAIL_1_SENT,Campaign 1,1,0,YES,⏳ OUTREACH SENT / WAITING,NO,,NONE,500.0,15%,75.0,DELIVERED,CLEAN,2026-08-27 16:23:09 UTC,Auto-generated v2 enterprise lead. Category: accountant. Rev Tier: $400k - $1.2M
LEAD-0740,Golden Leaf Dining Room,Olivia Robinson,https://instagram.com/goldenleafdining,IE,Dublin,None (Missing),hello@goldenleafdiningdublin.ie,+353 1 629 3824,VALID_MX,95,EMAIL_1_SENT,Campaign 1,1,0,YES,⏳ OUTREACH SENT / WAITING,NO,,NONE,500.0,15%,75.0,DELIVERED,CLEAN,2026-08-27 16:23:09 UTC,Auto-generated v2 enterprise lead. Category: restaurant. Rev Tier: $400k - $1.5M
LEAD-0686,Harris's Contractor,Ryan Harris,https://instagram.com/harrisscontracto,GB,London,None (Missing),enquiries@harrisscontractolondon.co.uk,+44 20 764 5406,VALID_MX,95,EMAIL_1_SENT,Campaign 1,1,0,YES,⏳ OUTREACH SENT / WAITING,NO,,NONE,500.0,15%,75.0,DELIVERED,CLEAN,2026-08-27 16:23:09 UTC,Auto-generated v2 enterprise lead. Category: contractor. Rev Tier: $600k - $2.5M
LEAD-0506,AutoCraft Auto Service & Repair,Sean Quinn,None,GB,London,None (Missing),hello@autocraftautoserlondon.co.uk,+44 20 734 1118,VALID_MX,95,EMAIL_1_SENT,Campaign 1,1,0,YES,⏳ OUTREACH SENT / WAITING,NO,,NONE,500.0,15%,75.0,DELIVERED,CLEAN,2026-08-27 16:23:09 UTC,Auto-generated v2 enterprise lead. Category: car_repair. Rev Tier: $350k - $850k
LEAD-0214,Elysian Salon & Spa,Daniel Martinez,None,US,Seattle,None (Missing),hello@elysiansalonspaseattle.com,+1 206 240 9980,VALID_MX,95,EMAIL_1_SENT,Campaign 1,1,0,YES,⏳ OUTREACH SENT / WAITING,NO,,NONE,500.0,15%,75.0,DELIVERED,CLEAN,2026-08-27 16:23:09 UTC,Auto-generated v2 enterprise lead. Category: salon. Rev Tier: $200k - $500k
LEAD-0937,Summit Accounting & Advisory,Aoife Walsh,https://instagram.com/summitaccounting,CA,Toronto,None (Missing),info@summitaccountingtoronto.ca,+1 416 738 5699,VALID_MX,95,EMAIL_1_SENT,Campaign 1,1,0,YES,⏳ OUTREACH SENT / WAITING,NO,,NONE,500.0,15%,75.0,DELIVERED,CLEAN,2026-08-27 16:23:09 UTC,Auto-generated v2 enterprise lead. Category: accountant. Rev Tier: $400k - $1.2M
LEAD-0828,The Grand Estate Venue & Retreat,Zoe Anderson,https://instagram.com/thegrandestateve,GB,Edinburgh,None (Missing),contact@thegrandestateveedinburgh.co.uk,+44 131 290 7017,VALID_MX,95,EMAIL_1_SENT,Campaign 1,1,0,YES,⏳ OUTREACH SENT / WAITING,NO,,NONE,500.0,15%,75.0,DELIVERED,CLEAN,2026-08-27 16:23:09 UTC,Auto-generated v2 enterprise lead. Category: event_venue. Rev Tier: $500k - $2.0M
LEAD-0804,Golden Leaf Grill & Tavern,Patrick Thompson,https://instagram.com/goldenleafgrillt,IE,Waterford,None (Missing),enquiries@goldenleafgrilltwaterford.ie,+353 51 894 2079,VALID_MX,95,EMAIL_1_SENT,Campaign 1,1,0,YES,⏳ OUTREACH SENT / WAITING,NO,,NONE,500.0,15%,75.0,DELIVERED,CLEAN,2026-08-27 16:23:09 UTC,Auto-generated v2 enterprise lead. Category: restaurant. Rev Tier: $400k - $1.5M
LEAD-0672,Miller's Dentist,Emma Miller,None,US,Chicago,None (Missing),info@millersdentistchicago.com,+1 312 525 7820,VALID_MX,95,EMAIL_1_SENT,Campaign 1,1,0,YES,⏳ OUTREACH SENT / WAITING,NO,,NONE,500.0,15%,75.0,DELIVERED,CLEAN,2026-08-27 16:23:09 UTC,Auto-generated v2 enterprise lead. Category: dentist. Rev Tier: $400k - $1.2M
LEAD-0555,Iris & Co Photography,Sophie Clark,https://instagram.com/iriscophotograph,AU,Sydney,None (Missing),hello@iriscophotographsydney.com.au,+61 2 312 4678,VALID_MX,95,EMAIL_1_SENT,Campaign 1,1,0,YES,⏳ OUTREACH SENT / WAITING,NO,,NONE,500.0,15%,75.0,DELIVERED,CLEAN,2026-08-27 16:23:09 UTC,Auto-generated v2 enterprise lead. Category: photographer. Rev Tier: $150k - $400k
LEAD-0241,BlueLine Emergency Plumbing,Ella Jones,https://instagram.com/bluelineemergenc,IE,Cork,None (Missing),contact@bluelineemergenccork.ie,+353 21 638 3762,VALID_MX,95,EMAIL_1_SENT,Campaign 1,1,0,YES,⏳ OUTREACH SENT / WAITING,NO,,NONE,500.0,15%,75.0,DELIVERED,CLEAN,2026-08-27 16:23:09 UTC,Auto-generated v2 enterprise lead. Category: plumber. Rev Tier: $250k - $750k
LEAD-0072,Beacon Attorneys at Law,David Harris,https://instagram.com/beaconattorneysa,US,Chicago,None (Missing),enquiries@beaconattorneysachicago.com,+1 312 883 6053,VALID_MX,95,EMAIL_1_SENT,Campaign 1,1,0,YES,⏳ OUTREACH SENT / WAITING,NO,,NONE,500.0,15%,75.0,DELIVERED,CLEAN,2026-08-27 16:23:09 UTC,Auto-generated v2 enterprise lead. Category: lawyer. Rev Tier: $600k - $2.5M
LEAD-0055,Prime Health & Performance,James Thomas,None,AU,Sydney,None (Missing),enquiries@primehealthperfosydney.com.au,+61 2 898 3950,VALID_MX,95,FOLLOWUP_1_SENT,Campaign 1,2,1,YES,⏳ OUTREACH SENT / WAITING,NO,,NONE,500.0,20%,100.0,DELIVERED,CLEAN,2026-08-27 16:23:09 UTC,Auto-generated v2 enterprise lead. Category: gym. Rev Tier: $350k - $900k
LEAD-0496,Gentle Dental Care,Zoe Walsh,None,AU,Melbourne,None (Missing),hello@gentledentalcaremelbourne.com.au,+61 3 409 3057,VALID_MX,95,EMAIL_1_SENT,Campaign 1,1,0,YES,⏳ OUTREACH SENT / WAITING,NO,,NONE,500.0,15%,75.0,DELIVERED,CLEAN,2026-08-27 16:23:09 UTC,Auto-generated v2 enterprise lead. Category: dentist. Rev Tier: $400k - $1.2M
LEAD-0366,Integrity Construction & Design,Samuel Harris,https://instagram.com/integrityconstru,GB,London,None (Missing),info@integrityconstrulondon.co.uk,+44 20 392 8501,VALID_MX,95,EMAIL_1_SENT,Campaign 1,1,0,YES,⏳ OUTREACH SENT / WAITING,NO,,NONE,500.0,15%,75.0,DELIVERED,CLEAN,2026-08-27 16:23:09 UTC,Auto-generated v2 enterprise lead. Category: contractor. Rev Tier: $600k - $2.5M
LEAD-0076,Crystal Hall Banqueting Hall,James Jackson,https://instagram.com/crystalhallbanqu,AU,Melbourne,None (Missing),enquiries@crystalhallbanqumelbourne.com.au,+61 3 356 2234,VALID_MX,95,EMAIL_1_SENT,Campaign 1,1,0,YES,⏳ OUTREACH SENT / WAITING,NO,,NONE,500.0,15%,75.0,DELIVERED,CLEAN,2026-08-27 16:23:09 UTC,Auto-generated v2 enterprise lead. Category: event_venue. Rev Tier: $500k - $2.0M
LEAD-0982,Velvet Hair Beauty & Hair Lounge,Sarah O'Neill,None,IE,Galway,None (Missing),hello@velvethairbeautygalway.ie,+353 91 264 3069,VALID_MX,95,EMAIL_1_SENT,Campaign 1,1,0,YES,⏳ OUTREACH SENT / WAITING,NO,,NONE,500.0,15%,75.0,DELIVERED,CLEAN,2026-08-27 16:23:09 UTC,Auto-generated v2 enterprise lead. Category: salon. Rev Tier: $200k - $500k
LEAD-0966,O'Neill's Salon,Ruby O'Neill,https://instagram.com/oneillssalon,GB,London,None (Missing),enquiries@oneillssalonlondon.co.uk,+44 20 353 8151,VALID_MX,95,EMAIL_1_SENT,Campaign 1,1,0,YES,⏳ OUTREACH SENT / WAITING,NO,,NONE,430.0,15%,64.5,DELIVERED,CLEAN,2026-08-27 16:23:09 UTC,Auto-generated v2 enterprise lead. Category: salon. Rev Tier: $200k - $500k
LEAD-0964,Trattoria Bistro & Eatery,Olivia Brown,https://instagram.com/trattoriabistroe,IE,Waterford,None (Missing),contact@trattoriabistroewaterford.ie,+353 51 953 9391,VALID_MX,95,EMAIL_1_SENT,Campaign 1,1,0,YES,⏳ OUTREACH SENT / WAITING,NO,,NONE,500.0,15%,75.0,DELIVERED,CLEAN,2026-08-27 16:23:09 UTC,Auto-generated v2 enterprise lead. Category: restaurant. Rev Tier: $400k - $1.5M
LEAD-0915,Apex Electricians & Automation,Sarah Wilson,None,AU,Sydney,None (Missing),hello@apexelectricianssydney.com.au,+61 2 502 8550,VALID_MX,95,EMAIL_1_SENT,Campaign 1,1,0,YES,⏳ OUTREACH SENT / WAITING,NO,,NONE,500.0,15%,75.0,DELIVERED,CLEAN,2026-08-27 16:23:09 UTC,Auto-generated v2 enterprise lead. Category: electrician. Rev Tier: $300k - $800k
LEAD-0900,La Piazza Italian Restaurant,Fiona Murphy,None,IE,Dublin,None (Missing),hello@lapiazzaitalianrdublin.ie,+353 1 373 9350,VALID_MX,95,EMAIL_1_SENT,Campaign 1,1,0,YES,⏳ OUTREACH SENT / WAITING,NO,,NONE,500.0,15%,75.0,DELIVERED,CLEAN,2026-08-27 16:23:09 UTC,Auto-generated v2 enterprise lead. Category: restaurant. Rev Tier: $400k - $1.5M
LEAD-0894,Cornerstone Home Builders,Daniel Kelly,https://instagram.com/cornerstonehomeb,US,Seattle,None (Missing),hello@cornerstonehomebseattle.com,+1 206 203 6823,VALID_MX,95,EMAIL_1_SENT,Campaign 1,1,0,YES,⏳ OUTREACH SENT / WAITING,NO,,NONE,500.0,15%,75.0,DELIVERED,CLEAN,2026-08-27 16:23:09 UTC,Auto-generated v2 enterprise lead. Category: contractor. Rev Tier: $600k - $2.5M
LEAD-0821,Maple & Co Coffee House,Noah Murphy,https://instagram.com/maplecocoffeehou,IE,Cork,None (Missing),enquiries@maplecocoffeehoucork.ie,+353 21 988 7646,VALID_MX,95,EMAIL_1_SENT,Campaign 1,1,0,YES,⏳ OUTREACH SENT / WAITING,NO,,NONE,500.0,15%,75.0,DELIVERED,CLEAN,2026-08-27 16:23:09 UTC,Auto-generated v2 enterprise lead. Category: cafe. Rev Tier: $200k - $600k
LEAD-0736,Apex Dental Clinic,Oliver Martinez,None,AU,Melbourne,None (Missing),oliver@apexdentalclinicmelbourne.com.au,+61 3 326 7145,VALID_MX,95,EMAIL_1_SENT,Campaign 1,1,0,YES,⏳ OUTREACH SENT / WAITING,NO,,NONE,500.0,15%,75.0,DELIVERED,CLEAN,2026-08-27 16:23:09 UTC,Auto-generated v2 enterprise lead. Category: dentist. Rev Tier: $400k - $1.2M
LEAD-0662,Serenity Beauty & Hair Lounge,Joseph Miller,None,IE,Galway,None (Missing),info@serenitybeautyhagalway.ie,+353 91 828 6401,VALID_MX,95,EMAIL_1_SENT,Campaign 1,1,0,YES,⏳ OUTREACH SENT / WAITING,NO,,NONE,500.0,15%,75.0,DELIVERED,CLEAN,2026-08-27 16:23:09 UTC,Auto-generated v2 enterprise lead. Category: salon. Rev Tier: $200k - $500k
LEAD-0634,Speedy Motor Works,Conor Thompson,https://instagram.com/speedymotorworks,US,Seattle,None (Missing),contact@speedymotorworksseattle.com,+1 206 332 7517,VALID_MX,95,EMAIL_1_SENT,Campaign 1,1,0,YES,⏳ OUTREACH SENT / WAITING,NO,,NONE,500.0,15%,75.0,DELIVERED,CLEAN,2026-08-27 16:23:09 UTC,Auto-generated v2 enterprise lead. Category: car_repair. Rev Tier: $350k - $850k
LEAD-0613,Daily Brew Espresso Bar,Lucas Jones,https://instagram.com/dailybrewespress,US,Miami,None (Missing),enquiries@dailybrewespressmiami.com,+1 305 282 5764,VALID_MX,95,EMAIL_1_SENT,Campaign 1,1,0,YES,⏳ OUTREACH SENT / WAITING,NO,,NONE,500.0,15%,75.0,DELIVERED,CLEAN,2026-08-27 16:23:09 UTC,Auto-generated v2 enterprise lead. Category: cafe. Rev Tier: $200k - $600k
LEAD-0561,QuickFlow Plumbing Services,William Miller,None,IE,Cork,None (Missing),contact@quickflowplumbincork.ie,+353 21 344 2294,VALID_MX,95,EMAIL_1_SENT,Campaign 1,1,0,YES,⏳ OUTREACH SENT / WAITING,NO,,NONE,500.0,15%,75.0,DELIVERED,CLEAN,2026-08-27 16:23:09 UTC,Auto-generated v2 enterprise lead. Category: plumber. Rev Tier: $250k - $750k
LEAD-0550,Glow & Co Hair Designers,William Lynch,None,US,New York,None (Missing),hello@glowcohairdesignnewyork.com,+1 212 532 5403,VALID_MX,95,EMAIL_1_SENT,Campaign 1,1,0,YES,⏳ OUTREACH SENT / WAITING,NO,,NONE,500.0,15%,75.0,DELIVERED,CLEAN,2026-08-27 16:23:09 UTC,Auto-generated v2 enterprise lead. Category: salon. Rev Tier: $200k - $500k
LEAD-0546,Rodriguez's Roofing,Daniel Rodriguez,https://instagram.com/rodriguezsroofin,GB,London,None (Missing),hello@rodriguezsroofinlondon.co.uk,+44 20 648 9344,VALID_MX,95,EMAIL_1_SENT,Campaign 1,1,0,YES,⏳ OUTREACH SENT / WAITING,NO,,NONE,500.0,15%,75.0,DELIVERED,CLEAN,2026-08-27 16:23:09 UTC,Auto-generated v2 enterprise lead. Category: roofing. Rev Tier: $500k - $1.5M
LEAD-0468,Olive & Oak Kitchen & Bar,Conor Doyle,https://instagram.com/oliveoakkitchenb,GB,Edinburgh,None (Missing),hello@oliveoakkitchenbedinburgh.co.uk,+44 131 909 4772,VALID_MX,95,EMAIL_1_SENT,Campaign 1,1,0,YES,⏳ OUTREACH SENT / WAITING,NO,,NONE,500.0,15%,75.0,DELIVERED,CLEAN,2026-08-27 16:23:09 UTC,Auto-generated v2 enterprise lead. Category: restaurant. Rev Tier: $400k - $1.5M
LEAD-0412,The Barn Banqueting Hall,Alexander Dunne,None,US,Chicago,None (Missing),contact@thebarnbanquetinchicago.com,+1 312 796 8506,VALID_MX,95,EMAIL_1_SENT,Campaign 1,1,0,YES,⏳ OUTREACH SENT / WAITING,NO,,NONE,500.0,15%,75.0,DELIVERED,CLEAN,2026-08-27 16:23:09 UTC,Auto-generated v2 enterprise lead. Category: event_venue. Rev Tier: $500k - $2.0M
LEAD-0260,The Rustic Dining Room,Emily Quinn,https://instagram.com/therusticdiningr,IE,Dublin,None (Missing),info@therusticdiningrdublin.ie,+353 1 464 2106,VALID_MX,95,EMAIL_1_SENT,Campaign 1,1,0,YES,⏳ OUTREACH SENT / WAITING,NO,,NONE,500.0,15%,75.0,DELIVERED,CLEAN,2026-08-27 16:23:09 UTC,Auto-generated v2 enterprise lead. Category: restaurant. Rev Tier: $400k - $1.5M
LEAD-0196,Clark's Restaurant,Hannah Clark,None,AU,Melbourne,None (Missing),enquiries@clarksrestaurantmelbourne.com.au,+61 3 684 1613,VALID_MX,95,EMAIL_1_SENT,Campaign 1,1,0,YES,⏳ OUTREACH SENT / WAITING,NO,,NONE,500.0,15%,75.0,DELIVERED,CLEAN,2026-08-27 16:23:09 UTC,Auto-generated v2 enterprise lead. Category: restaurant. Rev Tier: $400k - $1.5M
LEAD-0116,Bella Dining Room,David Garcia,https://instagram.com/belladiningroom,AU,Melbourne,None (Missing),contact@belladiningroommelbourne.com.au,+61 3 935 4050,VALID_MX,95,EMAIL_1_SENT,Campaign 1,1,0,YES,⏳ OUTREACH SENT / WAITING,NO,,NONE,500.0,15%,75.0,DELIVERED,CLEAN,2026-08-27 16:23:09 UTC,Auto-generated v2 enterprise lead. Category: restaurant. Rev Tier: $400k - $1.5M
LEAD-0049,Williams's Plumber,Zoe Williams,None,GB,Birmingham,None (Missing),hello@williamssplumberbirmingham.co.uk,+44 121 518 1224,VALID_MX,95,FOLLOWUP_1_SENT,Campaign 1,2,1,YES,⏳ OUTREACH SENT / WAITING,NO,,NONE,500.0,20%,100.0,DELIVERED,CLEAN,2026-08-27 16:23:09 UTC,Auto-generated v2 enterprise lead. Category: plumber. Rev Tier: $250k - $750k
LEAD-0956,Elysian Venue & Retreat,Ava Thomas,https://instagram.com/elysianvenueretr,AU,Melbourne,None (Missing),hello@elysianvenueretrmelbourne.com.au,+61 3 678 9122,VALID_MX,95,EMAIL_1_SENT,Campaign 1,1,0,YES,⏳ OUTREACH SENT / WAITING,NO,,NONE,500.0,15%,75.0,DELIVERED,CLEAN,2026-08-27 16:23:09 UTC,Auto-generated v2 enterprise lead. Category: event_venue. Rev Tier: $500k - $2.0M
LEAD-0778,ProDrive Motor Works,Chloe Davis,None,CA,Vancouver,None (Missing),contact@prodrivemotorworvancouver.ca,+1 604 611 1733,VALID_MX,95,EMAIL_1_SENT,Campaign 1,1,0,YES,⏳ OUTREACH SENT / WAITING,NO,,NONE,500.0,15%,75.0,DELIVERED,CLEAN,2026-08-27 16:23:09 UTC,Auto-generated v2 enterprise lead. Category: car_repair. Rev Tier: $350k - $850k
LEAD-0614,The Cut Beauty & Hair Lounge,Ava Thompson,https://instagram.com/thecutbeautyhair,US,Seattle,None (Missing),hello@thecutbeautyhairseattle.com,+1 206 456 3223,VALID_MX,95,EMAIL_1_SENT,Campaign 1,1,0,YES,⏳ OUTREACH SENT / WAITING,NO,,NONE,430.0,15%,64.5,DELIVERED,CLEAN,2026-08-27 16:23:09 UTC,Auto-generated v2 enterprise lead. Category: salon. Rev Tier: $200k - $500k
LEAD-0199,IronCore Training Facility,Mia Kennedy,None,NZ,Auckland,None (Missing),hello@ironcoretrainingauckland.co.nz,+64 9 405 1944,VALID_MX,95,EMAIL_1_SENT,Campaign 1,1,0,YES,⏳ OUTREACH SENT / WAITING,NO,,NONE,500.0,15%,75.0,DELIVERED,CLEAN,2026-08-27 16:23:09 UTC,Auto-generated v2 enterprise lead. Category: gym. Rev Tier: $350k - $900k
LEAD-0178,TrueGuard Roofing Specialists,Ciara Wilson,https://instagram.com/trueguardroofing,CA,Vancouver,None (Missing),info@trueguardroofingvancouver.ca,+1 604 539 3007,VALID_MX,95,EMAIL_1_SENT,Campaign 1,1,0,YES,⏳ OUTREACH SENT / WAITING,NO,,NONE,500.0,15%,75.0,DELIVERED,CLEAN,2026-08-27 16:23:09 UTC,Auto-generated v2 enterprise lead. Category: roofing. Rev Tier: $500k - $1.5M
LEAD-0083,BrightLine Power Solutions,Noah Dunne,https://instagram.com/brightlinepowers,IE,Limerick,None (Missing),hello@brightlinepowerslimerick.ie,+353 61 746 4918,VALID_MX,95,EMAIL_1_SENT,Campaign 1,1,0,YES,⏳ OUTREACH SENT / WAITING,NO,,NONE,500.0,15%,75.0,DELIVERED,CLEAN,2026-08-27 16:23:09 UTC,Auto-generated v2 enterprise lead. Category: electrician. Rev Tier: $300k - $800k
LEAD-0943,PureCare Veterinary Hospital,Fiona Robinson,None,IE,Limerick,None (Missing),enquiries@purecareveterinalimerick.ie,+353 61 248 9313,VALID_MX,95,EMAIL_1_SENT,Campaign 1,1,0,YES,⏳ OUTREACH SENT / WAITING,NO,,NONE,500.0,15%,75.0,DELIVERED,CLEAN,2026-08-27 16:23:09 UTC,Auto-generated v2 enterprise lead. Category: veterinary. Rev Tier: $450k - $1.3M
LEAD-0916,La Piazza Dining Room,Ciara Miller,None,AU,Melbourne,None (Missing),info@lapiazzadiningromelbourne.com.au,+61 3 375 7136,VALID_MX,95,EMAIL_1_SENT,Campaign 1,1,0,YES,⏳ OUTREACH SENT / WAITING,NO,,NONE,500.0,15%,75.0,DELIVERED,CLEAN,2026-08-27 16:23:09 UTC,Auto-generated v2 enterprise lead. Category: restaurant. Rev Tier: $400k - $1.5M
LEAD-0389,Steam & Sugar Coffee House,Ava Doyle,None,GB,Birmingham,None (Missing),enquiries@steamsugarcoffeebirmingham.co.uk,+44 121 479 7557,VALID_MX,95,EMAIL_1_SENT,Campaign 1,1,0,YES,⏳ OUTREACH SENT / WAITING,NO,,NONE,500.0,15%,75.0,DELIVERED,CLEAN,2026-08-27 16:23:09 UTC,Auto-generated v2 enterprise lead. Category: cafe. Rev Tier: $200k - $600k
LEAD-0318,Apex Construction & Design,Samuel Murphy,None,CA,Vancouver,None (Missing),contact@apexconstructionvancouver.ca,+1 604 267 3446,VALID_MX,95,EMAIL_1_SENT,Campaign 1,1,0,YES,⏳ OUTREACH SENT / WAITING,NO,,NONE,500.0,15%,75.0,DELIVERED,CLEAN,2026-08-27 16:23:09 UTC,Auto-generated v2 enterprise lead. Category: contractor. Rev Tier: $600k - $2.5M
LEAD-0064,Apex Orthodontics,James Brennan,None,IE,Waterford,None (Missing),hello@apexorthodonticswaterford.ie,+353 51 333 9850,VALID_MX,95,EMAIL_1_SENT,Campaign 1,1,0,YES,⏳ OUTREACH SENT / WAITING,NO,,NONE,500.0,15%,75.0,DELIVERED,CLEAN,2026-08-27 16:23:09 UTC,Auto-generated v2 enterprise lead. Category: dentist. Rev Tier: $400k - $1.2M
LEAD-0023,Prime CrossFit & Athletics,Thomas Rodriguez,https://instagram.com/primecrossfitath,IE,Limerick,None (Missing),info@primecrossfitathlimerick.ie,+353 61 318 5279,VALID_MX,95,PRICING_REQUEST,Campaign 1,1,0,NO,🔥 HOT / APPROACHING,YES,2026-08-27 15:20 UTC,QUESTION,425.0,40%,170.0,DELIVERED,CLEAN,2026-08-27 16:23:09 UTC,Auto-generated v2 enterprise lead. Category: gym. Rev Tier: $350k - $900k
LEAD-0246,Chic Studio Salon & Spa,Fiona Gallagher,https://instagram.com/chicstudiosalons,GB,London,None (Missing),enquiries@chicstudiosalonslondon.co.uk,+44 20 757 3848,VALID_MX,95,EMAIL_1_SENT,Campaign 1,1,0,YES,⏳ OUTREACH SENT / WAITING,NO,,NONE,430.0,15%,64.5,DELIVERED,CLEAN,2026-08-27 16:23:09 UTC,Auto-generated v2 enterprise lead. Category: salon. Rev Tier: $200k - $500k
LEAD-0919,Elevation Training Facility,Matthew Rodriguez,https://instagram.com/elevationtrainin,NZ,Auckland,None (Missing),info@elevationtraininauckland.co.nz,+64 9 730 3945,VALID_MX,95,EMAIL_1_SENT,Campaign 1,1,0,YES,⏳ OUTREACH SENT / WAITING,NO,,NONE,500.0,15%,75.0,DELIVERED,CLEAN,2026-08-27 16:23:09 UTC,Auto-generated v2 enterprise lead. Category: gym. Rev Tier: $350k - $900k
LEAD-0911,Guardian Animal Clinic,Ciara Johnson,None,US,Austin,None (Missing),hello@guardiananimalclaustin.com,+1 512 620 1718,VALID_MX,95,EMAIL_1_SENT,Campaign 1,1,0,YES,⏳ OUTREACH SENT / WAITING,NO,,NONE,500.0,15%,75.0,DELIVERED,CLEAN,2026-08-27 16:23:09 UTC,Auto-generated v2 enterprise lead. Category: veterinary. Rev Tier: $450k - $1.3M
LEAD-0785,ProActive Plumbing Services,Jack Kennedy,None,GB,Belfast,None (Missing),info@proactiveplumbinbelfast.co.uk,+44 28 777 9938,VALID_MX,95,EMAIL_1_SENT,Campaign 1,1,0,YES,⏳ OUTREACH SENT / WAITING,NO,,NONE,500.0,15%,75.0,DELIVERED,CLEAN,2026-08-27 16:23:09 UTC,Auto-generated v2 enterprise lead. Category: plumber. Rev Tier: $250k - $750k
LEAD-0264,Sterling Attorneys at Law,Sarah Hall,https://instagram.com/sterlingattorney,IE,Waterford,None (Missing),contact@sterlingattorneywaterford.ie,+353 51 905 1137,VALID_MX,95,EMAIL_1_SENT,Campaign 1,1,0,YES,⏳ OUTREACH SENT / WAITING,NO,,NONE,500.0,15%,75.0,DELIVERED,CLEAN,2026-08-27 16:23:09 UTC,Auto-generated v2 enterprise lead. Category: lawyer. Rev Tier: $600k - $2.5M
LEAD-0261,Corner Perk Artisan Roasters,Olivia Smith,None,IE,Cork,None (Missing),info@cornerperkartisacork.ie,+353 21 767 3924,VALID_MX,95,EMAIL_1_SENT,Campaign 1,1,0,YES,⏳ OUTREACH SENT / WAITING,NO,,NONE,500.0,15%,75.0,DELIVERED,CLEAN,2026-08-27 16:23:09 UTC,Auto-generated v2 enterprise lead. Category: cafe. Rev Tier: $200k - $600k
LEAD-0255,Companion Veterinary Services,Michael Johnson,https://instagram.com/companionveterin,AU,Sydney,None (Missing),contact@companionveterinsydney.com.au,+61 2 763 1852,VALID_MX,95,EMAIL_1_SENT,Campaign 1,1,0,YES,⏳ OUTREACH SENT / WAITING,NO,,NONE,500.0,15%,75.0,DELIVERED,CLEAN,2026-08-27 16:23:09 UTC,Auto-generated v2 enterprise lead. Category: veterinary. Rev Tier: $450k - $1.3M
LEAD-0015,Meadow Veterinary Hospital,Samuel Byrne,https://instagram.com/meadowveterinary,AU,Sydney,None (Missing),info@meadowveterinarysydney.com.au,+61 2 798 8811,VALID_MX,95,MEETING_REQUEST,Campaign 1,1,0,NO,🔥 HOT / APPROACHING,YES,2026-08-27 15:19 UTC,POSITIVE,2500.0,60%,1500.0,DELIVERED,CLEAN,2026-08-27 16:23:09 UTC,Auto-generated v2 enterprise lead. Category: veterinary. Rev Tier: $450k - $1.3M
LEAD-0003,VoltCraft Power Solutions,William Jackson,None,IE,Limerick,None (Missing),enquiries@voltcraftpowersolimerick.ie,+353 61 327 7201,VALID_MX,95,CLOSED_WON,Campaign 1,1,0,NO,🏆 CONVERTED,YES,2026-08-27 15:21 UTC,WON,2500.0,100%,2500.0,DELIVERED,CLEAN,2026-08-27 16:23:09 UTC,Auto-generated v2 enterprise lead. Category: electrician. Rev Tier: $300k - $800k
LEAD-0867,Spark Power Solutions,Noah Jackson,https://instagram.com/sparkpowersoluti,GB,Manchester,None (Missing),noah@sparkpowersolutimanchester.co.uk,+44 161 929 8621,VALID_MX,95,EMAIL_1_SENT,Campaign 1,1,0,YES,⏳ OUTREACH SENT / WAITING,NO,,NONE,430.0,15%,64.5,DELIVERED,CLEAN,2026-08-27 16:23:09 UTC,Auto-generated v2 enterprise lead. Category: electrician. Rev Tier: $300k - $800k
LEAD-0812,Robinson's Event Venue,James Robinson,https://instagram.com/robinsonseventve,US,Chicago,None (Missing),hello@robinsonseventvechicago.com,+1 312 428 1050,VALID_MX,95,EMAIL_1_SENT,Campaign 1,1,0,YES,⏳ OUTREACH SENT / WAITING,NO,,NONE,500.0,15%,75.0,DELIVERED,CLEAN,2026-08-27 16:23:09 UTC,Auto-generated v2 enterprise lead. Category: event_venue. Rev Tier: $500k - $2.0M
LEAD-0654,Cornerstone General Contracting,Thomas Miller,https://instagram.com/cornerstonegener,US,Seattle,None (Missing),enquiries@cornerstonegenerseattle.com,+1 206 750 4197,VALID_MX,95,EMAIL_1_SENT,Campaign 1,1,0,YES,⏳ OUTREACH SENT / WAITING,NO,,NONE,500.0,15%,75.0,DELIVERED,CLEAN,2026-08-27 16:23:09 UTC,Auto-generated v2 enterprise lead. Category: contractor. Rev Tier: $600k - $2.5M
LEAD-0635,Epic Visual Media Studio,Olivia Thomas,None,AU,Sydney,None (Missing),contact@epicvisualmediassydney.com.au,+61 2 914 9870,VALID_MX,95,EMAIL_1_SENT,Campaign 1,1,0,YES,⏳ OUTREACH SENT / WAITING,NO,,NONE,500.0,15%,75.0,DELIVERED,CLEAN,2026-08-27 16:23:09 UTC,Auto-generated v2 enterprise lead. Category: photographer. Rev Tier: $150k - $400k
LEAD-0578,TrueGuard Roofing Contractors,Noah Brown,https://instagram.com/trueguardroofing,CA,Vancouver,None (Missing),info@trueguardroofingvancouver.ca,+1 604 423 4074,VALID_MX,95,EMAIL_1_SENT,Campaign 1,1,0,YES,⏳ OUTREACH SENT / WAITING,NO,,NONE,500.0,15%,75.0,DELIVERED,CLEAN,2026-08-27 16:23:09 UTC,Auto-generated v2 enterprise lead. Category: roofing. Rev Tier: $500k - $1.5M
LEAD-0485,Maple & Co Espresso Bar,Ruby Lee,https://instagram.com/maplecoespressob,GB,Belfast,None (Missing),hello@maplecoespressobbelfast.co.uk,+44 28 915 2565,VALID_MX,95,EMAIL_1_SENT,Campaign 1,1,0,YES,⏳ OUTREACH SENT / WAITING,NO,,NONE,500.0,15%,75.0,DELIVERED,CLEAN,2026-08-27 16:23:09 UTC,Auto-generated v2 enterprise lead. Category: cafe. Rev Tier: $200k - $600k
LEAD-0474,Apex Motors Motor Works,Conor Taylor,https://instagram.com/apexmotorsmotorw,US,Seattle,None (Missing),conor@apexmotorsmotorwseattle.com,+1 206 440 7486,VALID_MX,95,EMAIL_1_SENT,Campaign 1,1,0,YES,⏳ OUTREACH SENT / WAITING,NO,,NONE,500.0,15%,75.0,DELIVERED,CLEAN,2026-08-27 16:23:09 UTC,Auto-generated v2 enterprise lead. Category: car_repair. Rev Tier: $350k - $850k
LEAD-0355,ZapPro Electricians & Automation,Fiona Dunne,None,AU,Sydney,None (Missing),fiona@zapproelectriciasydney.com.au,+61 2 988 4409,VALID_MX,95,EMAIL_1_SENT,Campaign 1,1,0,YES,⏳ OUTREACH SENT / WAITING,NO,,NONE,500.0,15%,75.0,DELIVERED,CLEAN,2026-08-27 16:23:09 UTC,Auto-generated v2 enterprise lead. Category: electrician. Rev Tier: $300k - $800k
LEAD-0221,Sweet Hearth Artisan Bakery,Zoe Murphy,None,IE,Cork,None (Missing),zoe@sweethearthartiscork.ie,+353 21 236 9996,VALID_MX,95,EMAIL_1_SENT,Campaign 1,1,0,YES,⏳ OUTREACH SENT / WAITING,NO,,NONE,500.0,15%,75.0,DELIVERED,CLEAN,2026-08-27 16:23:09 UTC,Auto-generated v2 enterprise lead. Category: bakery. Rev Tier: $200k - $550k
LEAD-0155,Artisan Visual Media Studio,Alexander Taylor,https://instagram.com/artisanvisualmed,AU,Sydney,None (Missing),enquiries@artisanvisualmedsydney.com.au,+61 2 847 8015,VALID_MX,95,EMAIL_1_SENT,Campaign 1,1,0,YES,⏳ OUTREACH SENT / WAITING,NO,,NONE,500.0,15%,75.0,DELIVERED,CLEAN,2026-08-27 16:23:09 UTC,Auto-generated v2 enterprise lead. Category: photographer. Rev Tier: $150k - $400k
LEAD-0081,Rapid Plumbing & Heating,Chloe Brown,None,IE,Cork,None (Missing),chloe@rapidplumbingheacork.ie,+353 21 720 6928,VALID_MX,95,EMAIL_1_SENT,Campaign 1,1,0,YES,⏳ OUTREACH SENT / WAITING,NO,,NONE,500.0,15%,75.0,DELIVERED,CLEAN,2026-08-27 16:23:09 UTC,Auto-generated v2 enterprise lead. Category: plumber. Rev Tier: $250k - $750k
LEAD-0065,ProActive Plumbing Solutions,Mia Williams,https://instagram.com/proactiveplumbin,GB,Belfast,None (Missing),mia@proactiveplumbinbelfast.co.uk,+44 28 996 6931,VALID_MX,95,EMAIL_1_SENT,Campaign 1,1,0,YES,⏳ OUTREACH SENT / WAITING,NO,,NONE,500.0,15%,75.0,DELIVERED,CLEAN,2026-08-27 16:23:09 UTC,Auto-generated v2 enterprise lead. Category: plumber. Rev Tier: $250k - $750k
LEAD-0800,SmileCraft Family Dentistry,Emily Garcia,https://instagram.com/smilecraftfamily,IE,Dublin,None (Missing),info@smilecraftfamilydublin.ie,+353 1 257 3272,VALID_MX,95,EMAIL_1_SENT,Campaign 1,1,0,YES,⏳ OUTREACH SENT / WAITING,NO,,NONE,500.0,15%,75.0,DELIVERED,CLEAN,2026-08-27 16:23:09 UTC,Auto-generated v2 enterprise lead. Category: dentist. Rev Tier: $400k - $1.2M
LEAD-0628,Bella Bistro & Eatery,Joseph Smith,https://instagram.com/bellabistroeater,GB,Edinburgh,None (Missing),contact@bellabistroeateredinburgh.co.uk,+44 131 303 2932,VALID_MX,95,EMAIL_1_SENT,Campaign 1,1,0,YES,⏳ OUTREACH SENT / WAITING,NO,,NONE,500.0,15%,75.0,DELIVERED,CLEAN,2026-08-27 16:23:09 UTC,Auto-generated v2 enterprise lead. Category: restaurant. Rev Tier: $400k - $1.5M
LEAD-0584,Vanguard Attorneys at Law,Marcus Gallagher,None,IE,Waterford,None (Missing),hello@vanguardattorneywaterford.ie,+353 51 301 3069,VALID_MX,95,EMAIL_1_SENT,Campaign 1,1,0,YES,⏳ OUTREACH SENT / WAITING,NO,,NONE,500.0,15%,75.0,DELIVERED,CLEAN,2026-08-27 16:23:09 UTC,Auto-generated v2 enterprise lead. Category: lawyer. Rev Tier: $600k - $2.5M
LEAD-0517,Wild Flour Coffee House,Fiona Brown,https://instagram.com/wildflourcoffeeh,CA,Toronto,None (Missing),info@wildflourcoffeehtoronto.ca,+1 416 926 5981,VALID_MX,95,EMAIL_1_SENT,Campaign 1,1,0,YES,⏳ OUTREACH SENT / WAITING,NO,,NONE,500.0,15%,75.0,DELIVERED,CLEAN,2026-08-27 16:23:09 UTC,Auto-generated v2 enterprise lead. Category: cafe. Rev Tier: $200k - $600k
LEAD-0447,Compassion Animal Clinic,Noah White,https://instagram.com/compassionanimal,GB,Manchester,None (Missing),info@compassionanimalmanchester.co.uk,+44 161 785 6060,VALID_MX,95,EMAIL_1_SENT,Campaign 1,1,0,YES,⏳ OUTREACH SENT / WAITING,NO,,NONE,500.0,15%,75.0,DELIVERED,CLEAN,2026-08-27 16:23:09 UTC,Auto-generated v2 enterprise lead. Category: veterinary. Rev Tier: $450k - $1.3M
LEAD-0213,Corner Perk Specialty Coffee,Sean Martin,https://instagram.com/cornerperkspecia,US,Miami,None (Missing),enquiries@cornerperkspeciamiami.com,+1 305 476 3247,VALID_MX,95,EMAIL_1_SENT,Campaign 1,1,0,YES,⏳ OUTREACH SENT / WAITING,NO,,NONE,500.0,15%,75.0,DELIVERED,CLEAN,2026-08-27 16:23:09 UTC,Auto-generated v2 enterprise lead. Category: cafe. Rev Tier: $200k - $600k
LEAD-0141,Honey & Rye Bakehouse,Ciara Robinson,https://instagram.com/honeyryebakehous,IE,Cork,None (Missing),ciara@honeyryebakehouscork.ie,+353 21 808 4203,VALID_MX,95,EMAIL_1_SENT,Campaign 1,1,0,YES,⏳ OUTREACH SENT / WAITING,NO,,NONE,500.0,15%,75.0,DELIVERED,CLEAN,2026-08-27 16:23:09 UTC,Auto-generated v2 enterprise lead. Category: bakery. Rev Tier: $200k - $550k
LEAD-0899,Current Power Solutions,Ella O'Connor,https://instagram.com/currentpowersolu,NZ,Auckland,None (Missing),info@currentpowersoluauckland.co.nz,+64 9 680 6916,VALID_MX,95,EMAIL_1_SENT,Campaign 1,1,0,YES,⏳ OUTREACH SENT / WAITING,NO,,NONE,500.0,15%,75.0,DELIVERED,CLEAN,2026-08-27 16:23:09 UTC,Auto-generated v2 enterprise lead. Category: electrician. Rev Tier: $300k - $800k
LEAD-0495,Paws & Claws Veterinary Hospital,Mia Lewis,https://instagram.com/pawsclawsveterin,AU,Sydney,None (Missing),hello@pawsclawsveterinsydney.com.au,+61 2 950 6427,VALID_MX,95,EMAIL_1_SENT,Campaign 1,1,0,YES,⏳ OUTREACH SENT / WAITING,NO,,NONE,500.0,15%,75.0,DELIVERED,CLEAN,2026-08-27 16:23:09 UTC,Auto-generated v2 enterprise lead. Category: veterinary. Rev Tier: $450k - $1.3M
LEAD-0878,Pinnacle General Contracting,Elena Martinez,https://instagram.com/pinnaclegeneralc,CA,Vancouver,None (Missing),info@pinnaclegeneralcvancouver.ca,+1 604 369 6075,VALID_MX,95,EMAIL_1_SENT,Campaign 1,1,0,YES,⏳ OUTREACH SENT / WAITING,NO,,NONE,500.0,15%,75.0,DELIVERED,CLEAN,2026-08-27 16:23:09 UTC,Auto-generated v2 enterprise lead. Category: contractor. Rev Tier: $600k - $2.5M
LEAD-0906,MasterTech Auto Care Center,Olivia White,https://instagram.com/mastertechautoca,GB,London,None (Missing),info@mastertechautocalondon.co.uk,+44 20 684 9676,VALID_MX,95,EMAIL_1_SENT,Campaign 1,1,0,YES,⏳ OUTREACH SENT / WAITING,NO,,NONE,714.0,15%,107.1,DELIVERED,CLEAN,2026-08-27 16:23:09 UTC,Auto-generated v2 enterprise lead. Category: car_repair. Rev Tier: $350k - $850k
LEAD-0818,Crown Roofing Specialists,David Jackson,https://instagram.com/crownroofingspec,CA,Vancouver,None (Missing),info@crownroofingspecvancouver.ca,+1 604 860 1396,VALID_MX,95,EMAIL_1_SENT,Campaign 1,1,0,YES,⏳ OUTREACH SENT / WAITING,NO,,NONE,500.0,15%,75.0,DELIVERED,CLEAN,2026-08-27 16:23:09 UTC,Auto-generated v2 enterprise lead. Category: roofing. Rev Tier: $500k - $1.5M
LEAD-0799,Compassion Animal Clinic,Liam Brown,https://instagram.com/compassionanimal,NZ,Auckland,None (Missing),info@compassionanimalauckland.co.nz,+64 9 381 7117,VALID_MX,95,EMAIL_1_SENT,Campaign 1,1,0,YES,⏳ OUTREACH SENT / WAITING,NO,,NONE,500.0,15%,75.0,DELIVERED,CLEAN,2026-08-27 16:23:09 UTC,Auto-generated v2 enterprise lead. Category: veterinary. Rev Tier: $450k - $1.3M
LEAD-0453,Velvet Bean Specialty Coffee,Ruby Harris,https://instagram.com/velvetbeanspecia,US,Miami,None (Missing),info@velvetbeanspeciamiami.com,+1 305 693 5477,VALID_MX,95,EMAIL_1_SENT,Campaign 1,1,0,YES,⏳ OUTREACH SENT / WAITING,NO,,NONE,500.0,15%,75.0,DELIVERED,CLEAN,2026-08-27 16:23:09 UTC,Auto-generated v2 enterprise lead. Category: cafe. Rev Tier: $200k - $600k
LEAD-0068,Bistro Grill & Tavern,Patrick Lee,https://instagram.com/bistrogrilltaver,GB,Edinburgh,None (Missing),hello@bistrogrilltaveredinburgh.co.uk,+44 131 769 1982,VALID_MX,95,EMAIL_1_SENT,Campaign 1,1,0,YES,⏳ OUTREACH SENT / WAITING,NO,,NONE,500.0,15%,75.0,DELIVERED,CLEAN,2026-08-27 16:23:09 UTC,Auto-generated v2 enterprise lead. Category: restaurant. Rev Tier: $400k - $1.5M
LEAD-0043,Artisan Wedding & Portrait Studio,Ruby Byrne,https://instagram.com/artisanweddingpo,IE,Limerick,None (Missing),hello@artisanweddingpolimerick.ie,+353 61 840 4457,VALID_MX,95,FOLLOWUP_1_SENT,Campaign 1,2,1,YES,⏳ OUTREACH SENT / WAITING,NO,,NONE,500.0,20%,100.0,DELIVERED,CLEAN,2026-08-27 16:23:09 UTC,Auto-generated v2 enterprise lead. Category: photographer. Rev Tier: $150k - $400k
LEAD-0810,Speedy Auto Care Center,Marcus Anderson,https://instagram.com/speedyautocarece,US,New York,None (Missing),contact@speedyautocarecenewyork.com,+1 212 768 6582,VALID_MX,95,EMAIL_1_SENT,Campaign 1,1,0,YES,⏳ OUTREACH SENT / WAITING,NO,,NONE,714.0,15%,107.1,DELIVERED,CLEAN,2026-08-27 16:23:09 UTC,Auto-generated v2 enterprise lead. Category: car_repair. Rev Tier: $350k - $850k
LEAD-0748,Crystal Hall Venue & Retreat,Sophie Murphy,https://instagram.com/crystalhallvenue,GB,Edinburgh,None (Missing),enquiries@crystalhallvenueedinburgh.co.uk,+44 131 815 3486,VALID_MX,95,EMAIL_1_SENT,Campaign 1,1,0,YES,⏳ OUTREACH SENT / WAITING,NO,,NONE,500.0,15%,75.0,DELIVERED,CLEAN,2026-08-27 16:23:09 UTC,Auto-generated v2 enterprise lead. Category: event_venue. Rev Tier: $500k - $2.0M
LEAD-0667,Iris & Co Photography,Elena O'Neill,https://instagram.com/iriscophotograph,GB,Manchester,None (Missing),hello@iriscophotographmanchester.co.uk,+44 161 791 1407,VALID_MX,95,EMAIL_1_SENT,Campaign 1,1,0,YES,⏳ OUTREACH SENT / WAITING,NO,,NONE,500.0,15%,75.0,DELIVERED,CLEAN,2026-08-27 16:23:09 UTC,Auto-generated v2 enterprise lead. Category: photographer. Rev Tier: $150k - $400k
LEAD-0567,Garcia's Gym,Fiona Garcia,https://instagram.com/garciasgym,GB,Manchester,None (Missing),enquiries@garciasgymmanchester.co.uk,+44 161 993 3460,VALID_MX,95,EMAIL_1_SENT,Campaign 1,1,0,YES,⏳ OUTREACH SENT / WAITING,NO,,NONE,425.0,15%,63.75,DELIVERED,CLEAN,2026-08-27 16:23:09 UTC,Auto-generated v2 enterprise lead. Category: gym. Rev Tier: $350k - $900k
LEAD-0531,Current Electrical Services,Marcus Smith,https://instagram.com/currentelectrica,US,Austin,None (Missing),hello@currentelectricaaustin.com,+1 512 295 3705,VALID_MX,95,EMAIL_1_SENT,Campaign 1,1,0,YES,⏳ OUTREACH SENT / WAITING,NO,,NONE,500.0,15%,75.0,DELIVERED,CLEAN,2026-08-27 16:23:09 UTC,Auto-generated v2 enterprise lead. Category: electrician. Rev Tier: $300k - $800k
LEAD-0462,Johnson's Contractor,Alexander Johnson,https://instagram.com/johnsonscontract,IE,Galway,None (Missing),contact@johnsonscontractgalway.ie,+353 91 255 6465,VALID_MX,95,EMAIL_1_SENT,Campaign 1,1,0,YES,⏳ OUTREACH SENT / WAITING,NO,,NONE,500.0,15%,75.0,DELIVERED,CLEAN,2026-08-27 16:23:09 UTC,Auto-generated v2 enterprise lead. Category: contractor. Rev Tier: $600k - $2.5M
LEAD-0391,Evolution Training Facility,Mia Doyle,https://instagram.com/evolutiontrainin,US,Austin,None (Missing),contact@evolutiontraininaustin.com,+1 512 877 9157,VALID_MX,95,EMAIL_1_SENT,Campaign 1,1,0,YES,⏳ OUTREACH SENT / WAITING,NO,,NONE,500.0,15%,75.0,DELIVERED,CLEAN,2026-08-27 16:23:09 UTC,Auto-generated v2 enterprise lead. Category: gym. Rev Tier: $350k - $900k
LEAD-0382,Vanguard Building & Renovations,James Anderson,https://instagram.com/vanguardbuilding,IE,Galway,None (Missing),hello@vanguardbuildinggalway.ie,+353 91 333 2287,VALID_MX,95,EMAIL_1_SENT,Campaign 1,1,0,YES,⏳ OUTREACH SENT / WAITING,NO,,NONE,500.0,15%,75.0,DELIVERED,CLEAN,2026-08-27 16:23:09 UTC,Auto-generated v2 enterprise lead. Category: contractor. Rev Tier: $600k - $2.5M
LEAD-0359,Apex CrossFit & Athletics,Michael Garcia,https://instagram.com/apexcrossfitathl,NZ,Auckland,None (Missing),enquiries@apexcrossfitathlauckland.co.nz,+64 9 360 3784,VALID_MX,95,EMAIL_1_SENT,Campaign 1,1,0,YES,⏳ OUTREACH SENT / WAITING,NO,,NONE,425.0,15%,63.75,DELIVERED,CLEAN,2026-08-27 16:23:09 UTC,Auto-generated v2 enterprise lead. Category: gym. Rev Tier: $350k - $900k
LEAD-0335,Compassion Animal Clinic,Ella O'Sullivan,None,AU,Sydney,None (Missing),enquiries@compassionanimalsydney.com.au,+61 2 968 5578,VALID_MX,95,EMAIL_1_SENT,Campaign 1,1,0,YES,⏳ OUTREACH SENT / WAITING,NO,,NONE,500.0,15%,75.0,DELIVERED,CLEAN,2026-08-27 16:23:09 UTC,Auto-generated v2 enterprise lead. Category: veterinary. Rev Tier: $450k - $1.3M
LEAD-0290,Summit Roof Repairs & Cladding,Oliver Thompson,https://instagram.com/summitroofrepair,US,New York,None (Missing),enquiries@summitroofrepairnewyork.com,+1 212 723 3534,VALID_MX,95,EMAIL_1_SENT,Campaign 1,1,0,YES,⏳ OUTREACH SENT / WAITING,NO,,NONE,500.0,15%,75.0,DELIVERED,CLEAN,2026-08-27 16:23:09 UTC,Auto-generated v2 enterprise lead. Category: roofing. Rev Tier: $500k - $1.5M
LEAD-0283,Epic Photography Collective,Lucas Brennan,https://instagram.com/epicphotographyc,IE,Limerick,None (Missing),info@epicphotographyclimerick.ie,+353 61 743 3539,VALID_MX,95,EMAIL_1_SENT,Campaign 1,1,0,YES,⏳ OUTREACH SENT / WAITING,NO,,NONE,500.0,15%,75.0,DELIVERED,CLEAN,2026-08-27 16:23:09 UTC,Auto-generated v2 enterprise lead. Category: photographer. Rev Tier: $150k - $400k
LEAD-0252,O'Sullivan's Event Venue,Sophie O'Sullivan,None,US,Chicago,None (Missing),enquiries@osullivanseventvchicago.com,+1 312 959 2600,VALID_MX,95,EMAIL_1_SENT,Campaign 1,1,0,YES,⏳ OUTREACH SENT / WAITING,NO,,NONE,500.0,15%,75.0,DELIVERED,CLEAN,2026-08-27 16:23:09 UTC,Auto-generated v2 enterprise lead. Category: event_venue. Rev Tier: $500k - $2.0M
LEAD-0236,Heritage Banqueting Hall,Lily Walsh,https://instagram.com/heritagebanqueti,AU,Melbourne,None (Missing),contact@heritagebanquetimelbourne.com.au,+61 3 617 7357,VALID_MX,95,EMAIL_1_SENT,Campaign 1,1,0,YES,⏳ OUTREACH SENT / WAITING,NO,,NONE,500.0,15%,75.0,DELIVERED,CLEAN,2026-08-27 16:23:09 UTC,Auto-generated v2 enterprise lead. Category: event_venue. Rev Tier: $500k - $2.0M
LEAD-0962,Shield Roofing Contractors,Grace Kennedy,https://instagram.com/shieldroofingcon,IE,Galway,None (Missing),enquiries@shieldroofingcongalway.ie,+353 91 866 3854,VALID_MX,95,EMAIL_1_SENT,Campaign 1,1,0,YES,⏳ OUTREACH SENT / WAITING,NO,,NONE,500.0,15%,75.0,DELIVERED,CLEAN,2026-08-27 16:23:09 UTC,Auto-generated v2 enterprise lead. Category: roofing. Rev Tier: $500k - $1.5M
LEAD-0890,MasterTech Auto Care Center,Hannah Lewis,https://instagram.com/mastertechautoca,US,New York,None (Missing),hello@mastertechautocanewyork.com,+1 212 946 3685,VALID_MX,95,EMAIL_1_SENT,Campaign 1,1,0,YES,⏳ OUTREACH SENT / WAITING,NO,,NONE,714.0,15%,107.1,DELIVERED,CLEAN,2026-08-27 16:23:09 UTC,Auto-generated v2 enterprise lead. Category: car_repair. Rev Tier: $350k - $850k
LEAD-0881,BlueLine Plumbing & Heating,Patrick Byrne,https://instagram.com/bluelineplumbing,IE,Cork,None (Missing),hello@bluelineplumbingcork.ie,+353 21 310 8355,VALID_MX,95,EMAIL_1_SENT,Campaign 1,1,0,YES,⏳ OUTREACH SENT / WAITING,NO,,NONE,500.0,15%,75.0,DELIVERED,CLEAN,2026-08-27 16:23:09 UTC,Auto-generated v2 enterprise lead. Category: plumber. Rev Tier: $250k - $750k
LEAD-0695,Pulse Health & Performance,Patrick Martinez,None,AU,Sydney,None (Missing),info@pulsehealthperfosydney.com.au,+61 2 364 6226,VALID_MX,95,EMAIL_1_SENT,Campaign 1,1,0,YES,⏳ OUTREACH SENT / WAITING,NO,,NONE,500.0,15%,75.0,DELIVERED,CLEAN,2026-08-27 16:23:09 UTC,Auto-generated v2 enterprise lead. Category: gym. Rev Tier: $350k - $900k
LEAD-0637,White's Bakery,Aoife White,https://instagram.com/whitesbakery,CA,Toronto,None (Missing),aoife@whitesbakerytoronto.ca,+1 416 219 7268,VALID_MX,95,EMAIL_1_SENT,Campaign 1,1,0,YES,⏳ OUTREACH SENT / WAITING,NO,,NONE,714.0,15%,107.1,DELIVERED,CLEAN,2026-08-27 16:23:09 UTC,Auto-generated v2 enterprise lead. Category: bakery. Rev Tier: $200k - $550k
LEAD-0479,Apex Animal Clinic,Liam Robinson,https://instagram.com/apexanimalclinic,NZ,Auckland,None (Missing),contact@apexanimalclinicauckland.co.nz,+64 9 955 1158,VALID_MX,95,EMAIL_1_SENT,Campaign 1,1,0,YES,⏳ OUTREACH SENT / WAITING,NO,,NONE,500.0,15%,75.0,DELIVERED,CLEAN,2026-08-27 16:23:09 UTC,Auto-generated v2 enterprise lead. Category: veterinary. Rev Tier: $450k - $1.3M
LEAD-0458,Silverstone Motor Works,Conor White,https://instagram.com/silverstonemotor,CA,Vancouver,None (Missing),info@silverstonemotorvancouver.ca,+1 604 400 7489,VALID_MX,95,EMAIL_1_SENT,Campaign 1,1,0,YES,⏳ OUTREACH SENT / WAITING,NO,,NONE,500.0,15%,75.0,DELIVERED,CLEAN,2026-08-27 16:23:09 UTC,Auto-generated v2 enterprise lead. Category: car_repair. Rev Tier: $350k - $850k
LEAD-0742,Anderson's Salon,Ryan Anderson,None,IE,Galway,None (Missing),info@andersonssalongalway.ie,+353 91 315 8793,VALID_MX,95,EMAIL_1_SENT,Campaign 1,1,0,YES,⏳ OUTREACH SENT / WAITING,NO,,NONE,500.0,15%,75.0,DELIVERED,CLEAN,2026-08-27 16:23:09 UTC,Auto-generated v2 enterprise lead. Category: salon. Rev Tier: $200k - $500k
LEAD-0642,Shield Roofing Contractors,Sophie Davis,https://instagram.com/shieldroofingcon,IE,Galway,None (Missing),hello@shieldroofingcongalway.ie,+353 91 317 1630,VALID_MX,95,EMAIL_1_SENT,Campaign 1,1,0,YES,⏳ OUTREACH SENT / WAITING,NO,,NONE,500.0,15%,75.0,DELIVERED,CLEAN,2026-08-27 16:23:09 UTC,Auto-generated v2 enterprise lead. Category: roofing. Rev Tier: $500k - $1.5M
LEAD-0616,Brown's Lawyer,Elena Brown,https://instagram.com/brownslawyer,AU,Melbourne,None (Missing),info@brownslawyermelbourne.com.au,+61 3 973 7433,VALID_MX,95,EMAIL_1_SENT,Campaign 1,1,0,YES,⏳ OUTREACH SENT / WAITING,NO,,NONE,500.0,15%,75.0,DELIVERED,CLEAN,2026-08-27 16:23:09 UTC,Auto-generated v2 enterprise lead. Category: lawyer. Rev Tier: $600k - $2.5M
LEAD-0545,Master Plumbing Solutions,Lily Martinez,None,GB,Belfast,None (Missing),info@masterplumbingsobelfast.co.uk,+44 28 646 2109,VALID_MX,95,EMAIL_1_SENT,Campaign 1,1,0,YES,⏳ OUTREACH SENT / WAITING,NO,,NONE,500.0,15%,75.0,DELIVERED,CLEAN,2026-08-27 16:23:09 UTC,Auto-generated v2 enterprise lead. Category: plumber. Rev Tier: $250k - $750k
LEAD-0310,Artisan Beauty & Hair Lounge,James Miller,https://instagram.com/artisanbeautyhai,US,New York,None (Missing),info@artisanbeautyhainewyork.com,+1 212 629 6047,VALID_MX,95,EMAIL_1_SENT,Campaign 1,1,0,YES,⏳ OUTREACH SENT / WAITING,NO,,NONE,500.0,15%,75.0,DELIVERED,CLEAN,2026-08-27 16:23:09 UTC,Auto-generated v2 enterprise lead. Category: salon. Rev Tier: $200k - $500k
LEAD-0219,Wildflower Photography Collective,Ruby Johnson,None,NZ,Auckland,None (Missing),ruby@wildflowerphotogauckland.co.nz,+64 9 554 7305,VALID_MX,95,EMAIL_1_SENT,Campaign 1,1,0,YES,⏳ OUTREACH SENT / WAITING,NO,,NONE,500.0,15%,75.0,DELIVERED,CLEAN,2026-08-27 16:23:09 UTC,Auto-generated v2 enterprise lead. Category: photographer. Rev Tier: $150k - $400k
LEAD-0121,Atlas Tax & Wealth Advisors,Ethan Murphy,https://instagram.com/atlastaxwealthad,IE,Cork,None (Missing),info@atlastaxwealthadcork.ie,+353 21 963 4570,VALID_MX,95,EMAIL_1_SENT,Campaign 1,1,0,YES,⏳ OUTREACH SENT / WAITING,NO,,NONE,500.0,15%,75.0,DELIVERED,CLEAN,2026-08-27 16:23:09 UTC,Auto-generated v2 enterprise lead. Category: accountant. Rev Tier: $400k - $1.2M
LEAD-0593,Master Plumbing & Heating,David O'Connor,https://instagram.com/masterplumbinghe,US,Miami,None (Missing),contact@masterplumbinghemiami.com,+1 305 418 8624,VALID_MX,95,EMAIL_1_SENT,Campaign 1,1,0,YES,⏳ OUTREACH SENT / WAITING,NO,,NONE,500.0,15%,75.0,DELIVERED,CLEAN,2026-08-27 16:23:09 UTC,Auto-generated v2 enterprise lead. Category: plumber. Rev Tier: $250k - $750k
LEAD-0293,Corner Perk Cafe & Bakery,Ava Harris,https://instagram.com/cornerperkcafeba,US,Miami,None (Missing),hello@cornerperkcafebamiami.com,+1 305 544 2352,VALID_MX,95,EMAIL_1_SENT,Campaign 1,1,0,YES,⏳ OUTREACH SENT / WAITING,NO,,NONE,500.0,15%,75.0,DELIVERED,CLEAN,2026-08-27 16:23:09 UTC,Auto-generated v2 enterprise lead. Category: cafe. Rev Tier: $200k - $600k
LEAD-0607,Guardian Pet Care Center,Conor Murphy,https://instagram.com/guardianpetcarec,GB,Manchester,None (Missing),hello@guardianpetcarecmanchester.co.uk,+44 161 737 9243,VALID_MX,95,EMAIL_1_SENT,Campaign 1,1,0,YES,⏳ OUTREACH SENT / WAITING,NO,,NONE,500.0,15%,75.0,DELIVERED,CLEAN,2026-08-27 16:23:09 UTC,Auto-generated v2 enterprise lead. Category: veterinary. Rev Tier: $450k - $1.3M
LEAD-0282,AutoCraft Auto Care Center,Noah Wilson,None,IE,Galway,None (Missing),contact@autocraftautocargalway.ie,+353 91 941 3207,VALID_MX,95,EMAIL_1_SENT,Campaign 1,1,0,YES,⏳ OUTREACH SENT / WAITING,NO,,NONE,500.0,15%,75.0,DELIVERED,CLEAN,2026-08-27 16:23:09 UTC,Auto-generated v2 enterprise lead. Category: car_repair. Rev Tier: $350k - $850k
LEAD-0150,The Cut Hair Designers,William Clark,https://instagram.com/thecuthairdesign,US,New York,None (Missing),enquiries@thecuthairdesignnewyork.com,+1 212 316 6700,VALID_MX,95,EMAIL_1_SENT,Campaign 1,1,0,YES,⏳ OUTREACH SENT / WAITING,NO,,NONE,430.0,15%,64.5,DELIVERED,CLEAN,2026-08-27 16:23:09 UTC,Auto-generated v2 enterprise lead. Category: salon. Rev Tier: $200k - $500k
LEAD-0783,Valley Animal Clinic,Aoife Rodriguez,https://instagram.com/valleyanimalclin,IE,Limerick,None (Missing),contact@valleyanimalclinlimerick.ie,+353 61 717 2042,VALID_MX,95,EMAIL_1_SENT,Campaign 1,1,0,YES,⏳ OUTREACH SENT / WAITING,NO,,NONE,500.0,15%,75.0,DELIVERED,CLEAN,2026-08-27 16:23:09 UTC,Auto-generated v2 enterprise lead. Category: veterinary. Rev Tier: $450k - $1.3M
LEAD-0741,Bloom Artisan Roasters,Elena Jackson,None,IE,Cork,None (Missing),info@bloomartisanroascork.ie,+353 21 226 6432,VALID_MX,95,EMAIL_1_SENT,Campaign 1,1,0,YES,⏳ OUTREACH SENT / WAITING,NO,,NONE,500.0,15%,75.0,DELIVERED,CLEAN,2026-08-27 16:23:09 UTC,Auto-generated v2 enterprise lead. Category: cafe. Rev Tier: $200k - $600k
LEAD-0689,QuickFlow Plumbing Services,Grace Martin,https://instagram.com/quickflowplumbin,GB,Birmingham,None (Missing),enquiries@quickflowplumbinbirmingham.co.uk,+44 121 310 7897,VALID_MX,95,EMAIL_1_SENT,Campaign 1,1,0,YES,⏳ OUTREACH SENT / WAITING,NO,,NONE,500.0,15%,75.0,DELIVERED,CLEAN,2026-08-27 16:23:09 UTC,Auto-generated v2 enterprise lead. Category: plumber. Rev Tier: $250k - $750k
LEAD-0576,Gentle Orthodontics,Ethan Miller,None,AU,Melbourne,None (Missing),ethan@gentleorthodontimelbourne.com.au,+61 3 693 8790,VALID_MX,95,EMAIL_1_SENT,Campaign 1,1,0,YES,⏳ OUTREACH SENT / WAITING,NO,,NONE,500.0,15%,75.0,DELIVERED,CLEAN,2026-08-27 16:23:09 UTC,Auto-generated v2 enterprise lead. Category: dentist. Rev Tier: $400k - $1.2M
LEAD-0375,Prime CrossFit & Athletics,Ethan O'Sullivan,None,AU,Sydney,None (Missing),info@primecrossfitathsydney.com.au,+61 2 804 7156,VALID_MX,95,EMAIL_1_SENT,Campaign 1,1,0,YES,⏳ OUTREACH SENT / WAITING,NO,,NONE,500.0,15%,75.0,DELIVERED,CLEAN,2026-08-27 16:23:09 UTC,Auto-generated v2 enterprise lead. Category: gym. Rev Tier: $350k - $900k
LEAD-0940,Skyline Pavilion Celebration Spaces,Oliver Robinson,https://instagram.com/skylinepavilionc,IE,Dublin,None (Missing),enquiries@skylinepavilioncdublin.ie,+353 1 290 1446,VALID_MX,95,EMAIL_1_SENT,Campaign 1,1,0,YES,⏳ OUTREACH SENT / WAITING,NO,,NONE,500.0,15%,75.0,DELIVERED,CLEAN,2026-08-27 16:23:09 UTC,Auto-generated v2 enterprise lead. Category: event_venue. Rev Tier: $500k - $2.0M
LEAD-0726,Chic Studio Hair Designers,Marcus Walker,https://instagram.com/chicstudiohairde,GB,London,None (Missing),enquiries@chicstudiohairdelondon.co.uk,+44 20 602 7834,VALID_MX,95,HOT_REPLY,Campaign 1,1,0,NO,🔥 HOT / APPROACHING,YES,2026-08-27 15:18 UTC,NEUTRAL,430.0,50%,215.0,DELIVERED,CLEAN,2026-08-27 16:23:09 UTC,Auto-generated v2 enterprise lead. Category: salon. Rev Tier: $200k - $500k
LEAD-0602,Hall's Car Repair,Liam Hall,None,IE,Galway,None (Missing),info@hallscarrepairgalway.ie,+353 91 687 9698,VALID_MX,95,EMAIL_1_SENT,Campaign 1,1,0,YES,⏳ OUTREACH SENT / WAITING,NO,,NONE,500.0,15%,75.0,DELIVERED,CLEAN,2026-08-27 16:23:09 UTC,Auto-generated v2 enterprise lead. Category: car_repair. Rev Tier: $350k - $850k
LEAD-0525,Lynch's Bakery,Ciara Lynch,https://instagram.com/lynchsbakery,GB,Belfast,None (Missing),ciara@lynchsbakerybelfast.co.uk,+44 28 865 3675,VALID_MX,95,EMAIL_1_SENT,Campaign 1,1,0,YES,⏳ OUTREACH SENT / WAITING,NO,,NONE,714.0,15%,107.1,DELIVERED,CLEAN,2026-08-27 16:23:09 UTC,Auto-generated v2 enterprise lead. Category: bakery. Rev Tier: $200k - $550k
LEAD-0482,EverDry Roofing Contractors,Aoife Robinson,https://instagram.com/everdryroofingco,IE,Galway,None (Missing),hello@everdryroofingcogalway.ie,+353 91 534 7731,VALID_MX,95,EMAIL_1_SENT,Campaign 1,1,0,YES,⏳ OUTREACH SENT / WAITING,NO,,NONE,500.0,15%,75.0,DELIVERED,CLEAN,2026-08-27 16:23:09 UTC,Auto-generated v2 enterprise lead. Category: roofing. Rev Tier: $500k - $1.5M
LEAD-0238,Harris's Contractor,Samuel Harris,https://instagram.com/harrisscontracto,CA,Vancouver,None (Missing),contact@harrisscontractovancouver.ca,+1 604 211 3316,VALID_MX,95,EMAIL_1_SENT,Campaign 1,1,0,YES,⏳ OUTREACH SENT / WAITING,NO,,NONE,500.0,15%,75.0,DELIVERED,CLEAN,2026-08-27 16:23:09 UTC,Auto-generated v2 enterprise lead. Category: contractor. Rev Tier: $600k - $2.5M
LEAD-0062,BuildCraft Home Builders,James Lewis,https://instagram.com/buildcrafthomebu,IE,Galway,None (Missing),enquiries@buildcrafthomebugalway.ie,+353 91 617 5583,VALID_MX,95,EMAIL_1_SENT,Campaign 1,1,0,YES,⏳ OUTREACH SENT / WAITING,NO,,NONE,500.0,15%,75.0,DELIVERED,CLEAN,2026-08-27 16:23:09 UTC,Auto-generated v2 enterprise lead. Category: contractor. Rev Tier: $600k - $2.5M
LEAD-0057,Sterling Tax & Wealth Advisors,Jack Kennedy,None,CA,Toronto,None (Missing),contact@sterlingtaxwealttoronto.ca,+1 416 222 7484,VALID_MX,95,FOLLOWUP_1_SENT,Campaign 1,2,1,YES,⏳ OUTREACH SENT / WAITING,NO,,NONE,500.0,20%,100.0,DELIVERED,CLEAN,2026-08-27 16:23:09 UTC,Auto-generated v2 enterprise lead. Category: accountant. Rev Tier: $400k - $1.2M
LEAD-0570,Dynamic Garage & Diagnostics,Ciara White,https://instagram.com/dynamicgaragedia,US,New York,None (Missing),contact@dynamicgaragedianewyork.com,+1 212 291 2165,VALID_MX,95,EMAIL_1_SENT,Campaign 1,1,0,YES,⏳ OUTREACH SENT / WAITING,NO,,NONE,500.0,15%,75.0,DELIVERED,CLEAN,2026-08-27 16:23:09 UTC,Auto-generated v2 enterprise lead. Category: car_repair. Rev Tier: $350k - $850k
LEAD-0357,Lewis's Cafe,Marcus Lewis,None,CA,Toronto,None (Missing),hello@lewisscafetoronto.ca,+1 416 997 2804,VALID_MX,95,EMAIL_1_SENT,Campaign 1,1,0,YES,⏳ OUTREACH SENT / WAITING,NO,,NONE,500.0,15%,75.0,DELIVERED,CLEAN,2026-08-27 16:23:09 UTC,Auto-generated v2 enterprise lead. Category: cafe. Rev Tier: $200k - $600k
LEAD-0266,Lynch's Car Repair,Alexander Lynch,https://instagram.com/lynchscarrepair,GB,London,None (Missing),hello@lynchscarrepairlondon.co.uk,+44 20 349 3450,VALID_MX,95,EMAIL_1_SENT,Campaign 1,1,0,YES,⏳ OUTREACH SENT / WAITING,NO,,NONE,500.0,15%,75.0,DELIVERED,CLEAN,2026-08-27 16:23:09 UTC,Auto-generated v2 enterprise lead. Category: car_repair. Rev Tier: $350k - $850k
LEAD-0174,Pinnacle General Contracting,Emily Smith,https://instagram.com/pinnaclegeneralc,US,Seattle,None (Missing),enquiries@pinnaclegeneralcseattle.com,+1 206 336 7461,VALID_MX,95,EMAIL_1_SENT,Campaign 1,1,0,YES,⏳ OUTREACH SENT / WAITING,NO,,NONE,500.0,15%,75.0,DELIVERED,CLEAN,2026-08-27 16:23:09 UTC,Auto-generated v2 enterprise lead. Category: contractor. Rev Tier: $600k - $2.5M
LEAD-0914,Summit Roofing Solutions,Joseph White,None,US,Seattle,None (Missing),contact@summitroofingsolseattle.com,+1 206 565 8411,VALID_MX,95,EMAIL_1_SENT,Campaign 1,1,0,YES,⏳ OUTREACH SENT / WAITING,NO,,NONE,500.0,15%,75.0,DELIVERED,CLEAN,2026-08-27 16:23:09 UTC,Auto-generated v2 enterprise lead. Category: roofing. Rev Tier: $500k - $1.5M
LEAD-0796,The Grand Estate Celebration Spaces,William Doyle,https://instagram.com/thegrandestatece,AU,Melbourne,None (Missing),hello@thegrandestatecemelbourne.com.au,+61 3 573 5140,VALID_MX,95,EMAIL_1_SENT,Campaign 1,1,0,YES,⏳ OUTREACH SENT / WAITING,NO,,NONE,500.0,15%,75.0,DELIVERED,CLEAN,2026-08-27 16:23:09 UTC,Auto-generated v2 enterprise lead. Category: event_venue. Rev Tier: $500k - $2.0M
LEAD-0569,Prime Accounting & Advisory,Jack Thomas,None,GB,Birmingham,None (Missing),hello@primeaccountingabirmingham.co.uk,+44 121 780 9151,VALID_MX,95,EMAIL_1_SENT,Campaign 1,1,0,YES,⏳ OUTREACH SENT / WAITING,NO,,NONE,500.0,15%,75.0,DELIVERED,CLEAN,2026-08-27 16:23:09 UTC,Auto-generated v2 enterprise lead. Category: accountant. Rev Tier: $400k - $1.2M
LEAD-0460,Skyline Pavilion Celebration Spaces,Aoife Thompson,None,IE,Dublin,None (Missing),contact@skylinepavilioncdublin.ie,+353 1 324 9491,VALID_MX,95,EMAIL_1_SENT,Campaign 1,1,0,YES,⏳ OUTREACH SENT / WAITING,NO,,NONE,500.0,15%,75.0,DELIVERED,CLEAN,2026-08-27 16:23:09 UTC,Auto-generated v2 enterprise lead. Category: event_venue. Rev Tier: $500k - $2.0M
LEAD-0981,Maple & Co Espresso Bar,Sophie Lee,https://instagram.com/maplecoespressob,IE,Cork,None (Missing),contact@maplecoespressobcork.ie,+353 21 858 7771,VALID_MX,95,EMAIL_1_SENT,Campaign 1,1,0,YES,⏳ OUTREACH SENT / WAITING,NO,,NONE,500.0,15%,75.0,DELIVERED,CLEAN,2026-08-27 16:23:09 UTC,Auto-generated v2 enterprise lead. Category: cafe. Rev Tier: $200k - $600k
LEAD-0931,McCarthy's Electrician,Olivia McCarthy,https://instagram.com/mccarthyselectri,US,Austin,None (Missing),hello@mccarthyselectriaustin.com,+1 512 948 2785,VALID_MX,95,EMAIL_1_SENT,Campaign 1,1,0,YES,⏳ OUTREACH SENT / WAITING,NO,,NONE,500.0,15%,75.0,DELIVERED,CLEAN,2026-08-27 16:23:09 UTC,Auto-generated v2 enterprise lead. Category: electrician. Rev Tier: $300k - $800k
LEAD-0928,Artisan Orthodontics,Mia Walsh,None,GB,Edinburgh,None (Missing),hello@artisanorthodontedinburgh.co.uk,+44 131 358 2073,VALID_MX,95,EMAIL_1_SENT,Campaign 1,1,0,YES,⏳ OUTREACH SENT / WAITING,NO,,NONE,500.0,15%,75.0,DELIVERED,CLEAN,2026-08-27 16:23:09 UTC,Auto-generated v2 enterprise lead. Category: dentist. Rev Tier: $400k - $1.2M
LEAD-0824,Kensington Attorneys at Law,Sean Martin,https://instagram.com/kensingtonattorn,IE,Waterford,None (Missing),enquiries@kensingtonattornwaterford.ie,+353 51 363 2593,VALID_MX,95,EMAIL_1_SENT,Campaign 1,1,0,YES,⏳ OUTREACH SENT / WAITING,NO,,NONE,500.0,15%,75.0,DELIVERED,CLEAN,2026-08-27 16:23:09 UTC,Auto-generated v2 enterprise lead. Category: lawyer. Rev Tier: $600k - $2.5M
LEAD-0817,Master Emergency Plumbing,Alexander Smith,https://instagram.com/masteremergencyp,CA,Toronto,None (Missing),contact@masteremergencyptoronto.ca,+1 416 283 7760,VALID_MX,95,EMAIL_1_SENT,Campaign 1,1,0,YES,⏳ OUTREACH SENT / WAITING,NO,,NONE,500.0,15%,75.0,DELIVERED,CLEAN,2026-08-27 16:23:09 UTC,Auto-generated v2 enterprise lead. Category: plumber. Rev Tier: $250k - $750k
LEAD-0803,ProPower Electrical Services,Ryan Thomas,https://instagram.com/propowerelectric,IE,Limerick,None (Missing),contact@propowerelectriclimerick.ie,+353 61 488 3642,VALID_MX,95,EMAIL_1_SENT,Campaign 1,1,0,YES,⏳ OUTREACH SENT / WAITING,NO,,NONE,500.0,15%,75.0,DELIVERED,CLEAN,2026-08-27 16:23:09 UTC,Auto-generated v2 enterprise lead. Category: electrician. Rev Tier: $300k - $800k
LEAD-0777,Taylor's Accountant,Conor Taylor,https://instagram.com/taylorsaccountan,CA,Toronto,None (Missing),hello@taylorsaccountantoronto.ca,+1 416 426 6247,VALID_MX,95,EMAIL_1_SENT,Campaign 1,1,0,YES,⏳ OUTREACH SENT / WAITING,NO,,NONE,500.0,15%,75.0,DELIVERED,CLEAN,2026-08-27 16:23:09 UTC,Auto-generated v2 enterprise lead. Category: accountant. Rev Tier: $400k - $1.2M
LEAD-0744,Kensington Solicitors & Advocates,Ethan Garcia,None,IE,Waterford,None (Missing),hello@kensingtonsoliciwaterford.ie,+353 51 535 7914,VALID_MX,95,EMAIL_1_SENT,Campaign 1,1,0,YES,⏳ OUTREACH SENT / WAITING,NO,,NONE,500.0,15%,75.0,DELIVERED,CLEAN,2026-08-27 16:23:09 UTC,Auto-generated v2 enterprise lead. Category: lawyer. Rev Tier: $600k - $2.5M
LEAD-0618,Silverstone Motor Works,Ethan O'Connor,https://instagram.com/silverstonemotor,CA,Vancouver,None (Missing),info@silverstonemotorvancouver.ca,+1 604 268 1000,VALID_MX,95,EMAIL_1_SENT,Campaign 1,1,0,YES,⏳ OUTREACH SENT / WAITING,NO,,NONE,500.0,15%,75.0,DELIVERED,CLEAN,2026-08-27 16:23:09 UTC,Auto-generated v2 enterprise lead. Category: car_repair. Rev Tier: $350k - $850k
LEAD-0552,Lexis Law Chambers,Grace Johnson,None,US,Chicago,None (Missing),info@lexislawchamberschicago.com,+1 312 817 2633,VALID_MX,95,EMAIL_1_SENT,Campaign 1,1,0,YES,⏳ OUTREACH SENT / WAITING,NO,,NONE,500.0,15%,75.0,DELIVERED,CLEAN,2026-08-27 16:23:09 UTC,Auto-generated v2 enterprise lead. Category: lawyer. Rev Tier: $600k - $2.5M
LEAD-0399,White's Veterinary,Emily White,https://instagram.com/whitesveterinary,NZ,Auckland,None (Missing),enquiries@whitesveterinaryauckland.co.nz,+64 9 944 1981,VALID_MX,95,EMAIL_1_SENT,Campaign 1,1,0,YES,⏳ OUTREACH SENT / WAITING,NO,,NONE,500.0,15%,75.0,DELIVERED,CLEAN,2026-08-27 16:23:09 UTC,Auto-generated v2 enterprise lead. Category: veterinary. Rev Tier: $450k - $1.3M
LEAD-0394,Dynamic Auto Service & Repair,Elena Martinez,https://instagram.com/dynamicautoservi,US,Seattle,None (Missing),contact@dynamicautoserviseattle.com,+1 206 589 2594,VALID_MX,95,EMAIL_1_SENT,Campaign 1,1,0,YES,⏳ OUTREACH SENT / WAITING,NO,,NONE,714.0,15%,107.1,DELIVERED,CLEAN,2026-08-27 16:23:09 UTC,Auto-generated v2 enterprise lead. Category: car_repair. Rev Tier: $350k - $850k
LEAD-0369,Titan Emergency Plumbing,Michael Dunne,None,GB,Birmingham,None (Missing),hello@titanemergencyplbirmingham.co.uk,+44 121 379 3514,VALID_MX,95,EMAIL_1_SENT,Campaign 1,1,0,YES,⏳ OUTREACH SENT / WAITING,NO,,NONE,500.0,15%,75.0,DELIVERED,CLEAN,2026-08-27 16:23:09 UTC,Auto-generated v2 enterprise lead. Category: plumber. Rev Tier: $250k - $750k
LEAD-0368,Grand Family Dentistry,Marcus Doyle,None,GB,Edinburgh,None (Missing),enquiries@grandfamilydentiedinburgh.co.uk,+44 131 655 8503,VALID_MX,95,EMAIL_1_SENT,Campaign 1,1,0,YES,⏳ OUTREACH SENT / WAITING,NO,,NONE,500.0,15%,75.0,DELIVERED,CLEAN,2026-08-27 16:23:09 UTC,Auto-generated v2 enterprise lead. Category: dentist. Rev Tier: $400k - $1.2M
LEAD-0131,Lumina Electrical Contractors,Zoe Hall,https://instagram.com/luminaelectrical,US,Austin,None (Missing),hello@luminaelectricalaustin.com,+1 512 343 9954,VALID_MX,95,EMAIL_1_SENT,Campaign 1,1,0,YES,⏳ OUTREACH SENT / WAITING,NO,,NONE,500.0,15%,75.0,DELIVERED,CLEAN,2026-08-27 16:23:09 UTC,Auto-generated v2 enterprise lead. Category: electrician. Rev Tier: $300k - $800k
LEAD-0005,Wild Flour Specialty Coffee,Lily Anderson,None,GB,Belfast,None (Missing),hello@wildflourspecialbelfast.co.uk,+44 28 232 6168,VALID_MX,95,PRICING_REQUEST,Campaign 1,1,0,NO,🔥 HOT / APPROACHING,YES,2026-08-27 15:18 UTC,QUESTION,500.0,40%,200.0,DELIVERED,CLEAN,2026-08-27 16:23:09 UTC,Auto-generated v2 enterprise lead. Category: cafe. Rev Tier: $200k - $600k
LEAD-0524,Elysian Banqueting Hall,Ryan Brennan,https://instagram.com/elysianbanquetin,IE,Waterford,None (Missing),info@elysianbanquetinwaterford.ie,+353 51 878 1732,VALID_MX,95,EMAIL_1_SENT,Campaign 1,1,0,YES,⏳ OUTREACH SENT / WAITING,NO,,NONE,500.0,15%,75.0,DELIVERED,CLEAN,2026-08-27 16:23:09 UTC,Auto-generated v2 enterprise lead. Category: event_venue. Rev Tier: $500k - $2.0M
LEAD-0476,Harris's Event Venue,Patrick Harris,https://instagram.com/harrisseventvenu,AU,Melbourne,None (Missing),contact@harrisseventvenumelbourne.com.au,+61 3 433 2612,VALID_MX,95,EMAIL_1_SENT,Campaign 1,1,0,YES,⏳ OUTREACH SENT / WAITING,NO,,NONE,500.0,15%,75.0,DELIVERED,CLEAN,2026-08-27 16:23:09 UTC,Auto-generated v2 enterprise lead. Category: event_venue. Rev Tier: $500k - $2.0M
LEAD-0151,CrossPeak Health & Performance,James McCarthy,https://instagram.com/crosspeakhealthp,US,Austin,None (Missing),enquiries@crosspeakhealthpaustin.com,+1 512 341 7286,VALID_MX,95,EMAIL_1_SENT,Campaign 1,1,0,YES,⏳ OUTREACH SENT / WAITING,NO,,NONE,500.0,15%,75.0,DELIVERED,CLEAN,2026-08-27 16:23:09 UTC,Auto-generated v2 enterprise lead. Category: gym. Rev Tier: $350k - $900k
LEAD-0889,Thomas's Accountant,David Thomas,https://instagram.com/thomassaccountan,GB,Birmingham,None (Missing),hello@thomassaccountanbirmingham.co.uk,+44 121 758 4281,VALID_MX,95,EMAIL_1_SENT,Campaign 1,1,0,YES,⏳ OUTREACH SENT / WAITING,NO,,NONE,500.0,15%,75.0,DELIVERED,CLEAN,2026-08-27 16:23:09 UTC,Auto-generated v2 enterprise lead. Category: accountant. Rev Tier: $400k - $1.2M
LEAD-0629,The Beanery Coffee House,Olivia Walsh,https://instagram.com/thebeanerycoffee,GB,Birmingham,None (Missing),hello@thebeanerycoffeebirmingham.co.uk,+44 121 730 9192,VALID_MX,95,EMAIL_1_SENT,Campaign 1,1,0,YES,⏳ OUTREACH SENT / WAITING,NO,,NONE,500.0,15%,75.0,DELIVERED,CLEAN,2026-08-27 16:23:09 UTC,Auto-generated v2 enterprise lead. Category: cafe. Rev Tier: $200k - $600k
LEAD-0467,Apex Electricians & Automation,Ava Martinez,None,GB,Manchester,None (Missing),hello@apexelectriciansmanchester.co.uk,+44 161 270 6595,VALID_MX,95,EMAIL_1_SENT,Campaign 1,1,0,YES,⏳ OUTREACH SENT / WAITING,NO,,NONE,500.0,15%,75.0,DELIVERED,CLEAN,2026-08-27 16:23:09 UTC,Auto-generated v2 enterprise lead. Category: electrician. Rev Tier: $300k - $800k
LEAD-0396,The Foundry Celebration Spaces,Fiona Taylor,None,AU,Melbourne,None (Missing),enquiries@thefoundrycelebrmelbourne.com.au,+61 3 983 6563,VALID_MX,95,EMAIL_1_SENT,Campaign 1,1,0,YES,⏳ OUTREACH SENT / WAITING,NO,,NONE,500.0,15%,75.0,DELIVERED,CLEAN,2026-08-27 16:23:09 UTC,Auto-generated v2 enterprise lead. Category: event_venue. Rev Tier: $500k - $2.0M
LEAD-0995,Apex Electricians & Automation,James Williams,https://instagram.com/apexelectricians,AU,Sydney,None (Missing),info@apexelectricianssydney.com.au,+61 2 903 8542,VALID_MX,95,EMAIL_1_SENT,Campaign 1,1,0,YES,⏳ OUTREACH SENT / WAITING,NO,,NONE,500.0,15%,75.0,DELIVERED,CLEAN,2026-08-27 16:23:09 UTC,Auto-generated v2 enterprise lead. Category: electrician. Rev Tier: $300k - $800k
LEAD-0925,Artisan Sourdough Artisan Bakery,Lucas Gallagher,https://instagram.com/artisansourdough,GB,Belfast,None (Missing),lucas@artisansourdoughbelfast.co.uk,+44 28 776 3014,VALID_MX,95,EMAIL_1_SENT,Campaign 1,1,0,YES,⏳ OUTREACH SENT / WAITING,NO,,NONE,500.0,15%,75.0,DELIVERED,CLEAN,2026-08-27 16:23:09 UTC,Auto-generated v2 enterprise lead. Category: bakery. Rev Tier: $200k - $550k
LEAD-0165,Roasted Specialty Coffee,Sarah O'Sullivan,https://instagram.com/roastedspecialty,GB,Belfast,None (Missing),enquiries@roastedspecialtybelfast.co.uk,+44 28 269 1225,VALID_MX,95,EMAIL_1_SENT,Campaign 1,1,0,YES,⏳ OUTREACH SENT / WAITING,NO,,NONE,500.0,15%,75.0,DELIVERED,CLEAN,2026-08-27 16:23:09 UTC,Auto-generated v2 enterprise lead. Category: cafe. Rev Tier: $200k - $600k
LEAD-0554,FleetFix Auto Service & Repair,Samuel White,None,US,Seattle,None (Missing),info@fleetfixautoservseattle.com,+1 206 245 2684,VALID_MX,95,EMAIL_1_SENT,Campaign 1,1,0,YES,⏳ OUTREACH SENT / WAITING,NO,,NONE,500.0,15%,75.0,DELIVERED,CLEAN,2026-08-27 16:23:09 UTC,Auto-generated v2 enterprise lead. Category: car_repair. Rev Tier: $350k - $850k
LEAD-0475,Lumina Photography,Sophie Quinn,https://instagram.com/luminaphotograph,AU,Sydney,None (Missing),enquiries@luminaphotographsydney.com.au,+61 2 836 6511,VALID_MX,95,EMAIL_1_SENT,Campaign 1,1,0,YES,⏳ OUTREACH SENT / WAITING,NO,,NONE,500.0,15%,75.0,DELIVERED,CLEAN,2026-08-27 16:23:09 UTC,Auto-generated v2 enterprise lead. Category: photographer. Rev Tier: $150k - $400k
LEAD-0323,Lumina Electrical Services,Joseph Thomas,https://instagram.com/luminaelectrical,IE,Limerick,None (Missing),contact@luminaelectricallimerick.ie,+353 61 827 6549,VALID_MX,95,EMAIL_1_SENT,Campaign 1,1,0,YES,⏳ OUTREACH SENT / WAITING,NO,,NONE,500.0,15%,75.0,DELIVERED,CLEAN,2026-08-27 16:23:09 UTC,Auto-generated v2 enterprise lead. Category: electrician. Rev Tier: $300k - $800k
LEAD-0424,Blackwood Legal Associates,Sarah Rodriguez,None,IE,Waterford,None (Missing),sarah@blackwoodlegalaswaterford.ie,+353 51 921 5876,VALID_MX,95,EMAIL_1_SENT,Campaign 1,1,0,YES,⏳ OUTREACH SENT / WAITING,NO,,NONE,500.0,15%,75.0,DELIVERED,CLEAN,2026-08-27 16:23:09 UTC,Auto-generated v2 enterprise lead. Category: lawyer. Rev Tier: $600k - $2.5M
LEAD-0298,AutoCraft Garage & Diagnostics,Elena Johnson,None,CA,Vancouver,None (Missing),elena@autocraftgaragedvancouver.ca,+1 604 436 7237,VALID_MX,95,EMAIL_1_SENT,Campaign 1,1,0,YES,⏳ OUTREACH SENT / WAITING,NO,,NONE,500.0,15%,75.0,DELIVERED,CLEAN,2026-08-27 16:23:09 UTC,Auto-generated v2 enterprise lead. Category: car_repair. Rev Tier: $350k - $850k
LEAD-0129,Reliable Emergency Plumbing,Oliver Rodriguez,https://instagram.com/reliableemergenc,GB,Birmingham,None (Missing),contact@reliableemergencbirmingham.co.uk,+44 121 589 8639,VALID_MX,95,EMAIL_1_SENT,Campaign 1,1,0,YES,⏳ OUTREACH SENT / WAITING,NO,,NONE,500.0,15%,75.0,DELIVERED,CLEAN,2026-08-27 16:23:09 UTC,Auto-generated v2 enterprise lead. Category: plumber. Rev Tier: $250k - $750k
LEAD-0922,MasterTech Auto Service & Repair,Patrick Thompson,https://instagram.com/mastertechautose,IE,Galway,None (Missing),info@mastertechautosegalway.ie,+353 91 904 4119,VALID_MX,95,EMAIL_1_SENT,Campaign 1,1,0,YES,⏳ OUTREACH SENT / WAITING,NO,,NONE,714.0,15%,107.1,DELIVERED,CLEAN,2026-08-27 16:23:09 UTC,Auto-generated v2 enterprise lead. Category: car_repair. Rev Tier: $350k - $850k
LEAD-0682,Apex Motors Motor Works,Aoife Walsh,https://instagram.com/apexmotorsmotorw,IE,Galway,None (Missing),contact@apexmotorsmotorwgalway.ie,+353 91 285 3827,VALID_MX,95,EMAIL_1_SENT,Campaign 1,1,0,YES,⏳ OUTREACH SENT / WAITING,NO,,NONE,500.0,15%,75.0,DELIVERED,CLEAN,2026-08-27 16:23:09 UTC,Auto-generated v2 enterprise lead. Category: car_repair. Rev Tier: $350k - $850k
LEAD-0190,Apex General Contracting,Olivia Martin,https://instagram.com/apexgeneralcontr,US,New York,None (Missing),info@apexgeneralcontrnewyork.com,+1 212 602 9043,VALID_MX,95,EMAIL_1_SENT,Campaign 1,1,0,YES,⏳ OUTREACH SENT / WAITING,NO,,NONE,500.0,15%,75.0,DELIVERED,CLEAN,2026-08-27 16:23:09 UTC,Auto-generated v2 enterprise lead. Category: contractor. Rev Tier: $600k - $2.5M
LEAD-0957,Golden Crust Bakehouse,Ella Thompson,https://instagram.com/goldencrustbakeh,CA,Toronto,None (Missing),ella@goldencrustbakehtoronto.ca,+1 416 501 9360,VALID_MX,95,EMAIL_1_SENT,Campaign 1,1,0,YES,⏳ OUTREACH SENT / WAITING,NO,,NONE,500.0,15%,75.0,DELIVERED,CLEAN,2026-08-27 16:23:09 UTC,Auto-generated v2 enterprise lead. Category: bakery. Rev Tier: $200k - $550k
LEAD-0311,IronCore Health & Performance,Zoe O'Neill,None,US,Austin,None (Missing),hello@ironcorehealthpeaustin.com,+1 512 422 8794,VALID_MX,95,EMAIL_1_SENT,Campaign 1,1,0,YES,⏳ OUTREACH SENT / WAITING,NO,,NONE,500.0,15%,75.0,DELIVERED,CLEAN,2026-08-27 16:23:09 UTC,Auto-generated v2 enterprise lead. Category: gym. Rev Tier: $350k - $900k
LEAD-0605,Honey & Rye Bakery & Patisserie,Olivia Brennan,https://instagram.com/honeyryebakerypa,GB,Belfast,http://www.honeyryebakerypabelfast.co.uk,info@honeyryebakerypabelfast.co.uk,+44 28 389 9245,VALID_MX,95,EMAIL_1_SENT,Campaign 1,1,0,YES,⏳ OUTREACH SENT / WAITING,NO,,NONE,714.0,15%,107.1,DELIVERED,CLEAN,2026-08-27 16:23:09 UTC,Auto-generated v2 enterprise lead. Category: bakery. Rev Tier: $200k - $550k
LEAD-0321,QuickFlow Emergency Plumbing,Mia Williams,https://instagram.com/quickflowemergen,IE,Cork,None (Missing),info@quickflowemergencork.ie,+353 21 903 2426,VALID_MX,95,EMAIL_1_SENT,Campaign 1,1,0,YES,⏳ OUTREACH SENT / WAITING,NO,,NONE,500.0,15%,75.0,DELIVERED,CLEAN,2026-08-27 16:23:09 UTC,Auto-generated v2 enterprise lead. Category: plumber. Rev Tier: $250k - $750k
LEAD-0955,FrameCraft Photography Collective,Emma Thompson,https://instagram.com/framecraftphotog,AU,Sydney,None (Missing),hello@framecraftphotogsydney.com.au,+61 2 553 7575,VALID_MX,95,EMAIL_1_SENT,Campaign 1,1,0,YES,⏳ OUTREACH SENT / WAITING,NO,,NONE,500.0,15%,75.0,DELIVERED,CLEAN,2026-08-27 16:23:09 UTC,Auto-generated v2 enterprise lead. Category: photographer. Rev Tier: $150k - $400k
LEAD-0860,Skyline Pavilion Venue & Retreat,Daniel Kelly,https://instagram.com/skylinepavilionv,IE,Dublin,None (Missing),info@skylinepavilionvdublin.ie,+353 1 978 4745,VALID_MX,95,EMAIL_1_SENT,Campaign 1,1,0,YES,⏳ OUTREACH SENT / WAITING,NO,,NONE,500.0,15%,75.0,DELIVERED,CLEAN,2026-08-27 16:23:09 UTC,Auto-generated v2 enterprise lead. Category: event_venue. Rev Tier: $500k - $2.0M
LEAD-0734,Vanguard Building & Renovations,Ava Jones,https://instagram.com/vanguardbuilding,US,Seattle,None (Missing),enquiries@vanguardbuildingseattle.com,+1 206 890 6351,VALID_MX,95,EMAIL_1_SENT,Campaign 1,1,0,YES,⏳ OUTREACH SENT / WAITING,NO,,NONE,500.0,15%,75.0,DELIVERED,CLEAN,2026-08-27 16:23:09 UTC,Auto-generated v2 enterprise lead. Category: contractor. Rev Tier: $600k - $2.5M
LEAD-0487,Pulse Training Facility,Sean Jackson,https://instagram.com/pulsetrainingfac,GB,Manchester,None (Missing),contact@pulsetrainingfacmanchester.co.uk,+44 161 886 8606,VALID_MX,95,EMAIL_1_SENT,Campaign 1,1,0,YES,⏳ OUTREACH SENT / WAITING,NO,,NONE,500.0,15%,75.0,DELIVERED,CLEAN,2026-08-27 16:23:09 UTC,Auto-generated v2 enterprise lead. Category: gym. Rev Tier: $350k - $900k
LEAD-0444,Heritage Celebration Spaces,Elena Williams,https://instagram.com/heritagecelebrat,IE,Waterford,None (Missing),info@heritagecelebratwaterford.ie,+353 51 323 7055,VALID_MX,95,EMAIL_1_SENT,Campaign 1,1,0,YES,⏳ OUTREACH SENT / WAITING,NO,,NONE,500.0,15%,75.0,DELIVERED,CLEAN,2026-08-27 16:23:09 UTC,Auto-generated v2 enterprise lead. Category: event_venue. Rev Tier: $500k - $2.0M
LEAD-0898,Apex Roof Repairs & Cladding,Lily O'Neill,None,CA,Vancouver,None (Missing),enquiries@apexroofrepairscvancouver.ca,+1 604 873 5874,VALID_MX,95,EMAIL_1_SENT,Campaign 1,1,0,YES,⏳ OUTREACH SENT / WAITING,NO,,NONE,500.0,15%,75.0,DELIVERED,CLEAN,2026-08-27 16:23:09 UTC,Auto-generated v2 enterprise lead. Category: roofing. Rev Tier: $500k - $1.5M
LEAD-0852,Olive & Oak Grill & Tavern,Joseph Lewis,https://instagram.com/oliveoakgrilltav,US,Chicago,None (Missing),info@oliveoakgrilltavchicago.com,+1 312 637 9020,VALID_MX,95,EMAIL_1_SENT,Campaign 1,1,0,YES,⏳ OUTREACH SENT / WAITING,NO,,NONE,500.0,15%,75.0,DELIVERED,CLEAN,2026-08-27 16:23:09 UTC,Auto-generated v2 enterprise lead. Category: restaurant. Rev Tier: $400k - $1.5M
LEAD-0833,Johnson's Plumber,Thomas Johnson,None,US,Miami,None (Missing),info@johnsonsplumbermiami.com,+1 305 911 6022,VALID_MX,95,EMAIL_1_SENT,Campaign 1,1,0,YES,⏳ OUTREACH SENT / WAITING,NO,,NONE,500.0,15%,75.0,DELIVERED,CLEAN,2026-08-27 16:23:09 UTC,Auto-generated v2 enterprise lead. Category: plumber. Rev Tier: $250k - $750k
LEAD-0722,EverDry Roofing Solutions,Sarah Garcia,https://instagram.com/everdryroofingso,IE,Galway,None (Missing),enquiries@everdryroofingsogalway.ie,+353 91 490 5909,VALID_MX,95,EMAIL_1_SENT,Campaign 1,1,0,YES,⏳ OUTREACH SENT / WAITING,NO,,NONE,500.0,15%,75.0,DELIVERED,CLEAN,2026-08-27 16:23:09 UTC,Auto-generated v2 enterprise lead. Category: roofing. Rev Tier: $500k - $1.5M
LEAD-0622,SolidRock Building & Renovations,Ryan McCarthy,None,IE,Galway,None (Missing),contact@solidrockbuildingalway.ie,+353 91 923 9602,VALID_MX,95,EMAIL_1_SENT,Campaign 1,1,0,YES,⏳ OUTREACH SENT / WAITING,NO,,NONE,500.0,15%,75.0,DELIVERED,CLEAN,2026-08-27 16:23:09 UTC,Auto-generated v2 enterprise lead. Category: contractor. Rev Tier: $600k - $2.5M
LEAD-0582,Elysian Hair Studio,Emily Lewis,https://instagram.com/elysianhairstudi,IE,Galway,None (Missing),contact@elysianhairstudigalway.ie,+353 91 429 9315,VALID_MX,95,EMAIL_1_SENT,Campaign 1,1,0,YES,⏳ OUTREACH SENT / WAITING,NO,,NONE,430.0,15%,64.5,DELIVERED,CLEAN,2026-08-27 16:23:09 UTC,Auto-generated v2 enterprise lead. Category: salon. Rev Tier: $200k - $500k
LEAD-0332,Skyline Pavilion Celebration Spaces,Jack Rodriguez,https://instagram.com/skylinepavilionc,US,Chicago,None (Missing),enquiries@skylinepavilioncchicago.com,+1 312 416 3841,VALID_MX,95,EMAIL_1_SENT,Campaign 1,1,0,YES,⏳ OUTREACH SENT / WAITING,NO,,NONE,500.0,15%,75.0,DELIVERED,CLEAN,2026-08-27 16:23:09 UTC,Auto-generated v2 enterprise lead. Category: event_venue. Rev Tier: $500k - $2.0M
LEAD-0054,Velvet Hair Beauty & Hair Lounge,Conor Dunne,None,US,Seattle,None (Missing),contact@velvethairbeautyseattle.com,+1 206 432 2480,VALID_MX,95,FOLLOWUP_1_SENT,Campaign 1,2,1,YES,⏳ OUTREACH SENT / WAITING,NO,,NONE,500.0,20%,100.0,DELIVERED,CLEAN,2026-08-27 16:23:09 UTC,Auto-generated v2 enterprise lead. Category: salon. Rev Tier: $200k - $500k
LEAD-0050,Crown Roofing Solutions,Matthew O'Sullivan,None,US,New York,None (Missing),enquiries@crownroofingsolunewyork.com,+1 212 348 7284,VALID_MX,95,FOLLOWUP_1_SENT,Campaign 1,2,1,YES,⏳ OUTREACH SENT / WAITING,NO,,NONE,500.0,20%,100.0,DELIVERED,CLEAN,2026-08-27 16:23:09 UTC,Auto-generated v2 enterprise lead. Category: roofing. Rev Tier: $500k - $1.5M
LEAD-0643,VoltCraft Electricians & Automation,Ryan O'Neill,https://instagram.com/voltcraftelectri,IE,Limerick,None (Missing),contact@voltcraftelectrilimerick.ie,+353 61 311 2269,VALID_MX,95,EMAIL_1_SENT,Campaign 1,1,0,YES,⏳ OUTREACH SENT / WAITING,NO,,NONE,500.0,15%,75.0,DELIVERED,CLEAN,2026-08-27 16:23:09 UTC,Auto-generated v2 enterprise lead. Category: electrician. Rev Tier: $300k - $800k
LEAD-0350,Hall's Contractor,Mia Hall,None,US,New York,None (Missing),enquiries@hallscontractornewyork.com,+1 212 438 2180,VALID_MX,95,EMAIL_1_SENT,Campaign 1,1,0,YES,⏳ OUTREACH SENT / WAITING,NO,,NONE,500.0,15%,75.0,DELIVERED,CLEAN,2026-08-27 16:23:09 UTC,Auto-generated v2 enterprise lead. Category: contractor. Rev Tier: $600k - $2.5M
LEAD-0069,Maple & Co Cafe & Bakery,Oliver Jones,https://instagram.com/maplecocafebaker,GB,Birmingham,None (Missing),info@maplecocafebakerbirmingham.co.uk,+44 121 558 7022,VALID_MX,95,EMAIL_1_SENT,Campaign 1,1,0,YES,⏳ OUTREACH SENT / WAITING,NO,,NONE,500.0,15%,75.0,DELIVERED,CLEAN,2026-08-27 16:23:09 UTC,Auto-generated v2 enterprise lead. Category: cafe. Rev Tier: $200k - $600k
LEAD-0769,Titan Plumbing Solutions,Ethan Martinez,https://instagram.com/titanplumbingsol,GB,Birmingham,None (Missing),contact@titanplumbingsolbirmingham.co.uk,+44 121 711 2486,VALID_MX,95,EMAIL_1_SENT,Campaign 1,1,0,YES,⏳ OUTREACH SENT / WAITING,NO,,NONE,500.0,15%,75.0,DELIVERED,CLEAN,2026-08-27 16:23:09 UTC,Auto-generated v2 enterprise lead. Category: plumber. Rev Tier: $250k - $750k
LEAD-0542,Cornerstone General Contracting,Aoife Davis,None,IE,Galway,None (Missing),info@cornerstonegenergalway.ie,+353 91 876 6269,VALID_MX,95,EMAIL_1_SENT,Campaign 1,1,0,YES,⏳ OUTREACH SENT / WAITING,NO,,NONE,500.0,15%,75.0,DELIVERED,CLEAN,2026-08-27 16:23:09 UTC,Auto-generated v2 enterprise lead. Category: contractor. Rev Tier: $600k - $2.5M
LEAD-0215,Pulse CrossFit & Athletics,Thomas Walsh,None,AU,Sydney,None (Missing),hello@pulsecrossfitathsydney.com.au,+61 2 667 5850,VALID_MX,95,EMAIL_1_SENT,Campaign 1,1,0,YES,⏳ OUTREACH SENT / WAITING,NO,,NONE,500.0,15%,75.0,DELIVERED,CLEAN,2026-08-27 16:23:09 UTC,Auto-generated v2 enterprise lead. Category: gym. Rev Tier: $350k - $900k
LEAD-0108,Heritage Banqueting Hall,Hannah Quinn,None,GB,Edinburgh,None (Missing),info@heritagebanquetiedinburgh.co.uk,+44 131 797 8871,VALID_MX,95,EMAIL_1_SENT,Campaign 1,1,0,YES,⏳ OUTREACH SENT / WAITING,NO,,NONE,500.0,15%,75.0,DELIVERED,CLEAN,2026-08-27 16:23:09 UTC,Auto-generated v2 enterprise lead. Category: event_venue. Rev Tier: $500k - $2.0M
LEAD-0573,Artisan Sourdough Bakery & Patisserie,Fiona Smith,https://instagram.com/artisansourdough,US,Miami,None (Missing),fiona@artisansourdoughmiami.com,+1 305 986 8096,VALID_MX,95,EMAIL_1_SENT,Campaign 1,1,0,YES,⏳ OUTREACH SENT / WAITING,NO,,NONE,500.0,15%,75.0,DELIVERED,CLEAN,2026-08-27 16:23:09 UTC,Auto-generated v2 enterprise lead. Category: bakery. Rev Tier: $200k - $550k
LEAD-0979,ZapPro Electricians & Automation,James Martin,None,NZ,Auckland,None (Missing),enquiries@zapproelectriciaauckland.co.nz,+64 9 862 4802,VALID_MX,95,EMAIL_1_SENT,Campaign 1,1,0,YES,⏳ OUTREACH SENT / WAITING,NO,,NONE,500.0,15%,75.0,DELIVERED,CLEAN,2026-08-27 16:23:09 UTC,Auto-generated v2 enterprise lead. Category: electrician. Rev Tier: $300k - $800k
LEAD-0719,Companion Veterinary Services,Sarah Thomas,https://instagram.com/companionveterin,NZ,Auckland,None (Missing),hello@companionveterinauckland.co.nz,+64 9 241 5354,VALID_MX,95,EMAIL_1_SENT,Campaign 1,1,0,YES,⏳ OUTREACH SENT / WAITING,NO,,NONE,500.0,15%,75.0,DELIVERED,CLEAN,2026-08-27 16:23:09 UTC,Auto-generated v2 enterprise lead. Category: veterinary. Rev Tier: $450k - $1.3M
LEAD-0693,Murphy's Cafe,Ella Murphy,None,US,Miami,None (Missing),hello@murphyscafemiami.com,+1 305 986 4852,VALID_MX,95,EMAIL_1_SENT,Campaign 1,1,0,YES,⏳ OUTREACH SENT / WAITING,NO,,NONE,500.0,15%,75.0,DELIVERED,CLEAN,2026-08-27 16:23:09 UTC,Auto-generated v2 enterprise lead. Category: cafe. Rev Tier: $200k - $600k
LEAD-0410,MasterTech Auto Service & Repair,William Jackson,None,US,New York,None (Missing),contact@mastertechautosenewyork.com,+1 212 374 2922,VALID_MX,95,EMAIL_1_SENT,Campaign 1,1,0,YES,⏳ OUTREACH SENT / WAITING,NO,,NONE,500.0,15%,75.0,DELIVERED,CLEAN,2026-08-27 16:23:09 UTC,Auto-generated v2 enterprise lead. Category: car_repair. Rev Tier: $350k - $850k
LEAD-0037,Corner Perk Artisan Roasters,Joseph Dunne,None,CA,Toronto,None (Missing),info@cornerperkartisatoronto.ca,+1 416 706 6325,VALID_MX,95,FOLLOWUP_2_SENT,Campaign 1,4,3,NO,⏳ OUTREACH SENT / WAITING,NO,,NONE,500.0,20%,100.0,DELIVERED,CLEAN,2026-08-27 16:23:09 UTC,Auto-generated v2 enterprise lead. Category: cafe. Rev Tier: $200k - $600k
LEAD-0026,Apex Motors Auto Care Center,Noah Walker,None,GB,London,None (Missing),hello@apexmotorsautocalondon.co.uk,+44 20 874 2389,VALID_MX,95,PRICING_REQUEST,Campaign 1,1,0,NO,🔥 HOT / APPROACHING,YES,2026-08-27 15:20 UTC,QUESTION,500.0,40%,200.0,DELIVERED,CLEAN,2026-08-27 16:23:09 UTC,Auto-generated v2 enterprise lead. Category: car_repair. Rev Tier: $350k - $850k
LEAD-0341,Steam & Sugar Artisan Roasters,Lucas Garcia,https://instagram.com/steamsugarartisa,IE,Cork,None (Missing),info@steamsugarartisacork.ie,+353 21 461 7408,VALID_MX,95,EMAIL_1_SENT,Campaign 1,1,0,YES,⏳ OUTREACH SENT / WAITING,NO,,NONE,500.0,15%,75.0,DELIVERED,CLEAN,2026-08-27 16:23:09 UTC,Auto-generated v2 enterprise lead. Category: cafe. Rev Tier: $200k - $600k
LEAD-0448,Williams's Dentist,Liam Williams,None,GB,Edinburgh,None (Missing),info@williamssdentistedinburgh.co.uk,+44 131 481 4371,VALID_MX,95,EMAIL_1_SENT,Campaign 1,1,0,YES,⏳ OUTREACH SENT / WAITING,NO,,NONE,500.0,15%,75.0,DELIVERED,CLEAN,2026-08-27 16:23:09 UTC,Auto-generated v2 enterprise lead. Category: dentist. Rev Tier: $400k - $1.2M
LEAD-0306,EverDry Roofing Contractors,William O'Neill,None,GB,London,None (Missing),enquiries@everdryroofingcolondon.co.uk,+44 20 311 8399,VALID_MX,95,EMAIL_1_SENT,Campaign 1,1,0,YES,⏳ OUTREACH SENT / WAITING,NO,,NONE,500.0,15%,75.0,DELIVERED,CLEAN,2026-08-27 16:23:09 UTC,Auto-generated v2 enterprise lead. Category: roofing. Rev Tier: $500k - $1.5M
LEAD-0805,Anderson's Cafe,Daniel Anderson,https://instagram.com/andersonscafe,GB,Belfast,None (Missing),info@andersonscafebelfast.co.uk,+44 28 907 6781,VALID_MX,95,EMAIL_1_SENT,Campaign 1,1,0,YES,⏳ OUTREACH SENT / WAITING,NO,,NONE,500.0,15%,75.0,DELIVERED,CLEAN,2026-08-27 16:23:09 UTC,Auto-generated v2 enterprise lead. Category: cafe. Rev Tier: $200k - $600k
LEAD-0418,Skyline Roofing Contractors,Grace Robinson,None,CA,Vancouver,None (Missing),contact@skylineroofingcovancouver.ca,+1 604 357 1473,VALID_MX,95,EMAIL_1_SENT,Campaign 1,1,0,YES,⏳ OUTREACH SENT / WAITING,NO,,NONE,500.0,15%,75.0,DELIVERED,CLEAN,2026-08-27 16:23:09 UTC,Auto-generated v2 enterprise lead. Category: roofing. Rev Tier: $500k - $1.5M
LEAD-0926,Cornerstone Home Builders,Conor Lynch,None,GB,London,None (Missing),info@cornerstonehomeblondon.co.uk,+44 20 616 4406,VALID_MX,95,EMAIL_1_SENT,Campaign 1,1,0,YES,⏳ OUTREACH SENT / WAITING,NO,,NONE,500.0,15%,75.0,DELIVERED,CLEAN,2026-08-27 16:23:09 UTC,Auto-generated v2 enterprise lead. Category: contractor. Rev Tier: $600k - $2.5M
LEAD-0909,La Brioche Artisan Bakery,Liam Thompson,None,GB,Birmingham,None (Missing),enquiries@labriocheartisanbirmingham.co.uk,+44 121 549 1023,VALID_MX,95,EMAIL_1_SENT,Campaign 1,1,0,YES,⏳ OUTREACH SENT / WAITING,NO,,NONE,500.0,15%,75.0,DELIVERED,CLEAN,2026-08-27 16:23:09 UTC,Auto-generated v2 enterprise lead. Category: bakery. Rev Tier: $200k - $550k
LEAD-0891,Aperture Photography Collective,Alexander Walsh,None,US,Austin,None (Missing),info@aperturephotograaustin.com,+1 512 983 8393,VALID_MX,95,EMAIL_1_SENT,Campaign 1,1,0,YES,⏳ OUTREACH SENT / WAITING,NO,,NONE,500.0,15%,75.0,DELIVERED,CLEAN,2026-08-27 16:23:09 UTC,Auto-generated v2 enterprise lead. Category: photographer. Rev Tier: $150k - $400k
LEAD-0871,IronCore Fitness Club,Grace Anderson,https://instagram.com/ironcorefitnessc,US,Austin,None (Missing),contact@ironcorefitnesscaustin.com,+1 512 212 3178,VALID_MX,95,EMAIL_1_SENT,Campaign 1,1,0,YES,⏳ OUTREACH SENT / WAITING,NO,,NONE,425.0,15%,63.75,DELIVERED,CLEAN,2026-08-27 16:23:09 UTC,Auto-generated v2 enterprise lead. Category: gym. Rev Tier: $350k - $900k
LEAD-0862,BuildCraft General Contracting,Daniel Brennan,https://instagram.com/buildcraftgenera,IE,Galway,None (Missing),info@buildcraftgeneragalway.ie,+353 91 475 3928,VALID_MX,95,EMAIL_1_SENT,Campaign 1,1,0,YES,⏳ OUTREACH SENT / WAITING,NO,,NONE,500.0,15%,75.0,DELIVERED,CLEAN,2026-08-27 16:23:09 UTC,Auto-generated v2 enterprise lead. Category: contractor. Rev Tier: $600k - $2.5M
LEAD-0715,Silverline Visual Media Studio,Ethan O'Sullivan,https://instagram.com/silverlinevisual,AU,Sydney,None (Missing),hello@silverlinevisualsydney.com.au,+61 2 961 3106,VALID_MX,95,EMAIL_1_SENT,Campaign 1,1,0,YES,⏳ OUTREACH SENT / WAITING,NO,,NONE,500.0,15%,75.0,DELIVERED,CLEAN,2026-08-27 16:23:09 UTC,Auto-generated v2 enterprise lead. Category: photographer. Rev Tier: $150k - $400k
LEAD-0665,Lewis's Accountant,Thomas Lewis,https://instagram.com/lewissaccountant,GB,Belfast,None (Missing),enquiries@lewissaccountantbelfast.co.uk,+44 28 819 3487,VALID_MX,95,EMAIL_1_SENT,Campaign 1,1,0,YES,⏳ OUTREACH SENT / WAITING,NO,,NONE,500.0,15%,75.0,DELIVERED,CLEAN,2026-08-27 16:23:09 UTC,Auto-generated v2 enterprise lead. Category: accountant. Rev Tier: $400k - $1.2M
LEAD-0630,Brown's Salon,Aoife Brown,None,US,New York,None (Missing),info@brownssalonnewyork.com,+1 212 441 9086,VALID_MX,95,EMAIL_1_SENT,Campaign 1,1,0,YES,⏳ OUTREACH SENT / WAITING,NO,,NONE,500.0,15%,75.0,DELIVERED,CLEAN,2026-08-27 16:23:09 UTC,Auto-generated v2 enterprise lead. Category: salon. Rev Tier: $200k - $500k
LEAD-0559,Ark Animal Clinic,Ella Lewis,https://instagram.com/arkanimalclinic,NZ,Auckland,None (Missing),info@arkanimalclinicauckland.co.nz,+64 9 440 6926,VALID_MX,95,EMAIL_1_SENT,Campaign 1,1,0,YES,⏳ OUTREACH SENT / WAITING,NO,,NONE,500.0,15%,75.0,DELIVERED,CLEAN,2026-08-27 16:23:09 UTC,Auto-generated v2 enterprise lead. Category: veterinary. Rev Tier: $450k - $1.3M
LEAD-0505,Atlas Chartered Accountants,Daniel Jackson,https://instagram.com/atlascharteredac,GB,Belfast,None (Missing),enquiries@atlascharteredacbelfast.co.uk,+44 28 311 3721,VALID_MX,95,EMAIL_1_SENT,Campaign 1,1,0,YES,⏳ OUTREACH SENT / WAITING,NO,,NONE,500.0,15%,75.0,DELIVERED,CLEAN,2026-08-27 16:23:09 UTC,Auto-generated v2 enterprise lead. Category: accountant. Rev Tier: $400k - $1.2M
LEAD-0284,The Foundry Events & Weddings,Ruby Thomas,https://instagram.com/thefoundryevents,IE,Waterford,None (Missing),enquiries@thefoundryeventswaterford.ie,+353 51 596 4110,VALID_MX,95,EMAIL_1_SENT,Campaign 1,1,0,YES,⏳ OUTREACH SENT / WAITING,NO,,NONE,500.0,15%,75.0,DELIVERED,CLEAN,2026-08-27 16:23:09 UTC,Auto-generated v2 enterprise lead. Category: event_venue. Rev Tier: $500k - $2.0M
LEAD-0273,Lee's Plumber,Joseph Lee,https://instagram.com/leesplumber,US,Miami,None (Missing),contact@leesplumbermiami.com,+1 305 693 9841,VALID_MX,95,EMAIL_1_SENT,Campaign 1,1,0,YES,⏳ OUTREACH SENT / WAITING,NO,,NONE,500.0,15%,75.0,DELIVERED,CLEAN,2026-08-27 16:23:09 UTC,Auto-generated v2 enterprise lead. Category: plumber. Rev Tier: $250k - $750k
LEAD-0124,Crystal Hall Events & Weddings,Liam Thomas,None,IE,Waterford,None (Missing),info@crystalhalleventwaterford.ie,+353 51 808 1550,VALID_MX,95,EMAIL_1_SENT,Campaign 1,1,0,YES,⏳ OUTREACH SENT / WAITING,NO,,NONE,500.0,15%,75.0,DELIVERED,CLEAN,2026-08-27 16:23:09 UTC,Auto-generated v2 enterprise lead. Category: event_venue. Rev Tier: $500k - $2.0M
LEAD-0078,Pinnacle Building & Renovations,Conor Walker,https://instagram.com/pinnaclebuilding,CA,Vancouver,None (Missing),contact@pinnaclebuildingvancouver.ca,+1 604 819 8792,VALID_MX,95,EMAIL_1_SENT,Campaign 1,1,0,YES,⏳ OUTREACH SENT / WAITING,NO,,NONE,500.0,15%,75.0,DELIVERED,CLEAN,2026-08-27 16:23:09 UTC,Auto-generated v2 enterprise lead. Category: contractor. Rev Tier: $600k - $2.5M
LEAD-0533,Velvet Bean Specialty Coffee,Mia Anderson,https://instagram.com/velvetbeanspecia,US,Miami,None (Missing),contact@velvetbeanspeciamiami.com,+1 305 336 9416,VALID_MX,95,EMAIL_1_SENT,Campaign 1,1,0,YES,⏳ OUTREACH SENT / WAITING,NO,,NONE,500.0,15%,75.0,DELIVERED,CLEAN,2026-08-27 16:23:09 UTC,Auto-generated v2 enterprise lead. Category: cafe. Rev Tier: $200k - $600k
LEAD-0527,Compassion Pet Care Center,Ciara Garcia,https://instagram.com/compassionpetcar,GB,Manchester,None (Missing),contact@compassionpetcarmanchester.co.uk,+44 161 996 5476,VALID_MX,95,EMAIL_1_SENT,Campaign 1,1,0,YES,⏳ OUTREACH SENT / WAITING,NO,,NONE,500.0,15%,75.0,DELIVERED,CLEAN,2026-08-27 16:23:09 UTC,Auto-generated v2 enterprise lead. Category: veterinary. Rev Tier: $450k - $1.3M
LEAD-0490,Walsh's Car Repair,Daniel Walsh,None,US,New York,None (Missing),hello@walshscarrepairnewyork.com,+1 212 941 3736,VALID_MX,95,EMAIL_1_SENT,Campaign 1,1,0,YES,⏳ OUTREACH SENT / WAITING,NO,,NONE,500.0,15%,75.0,DELIVERED,CLEAN,2026-08-27 16:23:09 UTC,Auto-generated v2 enterprise lead. Category: car_repair. Rev Tier: $350k - $850k
LEAD-0175,Wilson's Veterinary,Ciara Wilson,https://instagram.com/wilsonsveterinar,AU,Sydney,None (Missing),hello@wilsonsveterinarsydney.com.au,+61 2 308 3693,VALID_MX,95,EMAIL_1_SENT,Campaign 1,1,0,YES,⏳ OUTREACH SENT / WAITING,NO,,NONE,500.0,15%,75.0,DELIVERED,CLEAN,2026-08-27 16:23:09 UTC,Auto-generated v2 enterprise lead. Category: veterinary. Rev Tier: $450k - $1.3M
LEAD-0077,White's Bakery,Ethan White,https://instagram.com/whitesbakery,CA,Toronto,None (Missing),contact@whitesbakerytoronto.ca,+1 416 719 2215,VALID_MX,95,EMAIL_1_SENT,Campaign 1,1,0,YES,⏳ OUTREACH SENT / WAITING,NO,,NONE,714.0,15%,107.1,DELIVERED,CLEAN,2026-08-27 16:23:09 UTC,Auto-generated v2 enterprise lead. Category: bakery. Rev Tier: $200k - $550k
LEAD-0403,SafeWatt Power Solutions,Marcus Garcia,None,IE,Limerick,None (Missing),hello@safewattpowersollimerick.ie,+353 61 633 4571,VALID_MX,95,EMAIL_1_SENT,Campaign 1,1,0,YES,⏳ OUTREACH SENT / WAITING,NO,,NONE,500.0,15%,75.0,DELIVERED,CLEAN,2026-08-27 16:23:09 UTC,Auto-generated v2 enterprise lead. Category: electrician. Rev Tier: $300k - $800k
LEAD-0136,Blackwood Law Chambers,Samuel Kennedy,None,AU,Melbourne,None (Missing),contact@blackwoodlawchammelbourne.com.au,+61 3 216 4394,VALID_MX,95,EMAIL_1_SENT,Campaign 1,1,0,YES,⏳ OUTREACH SENT / WAITING,NO,,NONE,500.0,15%,75.0,DELIVERED,CLEAN,2026-08-27 16:23:09 UTC,Auto-generated v2 enterprise lead. Category: lawyer. Rev Tier: $600k - $2.5M
LEAD-0061,Cinnamon & Co Bakery & Patisserie,Emily Martin,https://instagram.com/cinnamoncobakery,IE,Cork,None (Missing),hello@cinnamoncobakerycork.ie,+353 21 246 1609,VALID_MX,95,EMAIL_1_SENT,Campaign 1,1,0,YES,⏳ OUTREACH SENT / WAITING,NO,,NONE,714.0,15%,107.1,DELIVERED,CLEAN,2026-08-27 16:23:09 UTC,Auto-generated v2 enterprise lead. Category: bakery. Rev Tier: $200k - $550k
LEAD-0301,Kennedy's Bakery,Alexander Kennedy,None,IE,Cork,None (Missing),contact@kennedysbakerycork.ie,+353 21 819 6395,VALID_MX,95,EMAIL_1_SENT,Campaign 1,1,0,YES,⏳ OUTREACH SENT / WAITING,NO,,NONE,500.0,15%,75.0,DELIVERED,CLEAN,2026-08-27 16:23:09 UTC,Auto-generated v2 enterprise lead. Category: bakery. Rev Tier: $200k - $550k
LEAD-0173,Golden Crust Artisan Bakery,Sean Garcia,https://instagram.com/goldencrustartis,US,Miami,None (Missing),contact@goldencrustartismiami.com,+1 305 306 4361,VALID_MX,95,EMAIL_1_SENT,Campaign 1,1,0,YES,⏳ OUTREACH SENT / WAITING,NO,,NONE,500.0,15%,75.0,DELIVERED,CLEAN,2026-08-27 16:23:09 UTC,Auto-generated v2 enterprise lead. Category: bakery. Rev Tier: $200k - $550k
LEAD-0897,ProActive Plumbing Services,Marcus Davis,https://instagram.com/proactiveplumbin,CA,Toronto,None (Missing),enquiries@proactiveplumbintoronto.ca,+1 416 817 2640,VALID_MX,95,EMAIL_1_SENT,Campaign 1,1,0,YES,⏳ OUTREACH SENT / WAITING,NO,,NONE,500.0,15%,75.0,DELIVERED,CLEAN,2026-08-27 16:23:09 UTC,Auto-generated v2 enterprise lead. Category: plumber. Rev Tier: $250k - $750k
LEAD-0661,The Beanery Artisan Roasters,Benjamin Byrne,https://instagram.com/thebeaneryartisa,IE,Cork,None (Missing),contact@thebeaneryartisacork.ie,+353 21 891 6203,VALID_MX,95,EMAIL_1_SENT,Campaign 1,1,0,YES,⏳ OUTREACH SENT / WAITING,NO,,NONE,500.0,15%,75.0,DELIVERED,CLEAN,2026-08-27 16:23:09 UTC,Auto-generated v2 enterprise lead. Category: cafe. Rev Tier: $200k - $600k
LEAD-0597,Urban Grind Cafe & Bakery,Sophie Byrne,None,CA,Toronto,None (Missing),info@urbangrindcafebatoronto.ca,+1 416 530 8138,VALID_MX,95,EMAIL_1_SENT,Campaign 1,1,0,YES,⏳ OUTREACH SENT / WAITING,NO,,NONE,500.0,15%,75.0,DELIVERED,CLEAN,2026-08-27 16:23:09 UTC,Auto-generated v2 enterprise lead. Category: cafe. Rev Tier: $200k - $600k
LEAD-0522,Precision Auto Motor Works,David Taylor,https://instagram.com/precisionautomot,IE,Galway,None (Missing),enquiries@precisionautomotgalway.ie,+353 91 911 3948,VALID_MX,95,EMAIL_1_SENT,Campaign 1,1,0,YES,⏳ OUTREACH SENT / WAITING,NO,,NONE,714.0,15%,107.1,DELIVERED,CLEAN,2026-08-27 16:23:09 UTC,Auto-generated v2 enterprise lead. Category: car_repair. Rev Tier: $350k - $850k
LEAD-0451,Current Electrical Contractors,Thomas Clark,https://instagram.com/currentelectrica,US,Austin,None (Missing),info@currentelectricaaustin.com,+1 512 525 8615,VALID_MX,95,EMAIL_1_SENT,Campaign 1,1,0,YES,⏳ OUTREACH SENT / WAITING,NO,,NONE,500.0,15%,75.0,DELIVERED,CLEAN,2026-08-27 16:23:09 UTC,Auto-generated v2 enterprise lead. Category: electrician. Rev Tier: $300k - $800k
LEAD-0245,O'Sullivan's Cafe,James O'Sullivan,https://instagram.com/osullivanscafe,GB,Belfast,None (Missing),hello@osullivanscafebelfast.co.uk,+44 28 979 8989,VALID_MX,95,EMAIL_1_SENT,Campaign 1,1,0,YES,⏳ OUTREACH SENT / WAITING,NO,,NONE,500.0,15%,75.0,DELIVERED,CLEAN,2026-08-27 16:23:09 UTC,Auto-generated v2 enterprise lead. Category: cafe. Rev Tier: $200k - $600k
LEAD-0239,Apex Animal Clinic,Thomas Jones,None,NZ,Auckland,None (Missing),hello@apexanimalclinicauckland.co.nz,+64 9 831 5140,VALID_MX,95,EMAIL_1_SENT,Campaign 1,1,0,YES,⏳ OUTREACH SENT / WAITING,NO,,NONE,500.0,15%,75.0,DELIVERED,CLEAN,2026-08-27 16:23:09 UTC,Auto-generated v2 enterprise lead. Category: veterinary. Rev Tier: $450k - $1.3M
LEAD-0010,Apex Motors Motor Works,William Lee,https://instagram.com/apexmotorsmotorw,US,New York,None (Missing),contact@apexmotorsmotorwnewyork.com,+1 212 608 7118,VALID_MX,95,FOLLOWUP_2_SENT,Campaign 1,4,3,NO,⏳ OUTREACH SENT / WAITING,NO,,NONE,500.0,20%,100.0,DELIVERED,CLEAN,2026-08-27 16:23:09 UTC,Auto-generated v2 enterprise lead. Category: car_repair. Rev Tier: $350k - $850k
LEAD-0338,Pinnacle Roofing Specialists,James Walker,None,CA,Vancouver,None (Missing),contact@pinnacleroofingsvancouver.ca,+1 604 917 4869,VALID_MX,95,EMAIL_1_SENT,Campaign 1,1,0,YES,⏳ OUTREACH SENT / WAITING,NO,,NONE,500.0,15%,75.0,DELIVERED,CLEAN,2026-08-27 16:23:09 UTC,Auto-generated v2 enterprise lead. Category: roofing. Rev Tier: $500k - $1.5M
LEAD-0774,Serenity Hair Studio,Ella Johnson,None,US,Seattle,None (Missing),contact@serenityhairstudseattle.com,+1 206 739 9715,VALID_MX,95,EMAIL_1_SENT,Campaign 1,1,0,YES,⏳ OUTREACH SENT / WAITING,NO,,NONE,500.0,15%,75.0,DELIVERED,CLEAN,2026-08-27 16:23:09 UTC,Auto-generated v2 enterprise lead. Category: salon. Rev Tier: $200k - $500k
LEAD-0413,Byrne's Bakery,Aoife Byrne,https://instagram.com/byrnesbakery,US,Miami,None (Missing),aoife@byrnesbakerymiami.com,+1 305 562 1745,VALID_MX,95,EMAIL_1_SENT,Campaign 1,1,0,YES,⏳ OUTREACH SENT / WAITING,NO,,NONE,714.0,15%,107.1,DELIVERED,CLEAN,2026-08-27 16:23:09 UTC,Auto-generated v2 enterprise lead. Category: bakery. Rev Tier: $200k - $550k
LEAD-0558,Integrity Home Builders,Zoe Lee,None,CA,Vancouver,None (Missing),enquiries@integrityhomebuivancouver.ca,+1 604 851 6463,VALID_MX,95,EMAIL_1_SENT,Campaign 1,1,0,YES,⏳ OUTREACH SENT / WAITING,NO,,NONE,500.0,15%,75.0,DELIVERED,CLEAN,2026-08-27 16:23:09 UTC,Auto-generated v2 enterprise lead. Category: contractor. Rev Tier: $600k - $2.5M
LEAD-0445,Honey & Rye Bakehouse,Aoife Martin,https://instagram.com/honeyryebakehous,GB,Belfast,None (Missing),hello@honeyryebakehousbelfast.co.uk,+44 28 957 9008,VALID_MX,95,EMAIL_1_SENT,Campaign 1,1,0,YES,⏳ OUTREACH SENT / WAITING,NO,,NONE,500.0,15%,75.0,DELIVERED,CLEAN,2026-08-27 16:23:09 UTC,Auto-generated v2 enterprise lead. Category: bakery. Rev Tier: $200k - $550k
LEAD-0541,Cinnamon & Co Artisan Bakery,Patrick Byrne,https://instagram.com/cinnamoncoartisa,IE,Cork,None (Missing),enquiries@cinnamoncoartisacork.ie,+353 21 513 4791,VALID_MX,95,EMAIL_1_SENT,Campaign 1,1,0,YES,⏳ OUTREACH SENT / WAITING,NO,,NONE,500.0,15%,75.0,DELIVERED,CLEAN,2026-08-27 16:23:09 UTC,Auto-generated v2 enterprise lead. Category: bakery. Rev Tier: $200k - $550k
LEAD-0429,The Rolling Pin Bakery & Patisserie,Ruby Doyle,https://instagram.com/therollingpinbak,GB,Birmingham,None (Missing),enquiries@therollingpinbakbirmingham.co.uk,+44 121 219 7914,VALID_MX,95,EMAIL_1_SENT,Campaign 1,1,0,YES,⏳ OUTREACH SENT / WAITING,NO,,NONE,500.0,15%,75.0,DELIVERED,CLEAN,2026-08-27 16:23:09 UTC,Auto-generated v2 enterprise lead. Category: bakery. Rev Tier: $200k - $550k
LEAD-0941,Cinnamon & Co Bakery & Patisserie,Lily Davis,None,IE,Cork,None (Missing),lily@cinnamoncobakerycork.ie,+353 21 841 8950,VALID_MX,95,EMAIL_1_SENT,Campaign 1,1,0,YES,⏳ OUTREACH SENT / WAITING,NO,,NONE,500.0,15%,75.0,DELIVERED,CLEAN,2026-08-27 16:23:09 UTC,Auto-generated v2 enterprise lead. Category: bakery. Rev Tier: $200k - $550k
LEAD-0933,Roasted Specialty Coffee,Sophie Jones,None,US,Miami,None (Missing),info@roastedspecialtymiami.com,+1 305 928 8450,VALID_MX,95,EMAIL_1_SENT,Campaign 1,1,0,YES,⏳ OUTREACH SENT / WAITING,NO,,NONE,500.0,15%,75.0,DELIVERED,CLEAN,2026-08-27 16:23:09 UTC,Auto-generated v2 enterprise lead. Category: cafe. Rev Tier: $200k - $600k
LEAD-0623,Rodriguez's Veterinary,Ethan Rodriguez,None,IE,Limerick,None (Missing),ethan@rodriguezsveterilimerick.ie,+353 61 683 3955,VALID_MX,95,EMAIL_1_SENT,Campaign 1,1,0,YES,⏳ OUTREACH SENT / WAITING,NO,,NONE,500.0,15%,75.0,DELIVERED,CLEAN,2026-08-27 16:23:09 UTC,Auto-generated v2 enterprise lead. Category: veterinary. Rev Tier: $450k - $1.3M
LEAD-0515,Spark Electrical Contractors,Matthew Taylor,None,AU,Sydney,None (Missing),matthew@sparkelectricalcsydney.com.au,+61 2 260 6458,VALID_MX,95,EMAIL_1_SENT,Campaign 1,1,0,YES,⏳ OUTREACH SENT / WAITING,NO,,NONE,500.0,15%,75.0,DELIVERED,CLEAN,2026-08-27 16:23:09 UTC,Auto-generated v2 enterprise lead. Category: electrician. Rev Tier: $300k - $800k
LEAD-0343,Brennan's Gym,Oliver Brennan,None,IE,Limerick,None (Missing),info@brennansgymlimerick.ie,+353 61 819 3128,VALID_MX,95,EMAIL_1_SENT,Campaign 1,1,0,YES,⏳ OUTREACH SENT / WAITING,NO,,NONE,500.0,15%,75.0,DELIVERED,CLEAN,2026-08-27 16:23:09 UTC,Auto-generated v2 enterprise lead. Category: gym. Rev Tier: $350k - $900k
LEAD-0563,Elite Electricians & Automation,Ethan Anderson,None,IE,Limerick,None (Missing),contact@eliteelectricianlimerick.ie,+353 61 294 9544,VALID_MX,95,EMAIL_1_SENT,Campaign 1,1,0,YES,⏳ OUTREACH SENT / WAITING,NO,,NONE,500.0,15%,75.0,DELIVERED,CLEAN,2026-08-27 16:23:09 UTC,Auto-generated v2 enterprise lead. Category: electrician. Rev Tier: $300k - $800k
LEAD-0397,Traditional Bakery & Patisserie,Grace Anderson,https://instagram.com/traditionalbaker,CA,Toronto,None (Missing),enquiries@traditionalbakertoronto.ca,+1 416 297 6518,VALID_MX,95,EMAIL_1_SENT,Campaign 1,1,0,YES,⏳ OUTREACH SENT / WAITING,NO,,NONE,500.0,15%,75.0,DELIVERED,CLEAN,2026-08-27 16:23:09 UTC,Auto-generated v2 enterprise lead. Category: bakery. Rev Tier: $200k - $550k
LEAD-0427,Martin's Photographer,Patrick Martin,None,GB,Manchester,None (Missing),patrick@martinsphotograpmanchester.co.uk,+44 161 632 1357,VALID_MX,95,EMAIL_1_SENT,Campaign 1,1,0,YES,⏳ OUTREACH SENT / WAITING,NO,,NONE,500.0,15%,75.0,DELIVERED,CLEAN,2026-08-27 16:23:09 UTC,Auto-generated v2 enterprise lead. Category: photographer. Rev Tier: $150k - $400k
LEAD-0079,Ark Animal Clinic,Noah Gallagher,None,NZ,Auckland,None (Missing),contact@arkanimalclinicauckland.co.nz,+64 9 581 5634,VALID_MX,95,EMAIL_1_SENT,Campaign 1,1,0,YES,⏳ OUTREACH SENT / WAITING,NO,,NONE,500.0,15%,75.0,DELIVERED,CLEAN,2026-08-27 16:23:09 UTC,Auto-generated v2 enterprise lead. Category: veterinary. Rev Tier: $450k - $1.3M
LEAD-0851,ProPower Electrical Contractors,Joseph Hall,None,US,Austin,None (Missing),hello@propowerelectricaustin.com,+1 512 460 2180,VALID_MX,95,EMAIL_1_SENT,Campaign 1,1,0,YES,⏳ OUTREACH SENT / WAITING,NO,,NONE,500.0,15%,75.0,DELIVERED,CLEAN,2026-08-27 16:23:09 UTC,Auto-generated v2 enterprise lead. Category: electrician. Rev Tier: $300k - $800k
LEAD-0727,IronCore CrossFit & Athletics,Olivia Robinson,None,GB,Manchester,None (Missing),olivia@ironcorecrossfitmanchester.co.uk,+44 161 591 6336,VALID_MX,95,EMAIL_1_SENT,Campaign 1,1,0,YES,⏳ OUTREACH SENT / WAITING,NO,,NONE,500.0,15%,75.0,DELIVERED,CLEAN,2026-08-27 16:23:09 UTC,Auto-generated v2 enterprise lead. Category: gym. Rev Tier: $350k - $900k
LEAD-0356,Trattoria Grill & Tavern,Oliver Lee,None,AU,Melbourne,None (Missing),enquiries@trattoriagrilltamelbourne.com.au,+61 3 976 8424,VALID_MX,95,EMAIL_1_SENT,Campaign 1,1,0,YES,⏳ OUTREACH SENT / WAITING,NO,,NONE,500.0,15%,75.0,DELIVERED,CLEAN,2026-08-27 16:23:09 UTC,Auto-generated v2 enterprise lead. Category: restaurant. Rev Tier: $400k - $1.5M
LEAD-0989,Flour Power Bakery & Patisserie,William Quinn,https://instagram.com/flourpowerbakery,GB,Birmingham,None (Missing),hello@flourpowerbakerybirmingham.co.uk,+44 121 784 3856,VALID_MX,95,EMAIL_1_SENT,Campaign 1,1,0,YES,⏳ OUTREACH SENT / WAITING,NO,,NONE,714.0,15%,107.1,DELIVERED,CLEAN,2026-08-27 16:23:09 UTC,Auto-generated v2 enterprise lead. Category: bakery. Rev Tier: $200k - $550k
LEAD-0315,Anderson's Photographer,Ruby Anderson,None,AU,Sydney,None (Missing),info@andersonsphotogrsydney.com.au,+61 2 321 1392,VALID_MX,95,EMAIL_1_SENT,Campaign 1,1,0,YES,⏳ OUTREACH SENT / WAITING,NO,,NONE,500.0,15%,75.0,DELIVERED,CLEAN,2026-08-27 16:23:09 UTC,Auto-generated v2 enterprise lead. Category: photographer. Rev Tier: $150k - $400k
LEAD-0701,La Brioche Bakehouse,Ruby McCarthy,https://instagram.com/labriochebakehou,IE,Cork,None (Missing),info@labriochebakehoucork.ie,+353 21 583 8748,VALID_MX,95,EMAIL_1_SENT,Campaign 1,1,0,YES,⏳ OUTREACH SENT / WAITING,NO,,NONE,500.0,15%,75.0,DELIVERED,CLEAN,2026-08-27 16:23:09 UTC,Auto-generated v2 enterprise lead. Category: bakery. Rev Tier: $200k - $550k
LEAD-0973,Quinn's Bakery,Chloe Quinn,https://instagram.com/quinnsbakery,US,Miami,None (Missing),info@quinnsbakerymiami.com,+1 305 288 6967,VALID_MX,95,EMAIL_1_SENT,Campaign 1,1,0,YES,⏳ OUTREACH SENT / WAITING,NO,,NONE,714.0,15%,107.1,DELIVERED,CLEAN,2026-08-27 16:23:09 UTC,Auto-generated v2 enterprise lead. Category: bakery. Rev Tier: $200k - $550k
LEAD-0845,Cinnamon & Co Bakery & Patisserie,Conor Thompson,None,GB,Belfast,None (Missing),hello@cinnamoncobakerybelfast.co.uk,+44 28 887 7122,VALID_MX,95,EMAIL_1_SENT,Campaign 1,1,0,YES,⏳ OUTREACH SENT / WAITING,NO,,NONE,500.0,15%,75.0,DELIVERED,CLEAN,2026-08-27 16:23:09 UTC,Auto-generated v2 enterprise lead. Category: bakery. Rev Tier: $200k - $550k
LEAD-0731,Epic Wedding & Portrait Studio,Zoe Byrne,None,US,Austin,None (Missing),enquiries@epicweddingportraustin.com,+1 512 582 1265,VALID_MX,95,EMAIL_1_SENT,Campaign 1,1,0,YES,⏳ OUTREACH SENT / WAITING,NO,,NONE,500.0,15%,75.0,DELIVERED,CLEAN,2026-08-27 16:23:09 UTC,Auto-generated v2 enterprise lead. Category: photographer. Rev Tier: $150k - $400k
LEAD-0775,Pulse CrossFit & Athletics,Liam Doyle,None,AU,Sydney,None (Missing),enquiries@pulsecrossfitathsydney.com.au,+61 2 695 7370,VALID_MX,95,EMAIL_1_SENT,Campaign 1,1,0,YES,⏳ OUTREACH SENT / WAITING,NO,,NONE,500.0,15%,75.0,DELIVERED,CLEAN,2026-08-27 16:23:09 UTC,Auto-generated v2 enterprise lead. Category: gym. Rev Tier: $350k - $900k
LEAD-0070,Garcia's Salon,Ethan Garcia,None,US,New York,None (Missing),hello@garciassalonnewyork.com,+1 212 346 7566,VALID_MX,95,EMAIL_1_SENT,Campaign 1,1,0,YES,⏳ OUTREACH SENT / WAITING,NO,,NONE,500.0,15%,75.0,DELIVERED,CLEAN,2026-08-27 16:23:09 UTC,Auto-generated v2 enterprise lead. Category: salon. Rev Tier: $200k - $500k
LEAD-0223,Meadow Veterinary Hospital,Lily Gallagher,None,IE,Limerick,None (Missing),info@meadowveterinarylimerick.ie,+353 61 368 9067,VALID_MX,95,EMAIL_1_SENT,Campaign 1,1,0,YES,⏳ OUTREACH SENT / WAITING,NO,,NONE,500.0,15%,75.0,DELIVERED,CLEAN,2026-08-27 16:23:09 UTC,Auto-generated v2 enterprise lead. Category: veterinary. Rev Tier: $450k - $1.3M
LEAD-0162,Apex Roofing Contractors,Emma Jones,None,IE,Galway,None (Missing),enquiries@apexroofingcontrgalway.ie,+353 91 865 3688,VALID_MX,95,EMAIL_1_SENT,Campaign 1,1,0,YES,⏳ OUTREACH SENT / WAITING,NO,,NONE,500.0,15%,75.0,DELIVERED,CLEAN,2026-08-27 16:23:09 UTC,Auto-generated v2 enterprise lead. Category: roofing. Rev Tier: $500k - $1.5M
LEAD-0702,Cornerstone Home Builders,Benjamin Taylor,None,IE,Galway,None (Missing),hello@cornerstonehomebgalway.ie,+353 91 481 5375,VALID_MX,95,EMAIL_1_SENT,Campaign 1,1,0,YES,⏳ OUTREACH SENT / WAITING,NO,,NONE,500.0,15%,75.0,DELIVERED,CLEAN,2026-08-27 16:23:09 UTC,Auto-generated v2 enterprise lead. Category: contractor. Rev Tier: $600k - $2.5M
LEAD-0297,Meridian Accounting & Advisory,Jack Quinn,None,CA,Toronto,None (Missing),contact@meridianaccountitoronto.ca,+1 416 374 1984,VALID_MX,95,EMAIL_1_SENT,Campaign 1,1,0,YES,⏳ OUTREACH SENT / WAITING,NO,,NONE,500.0,15%,75.0,DELIVERED,CLEAN,2026-08-27 16:23:09 UTC,Auto-generated v2 enterprise lead. Category: accountant. Rev Tier: $400k - $1.2M
LEAD-0685,Sweet Hearth Artisan Bakery,Noah Jackson,https://instagram.com/sweethearthartis,GB,Belfast,None (Missing),contact@sweethearthartisbelfast.co.uk,+44 28 792 6957,VALID_MX,95,EMAIL_1_SENT,Campaign 1,1,0,YES,⏳ OUTREACH SENT / WAITING,NO,,NONE,500.0,15%,75.0,DELIVERED,CLEAN,2026-08-27 16:23:09 UTC,Auto-generated v2 enterprise lead. Category: bakery. Rev Tier: $200k - $550k
LEAD-0705,BlueLine Plumbing Services,Liam Jones,None,GB,Belfast,None (Missing),enquiries@bluelineplumbingbelfast.co.uk,+44 28 560 8070,VALID_MX,95,EMAIL_1_SENT,Campaign 1,1,0,YES,⏳ OUTREACH SENT / WAITING,NO,,NONE,500.0,15%,75.0,DELIVERED,CLEAN,2026-08-27 16:23:09 UTC,Auto-generated v2 enterprise lead. Category: plumber. Rev Tier: $250k - $750k
LEAD-0111,Companion Veterinary Services,Ethan Harris,None,US,Austin,None (Missing),contact@companionveterinaustin.com,+1 512 691 6714,VALID_MX,95,EMAIL_1_SENT,Campaign 1,1,0,YES,⏳ OUTREACH SENT / WAITING,NO,,NONE,500.0,15%,75.0,DELIVERED,CLEAN,2026-08-27 16:23:09 UTC,Auto-generated v2 enterprise lead. Category: veterinary. Rev Tier: $450k - $1.3M
LEAD-0895,Guardian Animal Clinic,Lily Williams,None,AU,Sydney,None (Missing),lily@guardiananimalclsydney.com.au,+61 2 706 6582,VALID_MX,95,EMAIL_1_SENT,Campaign 1,1,0,YES,⏳ OUTREACH SENT / WAITING,NO,,NONE,500.0,15%,75.0,DELIVERED,CLEAN,2026-08-27 16:23:09 UTC,Auto-generated v2 enterprise lead. Category: veterinary. Rev Tier: $450k - $1.3M
LEAD-0307,BrightLine Electrical Contractors,Noah Rodriguez,None,GB,Manchester,None (Missing),noah@brightlineelectrmanchester.co.uk,+44 161 370 7921,VALID_MX,95,EMAIL_1_SENT,Campaign 1,1,0,YES,⏳ OUTREACH SENT / WAITING,NO,,NONE,500.0,15%,75.0,DELIVERED,CLEAN,2026-08-27 16:23:09 UTC,Auto-generated v2 enterprise lead. Category: electrician. Rev Tier: $300k - $800k
LEAD-0114,IronClad Roofing Contractors,Olivia Thompson,None,US,Seattle,None (Missing),info@ironcladroofingcseattle.com,+1 206 867 4804,VALID_MX,95,EMAIL_1_SENT,Campaign 1,1,0,YES,⏳ OUTREACH SENT / WAITING,NO,,NONE,500.0,15%,75.0,DELIVERED,CLEAN,2026-08-27 16:23:09 UTC,Auto-generated v2 enterprise lead. Category: roofing. Rev Tier: $500k - $1.5M
LEAD-0986,MasterTech Auto Service & Repair,Joseph Quinn,None,GB,London,None (Missing),contact@mastertechautoselondon.co.uk,+44 20 386 3826,VALID_MX,95,EMAIL_1_SENT,Campaign 1,1,0,YES,⏳ OUTREACH SENT / WAITING,NO,,NONE,500.0,15%,75.0,DELIVERED,CLEAN,2026-08-27 16:23:09 UTC,Auto-generated v2 enterprise lead. Category: car_repair. Rev Tier: $350k - $850k
LEAD-0604,Oasis Banqueting Hall,Conor Kennedy,None,IE,Waterford,None (Missing),info@oasisbanquetinghwaterford.ie,+353 51 744 2655,VALID_MX,95,EMAIL_1_SENT,Campaign 1,1,0,YES,⏳ OUTREACH SENT / WAITING,NO,,NONE,500.0,15%,75.0,DELIVERED,CLEAN,2026-08-27 16:23:09 UTC,Auto-generated v2 enterprise lead. Category: event_venue. Rev Tier: $500k - $2.0M
LEAD-0877,Artisan Sourdough Pastry Studio,Michael Garcia,None,CA,Toronto,None (Missing),enquiries@artisansourdoughtoronto.ca,+1 416 585 2357,VALID_MX,95,EMAIL_1_SENT,Campaign 1,1,0,YES,⏳ OUTREACH SENT / WAITING,NO,,NONE,500.0,15%,75.0,DELIVERED,CLEAN,2026-08-27 16:23:09 UTC,Auto-generated v2 enterprise lead. Category: bakery. Rev Tier: $200k - $550k
LEAD-0540,The Barn Events & Weddings,Ava Wilson,None,IE,Dublin,None (Missing),enquiries@thebarneventsweddublin.ie,+353 1 825 3968,VALID_MX,95,EMAIL_1_SENT,Campaign 1,1,0,YES,⏳ OUTREACH SENT / WAITING,NO,,NONE,500.0,15%,75.0,DELIVERED,CLEAN,2026-08-27 16:23:09 UTC,Auto-generated v2 enterprise lead. Category: event_venue. Rev Tier: $500k - $2.0M
LEAD-0765,Traditional Artisan Bakery,Noah Doyle,https://instagram.com/traditionalartis,GB,Belfast,None (Missing),info@traditionalartisbelfast.co.uk,+44 28 375 1362,VALID_MX,95,EMAIL_1_SENT,Campaign 1,1,0,YES,⏳ OUTREACH SENT / WAITING,NO,,NONE,500.0,15%,75.0,DELIVERED,CLEAN,2026-08-27 16:23:09 UTC,Auto-generated v2 enterprise lead. Category: bakery. Rev Tier: $200k - $550k
LEAD-0669,Golden Crust Pastry Studio,William Lewis,None,GB,Birmingham,None (Missing),hello@goldencrustpastrbirmingham.co.uk,+44 121 973 9007,VALID_MX,95,EMAIL_1_SENT,Campaign 1,1,0,YES,⏳ OUTREACH SENT / WAITING,NO,,NONE,500.0,15%,75.0,DELIVERED,CLEAN,2026-08-27 16:23:09 UTC,Auto-generated v2 enterprise lead. Category: bakery. Rev Tier: $200k - $550k
LEAD-0621,Honey & Rye Artisan Bakery,James Murphy,None,IE,Cork,None (Missing),info@honeyryeartisanbcork.ie,+353 21 777 7380,VALID_MX,95,EMAIL_1_SENT,Campaign 1,1,0,YES,⏳ OUTREACH SENT / WAITING,NO,,NONE,500.0,15%,75.0,DELIVERED,CLEAN,2026-08-27 16:23:09 UTC,Auto-generated v2 enterprise lead. Category: bakery. Rev Tier: $200k - $550k
LEAD-0099,Lumina Electricians & Automation,James Martin,None,NZ,Auckland,None (Missing),contact@luminaelectriciaauckland.co.nz,+64 9 926 4694,VALID_MX,95,EMAIL_1_SENT,Campaign 1,1,0,YES,⏳ OUTREACH SENT / WAITING,NO,,NONE,500.0,15%,75.0,DELIVERED,CLEAN,2026-08-27 16:23:09 UTC,Auto-generated v2 enterprise lead. Category: electrician. Rev Tier: $300k - $800k
LEAD-0022,Luxe Hair Designers,Fiona Clark,None,IE,Galway,None (Missing),hello@luxehairdesignergalway.ie,+353 91 404 8541,VALID_MX,95,PRICING_REQUEST,Campaign 1,1,0,NO,🔥 HOT / APPROACHING,YES,2026-08-27 15:20 UTC,QUESTION,500.0,40%,200.0,DELIVERED,CLEAN,2026-08-27 16:23:09 UTC,Auto-generated v2 enterprise lead. Category: salon. Rev Tier: $200k - $500k
LEAD-0177,ProActive Plumbing Solutions,Lily Thomas,None,CA,Toronto,None (Missing),info@proactiveplumbintoronto.ca,+1 416 343 2989,VALID_MX,95,EMAIL_1_SENT,Campaign 1,1,0,YES,⏳ OUTREACH SENT / WAITING,NO,,NONE,500.0,15%,75.0,DELIVERED,CLEAN,2026-08-27 16:23:09 UTC,Auto-generated v2 enterprise lead. Category: plumber. Rev Tier: $250k - $750k
LEAD-0110,Titan Home Builders,Jack Thompson,None,US,New York,None (Missing),enquiries@titanhomebuildernewyork.com,+1 212 550 9950,VALID_MX,95,EMAIL_1_SENT,Campaign 1,1,0,YES,⏳ OUTREACH SENT / WAITING,NO,,NONE,500.0,15%,75.0,DELIVERED,CLEAN,2026-08-27 16:23:09 UTC,Auto-generated v2 enterprise lead. Category: contractor. Rev Tier: $600k - $2.5M
LEAD-0733,Sweet Hearth Bakehouse,James Garcia,None,US,Miami,None (Missing),enquiries@sweethearthbakehmiami.com,+1 305 547 8439,VALID_MX,95,EMAIL_1_SENT,Campaign 1,1,0,YES,⏳ OUTREACH SENT / WAITING,NO,,NONE,500.0,15%,75.0,DELIVERED,CLEAN,2026-08-27 16:23:09 UTC,Auto-generated v2 enterprise lead. Category: bakery. Rev Tier: $200k - $550k
LEAD-0927,Paws & Claws Veterinary Hospital,David Rodriguez,None,GB,Manchester,None (Missing),enquiries@pawsclawsveterinmanchester.co.uk,+44 161 741 1081,VALID_MX,95,EMAIL_1_SENT,Campaign 1,1,0,YES,⏳ OUTREACH SENT / WAITING,NO,,NONE,500.0,15%,75.0,DELIVERED,CLEAN,2026-08-27 16:23:09 UTC,Auto-generated v2 enterprise lead. Category: veterinary. Rev Tier: $450k - $1.3M
LEAD-0249,Charter Accounting & Advisory,Grace Brennan,None,GB,Birmingham,None (Missing),contact@charteraccountinbirmingham.co.uk,+44 121 287 4548,VALID_MX,95,EMAIL_1_SENT,Campaign 1,1,0,YES,⏳ OUTREACH SENT / WAITING,NO,,NONE,500.0,15%,75.0,DELIVERED,CLEAN,2026-08-27 16:23:09 UTC,Auto-generated v2 enterprise lead. Category: accountant. Rev Tier: $400k - $1.2M
LEAD-0945,Kennedy's Plumber,Jack Kennedy,None,GB,Belfast,None (Missing),contact@kennedysplumberbelfast.co.uk,+44 28 778 2686,VALID_MX,95,EMAIL_1_SENT,Campaign 1,1,0,YES,⏳ OUTREACH SENT / WAITING,NO,,NONE,500.0,15%,75.0,DELIVERED,CLEAN,2026-08-27 16:23:09 UTC,Auto-generated v2 enterprise lead. Category: plumber. Rev Tier: $250k - $750k
LEAD-0753,Premier Emergency Plumbing,Ella Miller,None,US,Miami,None (Missing),hello@premieremergencymiami.com,+1 305 735 2688,VALID_MX,95,EMAIL_1_SENT,Campaign 1,1,0,YES,⏳ OUTREACH SENT / WAITING,NO,,NONE,500.0,15%,75.0,DELIVERED,CLEAN,2026-08-27 16:23:09 UTC,Auto-generated v2 enterprise lead. Category: plumber. Rev Tier: $250k - $750k
LEAD-0171,FrameCraft Wedding & Portrait Studio,Ciara Kennedy,None,US,Austin,None (Missing),enquiries@framecraftweddinaustin.com,+1 512 889 1862,VALID_MX,95,EMAIL_1_SENT,Campaign 1,1,0,YES,⏳ OUTREACH SENT / WAITING,NO,,NONE,500.0,15%,75.0,DELIVERED,CLEAN,2026-08-27 16:23:09 UTC,Auto-generated v2 enterprise lead. Category: photographer. Rev Tier: $150k - $400k
LEAD-0073,Ledger & Co Chartered Accountants,Ava Davis,None,US,Miami,None (Missing),enquiries@ledgercocharteremiami.com,+1 305 920 4770,VALID_MX,95,EMAIL_1_SENT,Campaign 1,1,0,YES,⏳ OUTREACH SENT / WAITING,NO,,NONE,500.0,15%,75.0,DELIVERED,CLEAN,2026-08-27 16:23:09 UTC,Auto-generated v2 enterprise lead. Category: accountant. Rev Tier: $400k - $1.2M
LEAD-0802,EverDry Roofing Specialists,Hannah Jones,None,IE,Galway,None (Missing),info@everdryroofingspgalway.ie,+353 91 919 2241,VALID_MX,95,EMAIL_1_SENT,Campaign 1,1,0,YES,⏳ OUTREACH SENT / WAITING,NO,,NONE,500.0,15%,75.0,DELIVERED,CLEAN,2026-08-27 16:23:09 UTC,Auto-generated v2 enterprise lead. Category: roofing. Rev Tier: $500k - $1.5M
LEAD-0172,Heritage Venue & Retreat,Daniel Harris,None,US,Chicago,None (Missing),enquiries@heritagevenueretchicago.com,+1 312 448 8600,VALID_MX,95,EMAIL_1_SENT,Campaign 1,1,0,YES,⏳ OUTREACH SENT / WAITING,NO,,NONE,500.0,15%,75.0,DELIVERED,CLEAN,2026-08-27 16:23:09 UTC,Auto-generated v2 enterprise lead. Category: event_venue. Rev Tier: $500k - $2.0M
LEAD-0950,Chic Studio Hair Designers,Hannah Wilson,None,US,New York,None (Missing),enquiries@chicstudiohairdenewyork.com,+1 212 352 4942,VALID_MX,95,EMAIL_1_SENT,Campaign 1,1,0,YES,⏳ OUTREACH SENT / WAITING,NO,,NONE,500.0,15%,75.0,DELIVERED,CLEAN,2026-08-27 16:23:09 UTC,Auto-generated v2 enterprise lead. Category: salon. Rev Tier: $200k - $500k
LEAD-0187,Lumina Visual Media Studio,Chloe Walker,None,GB,Manchester,None (Missing),hello@luminavisualmedimanchester.co.uk,+44 161 455 2110,VALID_MX,95,EMAIL_1_SENT,Campaign 1,1,0,YES,⏳ OUTREACH SENT / WAITING,NO,,NONE,500.0,15%,75.0,DELIVERED,CLEAN,2026-08-27 16:23:09 UTC,Auto-generated v2 enterprise lead. Category: photographer. Rev Tier: $150k - $400k
LEAD-0870,Serenity Hair Studio,Zoe Lee,None,US,New York,None (Missing),enquiries@serenityhairstudnewyork.com,+1 212 946 9289,VALID_MX,95,EMAIL_1_SENT,Campaign 1,1,0,YES,⏳ OUTREACH SENT / WAITING,NO,,NONE,500.0,15%,75.0,DELIVERED,CLEAN,2026-08-27 16:23:09 UTC,Auto-generated v2 enterprise lead. Category: salon. Rev Tier: $200k - $500k
LEAD-0653,Artisan Sourdough Bakery & Patisserie,Ryan Harris,https://instagram.com/artisansourdough,US,Miami,None (Missing),contact@artisansourdoughmiami.com,+1 305 480 8973,VALID_MX,95,EMAIL_1_SENT,Campaign 1,1,0,YES,⏳ OUTREACH SENT / WAITING,NO,,NONE,500.0,15%,75.0,DELIVERED,CLEAN,2026-08-27 16:23:09 UTC,Auto-generated v2 enterprise lead. Category: bakery. Rev Tier: $200k - $550k
LEAD-0847,Martin's Veterinary,Chloe Martin,None,GB,Manchester,None (Missing),contact@martinsveterinarmanchester.co.uk,+44 161 681 9379,VALID_MX,95,EMAIL_1_SENT,Campaign 1,1,0,YES,⏳ OUTREACH SENT / WAITING,NO,,NONE,500.0,15%,75.0,DELIVERED,CLEAN,2026-08-27 16:23:09 UTC,Auto-generated v2 enterprise lead. Category: veterinary. Rev Tier: $450k - $1.3M
LEAD-0154,O'Neill's Car Repair,Elena O'Neill,None,US,Seattle,None (Missing),enquiries@oneillscarrepairseattle.com,+1 206 423 7965,VALID_MX,95,EMAIL_1_SENT,Campaign 1,1,0,YES,⏳ OUTREACH SENT / WAITING,NO,,NONE,500.0,15%,75.0,DELIVERED,CLEAN,2026-08-27 16:23:09 UTC,Auto-generated v2 enterprise lead. Category: car_repair. Rev Tier: $350k - $850k
LEAD-0029,Honey & Rye Bakehouse,Matthew Walker,https://instagram.com/honeyryebakehous,GB,Birmingham,None (Missing),contact@honeyryebakehousbirmingham.co.uk,+44 121 984 9540,VALID_MX,95,PRICING_REQUEST,Campaign 1,1,0,NO,🔥 HOT / APPROACHING,YES,2026-08-27 15:20 UTC,QUESTION,500.0,40%,200.0,DELIVERED,CLEAN,2026-08-27 16:23:09 UTC,Auto-generated v2 enterprise lead. Category: bakery. Rev Tier: $200k - $550k
LEAD-0574,Taylor's Contractor,James Taylor,None,US,Seattle,None (Missing),enquiries@taylorscontractoseattle.com,+1 206 992 7230,VALID_MX,95,EMAIL_1_SENT,Campaign 1,1,0,YES,⏳ OUTREACH SENT / WAITING,NO,,NONE,500.0,15%,75.0,DELIVERED,CLEAN,2026-08-27 16:23:09 UTC,Auto-generated v2 enterprise lead. Category: contractor. Rev Tier: $600k - $2.5M
LEAD-0493,SugarCraft Bakery & Patisserie,Matthew Walsh,https://instagram.com/sugarcraftbakery,US,Miami,None (Missing),enquiries@sugarcraftbakerymiami.com,+1 305 799 8354,VALID_MX,95,EMAIL_1_SENT,Campaign 1,1,0,YES,⏳ OUTREACH SENT / WAITING,NO,,NONE,714.0,15%,107.1,DELIVERED,CLEAN,2026-08-27 16:23:09 UTC,Auto-generated v2 enterprise lead. Category: bakery. Rev Tier: $200k - $550k
LEAD-0381,Golden Crust Artisan Bakery,David Brown,None,IE,Cork,None (Missing),contact@goldencrustartiscork.ie,+353 21 519 6940,VALID_MX,95,EMAIL_1_SENT,Campaign 1,1,0,YES,⏳ OUTREACH SENT / WAITING,NO,,NONE,500.0,15%,75.0,DELIVERED,CLEAN,2026-08-27 16:23:09 UTC,Auto-generated v2 enterprise lead. Category: bakery. Rev Tier: $200k - $550k
LEAD-0718,EverBuilt General Contracting,Elena Kelly,None,CA,Vancouver,None (Missing),contact@everbuiltgeneralvancouver.ca,+1 604 719 2100,VALID_MX,95,EMAIL_1_SENT,Campaign 1,1,0,YES,⏳ OUTREACH SENT / WAITING,NO,,NONE,500.0,15%,75.0,DELIVERED,CLEAN,2026-08-27 16:23:09 UTC,Auto-generated v2 enterprise lead. Category: contractor. Rev Tier: $600k - $2.5M
LEAD-0157,Artisan Sourdough Pastry Studio,Grace Doyle,None,CA,Toronto,None (Missing),grace@artisansourdoughtoronto.ca,+1 416 584 8405,VALID_MX,95,EMAIL_1_SENT,Campaign 1,1,0,YES,⏳ OUTREACH SENT / WAITING,NO,,NONE,500.0,15%,75.0,DELIVERED,CLEAN,2026-08-27 16:23:09 UTC,Auto-generated v2 enterprise lead. Category: bakery. Rev Tier: $200k - $550k
LEAD-0668,Crystal Hall Events & Weddings,Zoe Quinn,None,GB,Edinburgh,None (Missing),hello@crystalhalleventedinburgh.co.uk,+44 131 612 8758,VALID_MX,95,EMAIL_1_SENT,Campaign 1,1,0,YES,⏳ OUTREACH SENT / WAITING,NO,,NONE,500.0,15%,75.0,DELIVERED,CLEAN,2026-08-27 16:23:09 UTC,Auto-generated v2 enterprise lead. Category: event_venue. Rev Tier: $500k - $2.0M
LEAD-0106,Dynamic Auto Care Center,James Wilson,None,GB,London,None (Missing),enquiries@dynamicautocareclondon.co.uk,+44 20 241 1742,VALID_MX,95,EMAIL_1_SENT,Campaign 1,1,0,YES,⏳ OUTREACH SENT / WAITING,NO,,NONE,500.0,15%,75.0,DELIVERED,CLEAN,2026-08-27 16:23:09 UTC,Auto-generated v2 enterprise lead. Category: car_repair. Rev Tier: $350k - $850k
LEAD-0868,Walsh's Restaurant,Ava Walsh,None,GB,Edinburgh,None (Missing),contact@walshsrestaurantedinburgh.co.uk,+44 131 724 8816,VALID_MX,95,EMAIL_1_SENT,Campaign 1,1,0,YES,⏳ OUTREACH SENT / WAITING,NO,,NONE,500.0,15%,75.0,DELIVERED,CLEAN,2026-08-27 16:23:09 UTC,Auto-generated v2 enterprise lead. Category: restaurant. Rev Tier: $400k - $1.5M
LEAD-0781,The Rolling Pin Bakery & Patisserie,David Rodriguez,https://instagram.com/therollingpinbak,IE,Cork,None (Missing),enquiries@therollingpinbakcork.ie,+353 21 709 4289,VALID_MX,95,EMAIL_1_SENT,Campaign 1,1,0,YES,⏳ OUTREACH SENT / WAITING,NO,,NONE,500.0,15%,75.0,DELIVERED,CLEAN,2026-08-27 16:23:09 UTC,Auto-generated v2 enterprise lead. Category: bakery. Rev Tier: $200k - $550k
LEAD-0117,Wild Flour Cafe & Bakery,Emma O'Sullivan,None,CA,Toronto,None (Missing),info@wildflourcafebaktoronto.ca,+1 416 467 7284,VALID_MX,95,EMAIL_1_SENT,Campaign 1,1,0,YES,⏳ OUTREACH SENT / WAITING,NO,,NONE,500.0,15%,75.0,DELIVERED,CLEAN,2026-08-27 16:23:09 UTC,Auto-generated v2 enterprise lead. Category: cafe. Rev Tier: $200k - $600k
LEAD-0728,O'Sullivan's Lawyer,Ella O'Sullivan,https://instagram.com/osullivanslawyer,GB,Edinburgh,https://www.osullivanslawyeredinburgh.co.uk,ella@osullivanslawyeredinburgh.co.uk,+44 131 455 5589,VALID_MX,95,EMAIL_1_SENT,Campaign 1,1,0,YES,⏳ OUTREACH SENT / WAITING,NO,,NONE,500.0,15%,75.0,DELIVERED,CLEAN,2026-08-27 16:23:09 UTC,Auto-generated v2 enterprise lead. Category: lawyer. Rev Tier: $600k - $2.5M
LEAD-0709,Wild Flour Specialty Coffee,Matthew Smith,None,GB,Birmingham,None (Missing),enquiries@wildflourspecialbirmingham.co.uk,+44 121 869 7378,VALID_MX,95,EMAIL_1_SENT,Campaign 1,1,0,YES,⏳ OUTREACH SENT / WAITING,NO,,NONE,500.0,15%,75.0,DELIVERED,CLEAN,2026-08-27 16:23:09 UTC,Auto-generated v2 enterprise lead. Category: cafe. Rev Tier: $200k - $600k
LEAD-0633,Prime Accounting & Advisory,Aoife Thomas,None,US,Miami,None (Missing),enquiries@primeaccountingamiami.com,+1 305 210 4721,VALID_MX,95,EMAIL_1_SENT,Campaign 1,1,0,YES,⏳ OUTREACH SENT / WAITING,NO,,NONE,500.0,15%,75.0,DELIVERED,CLEAN,2026-08-27 16:23:09 UTC,Auto-generated v2 enterprise lead. Category: accountant. Rev Tier: $400k - $1.2M
LEAD-0717,The Rolling Pin Pastry Studio,Ciara Garcia,None,CA,Toronto,None (Missing),hello@therollingpinpastoronto.ca,+1 416 429 3459,VALID_MX,95,EMAIL_1_SENT,Campaign 1,1,0,YES,⏳ OUTREACH SENT / WAITING,NO,,NONE,500.0,15%,75.0,DELIVERED,CLEAN,2026-08-27 16:23:09 UTC,Auto-generated v2 enterprise lead. Category: bakery. Rev Tier: $200k - $550k
LEAD-0134,Mane & Co Hair Designers,Grace Smith,https://instagram.com/manecohairdesign,US,Seattle,https://www.manecohairdesignseattle.com,grace@manecohairdesignseattle.com,+1 206 778 4984,VALID_MX,95,EMAIL_1_SENT,Campaign 1,1,0,YES,⏳ OUTREACH SENT / WAITING,NO,,NONE,430.0,15%,64.5,DELIVERED,CLEAN,2026-08-27 16:23:09 UTC,Auto-generated v2 enterprise lead. Category: salon. Rev Tier: $200k - $500k
LEAD-0710,The Cut Hair Designers,Liam Taylor,https://instagram.com/thecuthairdesign,US,New York,https://www.thecuthairdesignnewyork.com,liam@thecuthairdesignnewyork.com,+1 212 450 8268,VALID_MX,95,EMAIL_1_SENT,Campaign 1,1,0,YES,⏳ OUTREACH SENT / WAITING,NO,,NONE,430.0,15%,64.5,DELIVERED,CLEAN,2026-08-27 16:23:09 UTC,Auto-generated v2 enterprise lead. Category: salon. Rev Tier: $200k - $500k
LEAD-0275,Apex Electrical Contractors,Jack Clark,None,AU,Sydney,None (Missing),info@apexelectricalcosydney.com.au,+61 2 632 4924,VALID_MX,95,EMAIL_1_SENT,Campaign 1,1,0,YES,⏳ OUTREACH SENT / WAITING,NO,,NONE,500.0,15%,75.0,DELIVERED,CLEAN,2026-08-27 16:23:09 UTC,Auto-generated v2 enterprise lead. Category: electrician. Rev Tier: $300k - $800k
LEAD-0861,Davis's Bakery,Lucas Davis,None,IE,Cork,None (Missing),contact@davissbakerycork.ie,+353 21 370 9528,VALID_MX,95,EMAIL_1_SENT,Campaign 1,1,0,YES,⏳ OUTREACH SENT / WAITING,NO,,NONE,500.0,15%,75.0,DELIVERED,CLEAN,2026-08-27 16:23:09 UTC,Auto-generated v2 enterprise lead. Category: bakery. Rev Tier: $200k - $550k
LEAD-0766,Pinnacle Home Builders,Hannah Murphy,https://instagram.com/pinnaclehomebuil,GB,London,https://www.pinnaclehomebuillondon.co.uk,hannah@pinnaclehomebuillondon.co.uk,+44 20 921 3184,VALID_MX,95,EMAIL_1_SENT,Campaign 1,1,0,YES,⏳ OUTREACH SENT / WAITING,NO,,NONE,500.0,15%,75.0,DELIVERED,CLEAN,2026-08-27 16:23:09 UTC,Auto-generated v2 enterprise lead. Category: contractor. Rev Tier: $600k - $2.5M
LEAD-0754,EverDry Roof Repairs & Cladding,Lucas Jackson,https://instagram.com/everdryroofrepai,US,Seattle,https://www.everdryroofrepaiseattle.com,lucas@everdryroofrepaiseattle.com,+1 206 882 5116,VALID_MX,95,EMAIL_1_SENT,Campaign 1,1,0,YES,⏳ OUTREACH SENT / WAITING,NO,,NONE,500.0,15%,75.0,DELIVERED,CLEAN,2026-08-27 16:23:09 UTC,Auto-generated v2 enterprise lead. Category: roofing. Rev Tier: $500k - $1.5M
LEAD-0093,Cinnamon & Co Pastry Studio,Ryan Dunne,None,US,Miami,None (Missing),info@cinnamoncopastrymiami.com,+1 305 276 7655,VALID_MX,95,EMAIL_1_SENT,Campaign 1,1,0,YES,⏳ OUTREACH SENT / WAITING,NO,,NONE,500.0,15%,75.0,DELIVERED,CLEAN,2026-08-27 16:23:09 UTC,Auto-generated v2 enterprise lead. Category: bakery. Rev Tier: $200k - $550k
LEAD-0229,Corner Perk Espresso Bar,Olivia Byrne,https://instagram.com/cornerperkespres,GB,Birmingham,https://www.cornerperkespresbirmingham.co.uk,olivia@cornerperkespresbirmingham.co.uk,+44 121 901 6122,VALID_MX,95,EMAIL_1_SENT,Campaign 1,1,0,YES,⏳ OUTREACH SENT / WAITING,NO,,NONE,500.0,15%,75.0,DELIVERED,CLEAN,2026-08-27 16:23:09 UTC,Auto-generated v2 enterprise lead. Category: cafe. Rev Tier: $200k - $600k
LEAD-0738,Summit Roofing Contractors,David Hall,https://instagram.com/summitroofingcon,CA,Vancouver,https://www.summitroofingconvancouver.ca,david@summitroofingconvancouver.ca,+1 604 630 7558,VALID_MX,95,EMAIL_1_SENT,Campaign 1,1,0,YES,⏳ OUTREACH SENT / WAITING,NO,,NONE,500.0,15%,75.0,DELIVERED,CLEAN,2026-08-27 16:23:09 UTC,Auto-generated v2 enterprise lead. Category: roofing. Rev Tier: $500k - $1.5M
LEAD-0013,Flour Power Bakehouse,Sarah White,None,US,Miami,None (Missing),info@flourpowerbakehomiami.com,+1 305 653 2604,VALID_MX,95,MEETING_REQUEST,Campaign 1,1,0,NO,🔥 HOT / APPROACHING,YES,2026-08-27 15:19 UTC,POSITIVE,2500.0,60%,1500.0,DELIVERED,CLEAN,2026-08-27 16:23:09 UTC,Auto-generated v2 enterprise lead. Category: bakery. Rev Tier: $200k - $550k
LEAD-0349,Cinnamon & Co Bakery & Patisserie,Alexander Doyle,None,GB,Birmingham,None (Missing),enquiries@cinnamoncobakerybirmingham.co.uk,+44 121 858 6041,VALID_MX,95,EMAIL_1_SENT,Campaign 1,1,0,YES,⏳ OUTREACH SENT / WAITING,NO,,NONE,500.0,15%,75.0,DELIVERED,CLEAN,2026-08-27 16:23:09 UTC,Auto-generated v2 enterprise lead. Category: bakery. Rev Tier: $200k - $550k
LEAD-0216,Vanguard Law Chambers,Conor O'Connor,https://instagram.com/vanguardlawchamb,AU,Melbourne,https://www.vanguardlawchambmelbourne.com.au,contact@vanguardlawchambmelbourne.com.au,+61 3 566 8171,VALID_MX,95,EMAIL_1_SENT,Campaign 1,1,0,YES,⏳ OUTREACH SENT / WAITING,NO,,NONE,500.0,15%,75.0,DELIVERED,CLEAN,2026-08-27 16:23:09 UTC,Auto-generated v2 enterprise lead. Category: lawyer. Rev Tier: $600k - $2.5M
LEAD-0056,Hall's Lawyer,Sean Hall,https://instagram.com/hallslawyer,AU,Melbourne,https://www.hallslawyermelbourne.com.au,info@hallslawyermelbourne.com.au,+61 3 652 6661,VALID_MX,95,FOLLOWUP_1_SENT,Campaign 1,2,1,YES,⏳ OUTREACH SENT / WAITING,NO,,NONE,500.0,20%,100.0,DELIVERED,CLEAN,2026-08-27 16:23:09 UTC,Auto-generated v2 enterprise lead. Category: lawyer. Rev Tier: $600k - $2.5M
LEAD-0797,Honey & Rye Artisan Bakery,Chloe Kelly,None,CA,Toronto,None (Missing),info@honeyryeartisanbtoronto.ca,+1 416 540 1514,VALID_MX,95,EMAIL_1_SENT,Campaign 1,1,0,YES,⏳ OUTREACH SENT / WAITING,NO,,NONE,500.0,15%,75.0,DELIVERED,CLEAN,2026-08-27 16:23:09 UTC,Auto-generated v2 enterprise lead. Category: bakery. Rev Tier: $200k - $550k
LEAD-0526,Pinnacle Building & Renovations,Daniel Robinson,https://instagram.com/pinnaclebuilding,GB,London,https://www.pinnaclebuildinglondon.co.uk,daniel@pinnaclebuildinglondon.co.uk,+44 20 357 6183,VALID_MX,95,EMAIL_1_SENT,Campaign 1,1,0,YES,⏳ OUTREACH SENT / WAITING,NO,,NONE,500.0,15%,75.0,DELIVERED,CLEAN,2026-08-27 16:23:09 UTC,Auto-generated v2 enterprise lead. Category: contractor. Rev Tier: $600k - $2.5M
LEAD-0998,Mane & Co Hair Studio,Mia Brown,https://instagram.com/manecohairstudio,CA,Vancouver,https://www.manecohairstudiovancouver.ca,enquiries@manecohairstudiovancouver.ca,+1 604 880 6351,VALID_MX,95,EMAIL_1_SENT,Campaign 1,1,0,YES,⏳ OUTREACH SENT / WAITING,NO,,NONE,430.0,15%,64.5,DELIVERED,CLEAN,2026-08-27 16:23:09 UTC,Auto-generated v2 enterprise lead. Category: salon. Rev Tier: $200k - $500k
LEAD-0932,Trattoria Italian Restaurant,Olivia Byrne,https://instagram.com/trattoriaitalian,US,Chicago,https://www.trattoriaitalianchicago.com,hello@trattoriaitalianchicago.com,+1 312 421 4423,VALID_MX,95,EMAIL_1_SENT,Campaign 1,1,0,YES,⏳ OUTREACH SENT / WAITING,NO,,NONE,500.0,15%,75.0,DELIVERED,CLEAN,2026-08-27 16:23:09 UTC,Auto-generated v2 enterprise lead. Category: restaurant. Rev Tier: $400k - $1.5M
LEAD-0884,The Rustic Italian Restaurant,Chloe Jones,https://instagram.com/therusticitalian,IE,Waterford,https://www.therusticitalianwaterford.ie,hello@therusticitalianwaterford.ie,+353 51 725 9115,VALID_MX,95,EMAIL_1_SENT,Campaign 1,1,0,YES,⏳ OUTREACH SENT / WAITING,NO,,NONE,500.0,15%,75.0,DELIVERED,CLEAN,2026-08-27 16:23:09 UTC,Auto-generated v2 enterprise lead. Category: restaurant. Rev Tier: $400k - $1.5M
LEAD-0580,Trattoria Dining Room,Ava Clark,https://instagram.com/trattoriadiningr,IE,Dublin,https://www.trattoriadiningrdublin.ie,contact@trattoriadiningrdublin.ie,+353 1 918 2625,VALID_MX,95,EMAIL_1_SENT,Campaign 1,1,0,YES,⏳ OUTREACH SENT / WAITING,NO,,NONE,500.0,15%,75.0,DELIVERED,CLEAN,2026-08-27 16:23:09 UTC,Auto-generated v2 enterprise lead. Category: restaurant. Rev Tier: $400k - $1.5M
LEAD-0566,Luxe Salon & Spa,Matthew Kelly,https://instagram.com/luxesalonspa,GB,London,https://www.luxesalonspalondon.co.uk,info@luxesalonspalondon.co.uk,+44 20 516 1138,VALID_MX,95,EMAIL_1_SENT,Campaign 1,1,0,YES,⏳ OUTREACH SENT / WAITING,NO,,NONE,430.0,15%,64.5,DELIVERED,CLEAN,2026-08-27 16:23:09 UTC,Auto-generated v2 enterprise lead. Category: salon. Rev Tier: $200k - $500k
LEAD-0883,Lumina Electrical Contractors,Marcus Walker,https://instagram.com/luminaelectrical,IE,Limerick,https://www.luminaelectricallimerick.ie,marcus@luminaelectricallimerick.ie,+353 61 874 6157,VALID_MX,95,EMAIL_1_SENT,Campaign 1,1,0,YES,⏳ OUTREACH SENT / WAITING,NO,,NONE,500.0,15%,75.0,DELIVERED,CLEAN,2026-08-27 16:23:09 UTC,Auto-generated v2 enterprise lead. Category: electrician. Rev Tier: $300k - $800k
LEAD-0985,Atlas Accounting & Advisory,Alexander Johnson,https://instagram.com/atlasaccountinga,GB,Belfast,https://www.atlasaccountingabelfast.co.uk,enquiries@atlasaccountingabelfast.co.uk,+44 28 386 8201,VALID_MX,95,EMAIL_1_SENT,Campaign 1,1,0,YES,⏳ OUTREACH SENT / WAITING,NO,,NONE,500.0,15%,75.0,DELIVERED,CLEAN,2026-08-27 16:23:09 UTC,Auto-generated v2 enterprise lead. Category: accountant. Rev Tier: $400k - $1.2M
LEAD-0892,Oasis Events & Weddings,Daniel O'Neill,https://instagram.com/oasiseventsweddi,US,Chicago,https://www.oasiseventsweddichicago.com,enquiries@oasiseventsweddichicago.com,+1 312 984 2415,VALID_MX,95,EMAIL_1_SENT,Campaign 1,1,0,YES,⏳ OUTREACH SENT / WAITING,NO,,NONE,500.0,15%,75.0,DELIVERED,CLEAN,2026-08-27 16:23:09 UTC,Auto-generated v2 enterprise lead. Category: event_venue. Rev Tier: $500k - $2.0M
LEAD-0780,Elysian Venue & Retreat,Ciara Davis,https://instagram.com/elysianvenueretr,IE,Dublin,https://www.elysianvenueretrdublin.ie,hello@elysianvenueretrdublin.ie,+353 1 957 5202,VALID_MX,95,EMAIL_1_SENT,Campaign 1,1,0,YES,⏳ OUTREACH SENT / WAITING,NO,,NONE,500.0,15%,75.0,DELIVERED,CLEAN,2026-08-27 16:23:09 UTC,Auto-generated v2 enterprise lead. Category: event_venue. Rev Tier: $500k - $2.0M
LEAD-0679,Rodriguez's Gym,Matthew Rodriguez,https://instagram.com/rodriguezsgym,NZ,Auckland,https://www.rodriguezsgymauckland.co.nz,contact@rodriguezsgymauckland.co.nz,+64 9 840 1937,VALID_MX,95,EMAIL_1_SENT,Campaign 1,1,0,YES,⏳ OUTREACH SENT / WAITING,NO,,NONE,425.0,15%,63.75,DELIVERED,CLEAN,2026-08-27 16:23:09 UTC,Auto-generated v2 enterprise lead. Category: gym. Rev Tier: $350k - $900k
LEAD-0492,Heritage Banqueting Hall,Fiona O'Neill,https://instagram.com/heritagebanqueti,US,Chicago,https://www.heritagebanquetichicago.com,contact@heritagebanquetichicago.com,+1 312 297 6314,VALID_MX,95,EMAIL_1_SENT,Campaign 1,1,0,YES,⏳ OUTREACH SENT / WAITING,NO,,NONE,500.0,15%,75.0,DELIVERED,CLEAN,2026-08-27 16:23:09 UTC,Auto-generated v2 enterprise lead. Category: event_venue. Rev Tier: $500k - $2.0M
LEAD-0459,Epic Visual Media Studio,Joseph Anderson,https://instagram.com/epicvisualmedias,NZ,Auckland,https://www.epicvisualmediasauckland.co.nz,hello@epicvisualmediasauckland.co.nz,+64 9 894 1378,VALID_MX,95,EMAIL_1_SENT,Campaign 1,1,0,YES,⏳ OUTREACH SENT / WAITING,NO,,NONE,500.0,15%,75.0,DELIVERED,CLEAN,2026-08-27 16:23:09 UTC,Auto-generated v2 enterprise lead. Category: photographer. Rev Tier: $150k - $400k
LEAD-0428,The Foundry Events & Weddings,Grace Byrne,https://instagram.com/thefoundryevents,GB,Edinburgh,https://www.thefoundryeventsedinburgh.co.uk,info@thefoundryeventsedinburgh.co.uk,+44 131 845 8074,VALID_MX,95,EMAIL_1_SENT,Campaign 1,1,0,YES,⏳ OUTREACH SENT / WAITING,NO,,NONE,500.0,15%,75.0,DELIVERED,CLEAN,2026-08-27 16:23:09 UTC,Auto-generated v2 enterprise lead. Category: event_venue. Rev Tier: $500k - $2.0M
LEAD-0217,O'Sullivan's Accountant,Jack O'Sullivan,https://instagram.com/osullivansaccoun,CA,Toronto,https://www.osullivansaccountoronto.ca,info@osullivansaccountoronto.ca,+1 416 335 1960,VALID_MX,95,EMAIL_1_SENT,Campaign 1,1,0,YES,⏳ OUTREACH SENT / WAITING,NO,,NONE,500.0,15%,75.0,DELIVERED,CLEAN,2026-08-27 16:23:09 UTC,Auto-generated v2 enterprise lead. Category: accountant. Rev Tier: $400k - $1.2M
LEAD-0204,The Foundry Banqueting Hall,William Rodriguez,https://instagram.com/thefoundrybanque,IE,Waterford,https://www.thefoundrybanquewaterford.ie,info@thefoundrybanquewaterford.ie,+353 51 871 9148,VALID_MX,95,EMAIL_1_SENT,Campaign 1,1,0,YES,⏳ OUTREACH SENT / WAITING,NO,,NONE,500.0,15%,75.0,DELIVERED,CLEAN,2026-08-27 16:23:09 UTC,Auto-generated v2 enterprise lead. Category: event_venue. Rev Tier: $500k - $2.0M
LEAD-0272,Apex Orthodontics,Michael Murphy,https://instagram.com/apexorthodontics,US,Chicago,https://www.apexorthodonticschicago.com,contact@apexorthodonticschicago.com,+1 312 687 8654,VALID_MX,95,EMAIL_1_SENT,Campaign 1,1,0,YES,⏳ OUTREACH SENT / WAITING,NO,,NONE,500.0,15%,75.0,DELIVERED,CLEAN,2026-08-27 16:23:09 UTC,Auto-generated v2 enterprise lead. Category: dentist. Rev Tier: $400k - $1.2M
LEAD-0912,City Dental Dental Care,Fiona Kelly,https://instagram.com/citydentaldental,US,Chicago,https://www.citydentaldentalchicago.com,enquiries@citydentaldentalchicago.com,+1 312 618 2970,VALID_MX,95,EMAIL_1_SENT,Campaign 1,1,0,YES,⏳ OUTREACH SENT / WAITING,NO,,NONE,500.0,15%,75.0,DELIVERED,CLEAN,2026-08-27 16:23:09 UTC,Auto-generated v2 enterprise lead. Category: dentist. Rev Tier: $400k - $1.2M
LEAD-0896,Jackson's Dentist,Emma Jackson,https://instagram.com/jacksonsdentist,AU,Melbourne,https://www.jacksonsdentistmelbourne.com.au,contact@jacksonsdentistmelbourne.com.au,+61 3 548 7750,VALID_MX,95,EMAIL_1_SENT,Campaign 1,1,0,YES,⏳ OUTREACH SENT / WAITING,NO,,NONE,500.0,15%,75.0,DELIVERED,CLEAN,2026-08-27 16:23:09 UTC,Auto-generated v2 enterprise lead. Category: dentist. Rev Tier: $400k - $1.2M
LEAD-0773,Wild Flour Cafe & Bakery,Lily Walsh,https://instagram.com/wildflourcafebak,US,Miami,https://www.wildflourcafebakmiami.com,contact@wildflourcafebakmiami.com,+1 305 344 4923,VALID_MX,95,EMAIL_1_SENT,Campaign 1,1,0,YES,⏳ OUTREACH SENT / WAITING,NO,,NONE,500.0,15%,75.0,DELIVERED,CLEAN,2026-08-27 16:23:09 UTC,Auto-generated v2 enterprise lead. Category: cafe. Rev Tier: $200k - $600k
LEAD-0650,Speedy Garage & Diagnostics,Olivia Williams,https://instagram.com/speedygaragediag,US,New York,https://www.speedygaragediagnewyork.com,enquiries@speedygaragediagnewyork.com,+1 212 823 2765,VALID_MX,95,EMAIL_1_SENT,Campaign 1,1,0,YES,⏳ OUTREACH SENT / WAITING,NO,,NONE,500.0,15%,75.0,DELIVERED,CLEAN,2026-08-27 16:23:09 UTC,Auto-generated v2 enterprise lead. Category: car_repair. Rev Tier: $350k - $850k
LEAD-0645,Bloom Specialty Coffee,Oliver Clark,https://instagram.com/bloomspecialtyco,GB,Belfast,https://www.bloomspecialtycobelfast.co.uk,hello@bloomspecialtycobelfast.co.uk,+44 28 590 2285,VALID_MX,95,EMAIL_1_SENT,Campaign 1,1,0,YES,⏳ OUTREACH SENT / WAITING,NO,,NONE,500.0,15%,75.0,DELIVERED,CLEAN,2026-08-27 16:23:09 UTC,Auto-generated v2 enterprise lead. Category: cafe. Rev Tier: $200k - $600k
LEAD-0549,Wild Flour Cafe & Bakery,Aoife O'Connor,https://instagram.com/wildflourcafebak,GB,Birmingham,https://www.wildflourcafebakbirmingham.co.uk,contact@wildflourcafebakbirmingham.co.uk,+44 121 380 5194,VALID_MX,95,EMAIL_1_SENT,Campaign 1,1,0,YES,⏳ OUTREACH SENT / WAITING,NO,,NONE,500.0,15%,75.0,DELIVERED,CLEAN,2026-08-27 16:23:09 UTC,Auto-generated v2 enterprise lead. Category: cafe. Rev Tier: $200k - $600k
LEAD-0181,Maple & Co Coffee House,Lucas Byrne,https://instagram.com/maplecocoffeehou,IE,Cork,https://www.maplecocoffeehoucork.ie,contact@maplecocoffeehoucork.ie,+353 21 985 4813,VALID_MX,95,EMAIL_1_SENT,Campaign 1,1,0,YES,⏳ OUTREACH SENT / WAITING,NO,,NONE,500.0,15%,75.0,DELIVERED,CLEAN,2026-08-27 16:23:09 UTC,Auto-generated v2 enterprise lead. Category: cafe. Rev Tier: $200k - $600k
LEAD-0516,Gourmet Dining Room,Michael Murphy,https://instagram.com/gourmetdiningroo,AU,Melbourne,https://www.gourmetdiningroomelbourne.com.au,contact@gourmetdiningroomelbourne.com.au,+61 3 632 8756,VALID_MX,95,EMAIL_1_SENT,Campaign 1,1,0,YES,⏳ OUTREACH SENT / WAITING,NO,,NONE,500.0,15%,75.0,DELIVERED,CLEAN,2026-08-27 16:23:09 UTC,Auto-generated v2 enterprise lead. Category: restaurant. Rev Tier: $400k - $1.5M
LEAD-0994,Wilson's Roofing,Thomas Wilson,https://instagram.com/wilsonsroofing,US,Seattle,https://www.wilsonsroofingseattle.com,info@wilsonsroofingseattle.com,+1 206 790 7808,VALID_MX,95,EMAIL_1_SENT,Campaign 1,1,0,YES,⏳ OUTREACH SENT / WAITING,NO,,NONE,500.0,15%,75.0,DELIVERED,CLEAN,2026-08-27 16:23:09 UTC,Auto-generated v2 enterprise lead. Category: roofing. Rev Tier: $500k - $1.5M
LEAD-0978,IronClad Roofing Specialists,Marcus Dunne,https://instagram.com/ironcladroofings,CA,Vancouver,https://www.ironcladroofingsvancouver.ca,enquiries@ironcladroofingsvancouver.ca,+1 604 331 5989,VALID_MX,95,EMAIL_1_SENT,Campaign 1,1,0,YES,⏳ OUTREACH SENT / WAITING,NO,,NONE,500.0,15%,75.0,DELIVERED,CLEAN,2026-08-27 16:23:09 UTC,Auto-generated v2 enterprise lead. Category: roofing. Rev Tier: $500k - $1.5M
LEAD-0390,Velvet Hair Hair Studio,Emma Murphy,https://instagram.com/velvethairhairst,US,New York,https://www.velvethairhairstnewyork.com,info@velvethairhairstnewyork.com,+1 212 710 1438,VALID_MX,95,EMAIL_1_SENT,Campaign 1,1,0,YES,⏳ OUTREACH SENT / WAITING,NO,,NONE,430.0,15%,64.5,DELIVERED,CLEAN,2026-08-27 16:23:09 UTC,Auto-generated v2 enterprise lead. Category: salon. Rev Tier: $200k - $500k
LEAD-0145,Master Plumbing Services,Fiona Thomas,https://instagram.com/masterplumbingse,GB,Belfast,https://www.masterplumbingsebelfast.co.uk,enquiries@masterplumbingsebelfast.co.uk,+44 28 245 7547,VALID_MX,95,EMAIL_1_SENT,Campaign 1,1,0,YES,⏳ OUTREACH SENT / WAITING,NO,,NONE,500.0,15%,75.0,DELIVERED,CLEAN,2026-08-27 16:23:09 UTC,Auto-generated v2 enterprise lead. Category: plumber. Rev Tier: $250k - $750k
LEAD-0971,Epic Photography,Thomas Johnson,https://instagram.com/epicphotography,US,Austin,https://www.epicphotographyaustin.com,contact@epicphotographyaustin.com,+1 512 574 1420,VALID_MX,95,EMAIL_1_SENT,Campaign 1,1,0,YES,⏳ OUTREACH SENT / WAITING,NO,,NONE,500.0,15%,75.0,DELIVERED,CLEAN,2026-08-27 16:23:09 UTC,Auto-generated v2 enterprise lead. Category: photographer. Rev Tier: $150k - $400k
LEAD-0536,Mercer & Co Law Chambers,Ethan Robinson,https://instagram.com/mercercolawchamb,AU,Melbourne,https://www.mercercolawchambmelbourne.com.au,enquiries@mercercolawchambmelbourne.com.au,+61 3 475 2780,VALID_MX,95,EMAIL_1_SENT,Campaign 1,1,0,YES,⏳ OUTREACH SENT / WAITING,NO,,NONE,500.0,15%,75.0,DELIVERED,CLEAN,2026-08-27 16:23:09 UTC,Auto-generated v2 enterprise lead. Category: lawyer. Rev Tier: $600k - $2.5M
LEAD-0233,Sterling Chartered Accountants,Sean Williams,https://instagram.com/sterlingchartere,US,Miami,https://www.sterlingcharteremiami.com,hello@sterlingcharteremiami.com,+1 305 857 4994,VALID_MX,95,EMAIL_1_SENT,Campaign 1,1,0,YES,⏳ OUTREACH SENT / WAITING,NO,,NONE,500.0,15%,75.0,DELIVERED,CLEAN,2026-08-27 16:23:09 UTC,Auto-generated v2 enterprise lead. Category: accountant. Rev Tier: $400k - $1.2M
LEAD-0158,Craftsman General Contracting,Patrick Hall,https://instagram.com/craftsmangeneral,CA,Vancouver,https://www.craftsmangeneralvancouver.ca,enquiries@craftsmangeneralvancouver.ca,+1 604 607 4568,VALID_MX,95,EMAIL_1_SENT,Campaign 1,1,0,YES,⏳ OUTREACH SENT / WAITING,NO,,NONE,500.0,15%,75.0,DELIVERED,CLEAN,2026-08-27 16:23:09 UTC,Auto-generated v2 enterprise lead. Category: contractor. Rev Tier: $600k - $2.5M
LEAD-0903,Kelly's Gym,Alexander Kelly,https://instagram.com/kellysgym,IE,Limerick,https://www.kellysgymlimerick.ie,hello@kellysgymlimerick.ie,+353 61 423 5530,VALID_MX,95,EMAIL_1_SENT,Campaign 1,1,0,YES,⏳ OUTREACH SENT / WAITING,NO,,NONE,425.0,15%,63.75,DELIVERED,CLEAN,2026-08-27 16:23:09 UTC,Auto-generated v2 enterprise lead. Category: gym. Rev Tier: $350k - $900k
LEAD-0620,The Barn Celebration Spaces,Samuel Wilson,https://instagram.com/thebarncelebrati,IE,Dublin,https://www.thebarncelebratidublin.ie,contact@thebarncelebratidublin.ie,+353 1 496 2638,VALID_MX,95,EMAIL_1_SENT,Campaign 1,1,0,YES,⏳ OUTREACH SENT / WAITING,NO,,NONE,500.0,15%,75.0,DELIVERED,CLEAN,2026-08-27 16:23:09 UTC,Auto-generated v2 enterprise lead. Category: event_venue. Rev Tier: $500k - $2.0M
LEAD-0735,O'Neill's Veterinary,Liam O'Neill,https://instagram.com/oneillsveterinar,AU,Sydney,https://www.oneillsveterinarsydney.com.au,hello@oneillsveterinarsydney.com.au,+61 2 753 6710,VALID_MX,95,EMAIL_1_SENT,Campaign 1,1,0,YES,⏳ OUTREACH SENT / WAITING,NO,,NONE,500.0,15%,75.0,DELIVERED,CLEAN,2026-08-27 16:23:09 UTC,Auto-generated v2 enterprise lead. Category: veterinary. Rev Tier: $450k - $1.3M
LEAD-0929,Rapid Plumbing Solutions,Emma Robinson,https://instagram.com/rapidplumbingsol,GB,Birmingham,https://www.rapidplumbingsolbirmingham.co.uk,hello@rapidplumbingsolbirmingham.co.uk,+44 121 306 6072,VALID_MX,95,EMAIL_1_SENT,Campaign 1,1,0,YES,⏳ OUTREACH SENT / WAITING,NO,,NONE,500.0,15%,75.0,DELIVERED,CLEAN,2026-08-27 16:23:09 UTC,Auto-generated v2 enterprise lead. Category: plumber. Rev Tier: $250k - $750k
LEAD-0901,The Beanery Artisan Roasters,Jack Wilson,https://instagram.com/thebeaneryartisa,IE,Cork,https://www.thebeaneryartisacork.ie,contact@thebeaneryartisacork.ie,+353 21 339 7627,VALID_MX,95,EMAIL_1_SENT,Campaign 1,1,0,YES,⏳ OUTREACH SENT / WAITING,NO,,NONE,500.0,15%,75.0,DELIVERED,CLEAN,2026-08-27 16:23:09 UTC,Auto-generated v2 enterprise lead. Category: cafe. Rev Tier: $200k - $600k
LEAD-0762,Apex Motors Motor Works,Sophie Walker,https://instagram.com/apexmotorsmotorw,IE,Galway,https://www.apexmotorsmotorwgalway.ie,info@apexmotorsmotorwgalway.ie,+353 91 503 4992,VALID_MX,95,EMAIL_1_SENT,Campaign 1,1,0,YES,⏳ OUTREACH SENT / WAITING,NO,,NONE,500.0,15%,75.0,DELIVERED,CLEAN,2026-08-27 16:23:09 UTC,Auto-generated v2 enterprise lead. Category: car_repair. Rev Tier: $350k - $850k
LEAD-0497,Davis's Plumber,Ava Davis,https://instagram.com/davissplumber,CA,Toronto,https://www.davissplumbertoronto.ca,contact@davissplumbertoronto.ca,+1 416 492 8344,VALID_MX,95,EMAIL_1_SENT,Campaign 1,1,0,YES,⏳ OUTREACH SENT / WAITING,NO,,NONE,500.0,15%,75.0,DELIVERED,CLEAN,2026-08-27 16:23:09 UTC,Auto-generated v2 enterprise lead. Category: plumber. Rev Tier: $250k - $750k
LEAD-0074,ProDrive Garage & Diagnostics,Joseph Rodriguez,https://instagram.com/prodrivegaragedi,US,Seattle,https://www.prodrivegaragediseattle.com,info@prodrivegaragediseattle.com,+1 206 614 1341,VALID_MX,95,EMAIL_1_SENT,Campaign 1,1,0,YES,⏳ OUTREACH SENT / WAITING,NO,,NONE,500.0,15%,75.0,DELIVERED,CLEAN,2026-08-27 16:23:09 UTC,Auto-generated v2 enterprise lead. Category: car_repair. Rev Tier: $350k - $850k
LEAD-0480,Pure Family Dentistry,Emma Jones,https://instagram.com/purefamilydentis,IE,Dublin,https://www.purefamilydentisdublin.ie,enquiries@purefamilydentisdublin.ie,+353 1 822 7404,VALID_MX,95,EMAIL_1_SENT,Campaign 1,1,0,YES,⏳ OUTREACH SENT / WAITING,NO,,NONE,500.0,15%,75.0,DELIVERED,CLEAN,2026-08-27 16:23:09 UTC,Auto-generated v2 enterprise lead. Category: dentist. Rev Tier: $400k - $1.2M
LEAD-0921,Sterling Chartered Accountants,Samuel Smith,https://instagram.com/sterlingchartere,IE,Cork,https://www.sterlingcharterecork.ie,hello@sterlingcharterecork.ie,+353 21 897 5527,VALID_MX,95,EMAIL_1_SENT,Campaign 1,1,0,YES,⏳ OUTREACH SENT / WAITING,NO,,NONE,500.0,15%,75.0,DELIVERED,CLEAN,2026-08-27 16:23:09 UTC,Auto-generated v2 enterprise lead. Category: accountant. Rev Tier: $400k - $1.2M
LEAD-0858,Apex Motors Garage & Diagnostics,Grace White,https://instagram.com/apexmotorsgarage,CA,Vancouver,https://www.apexmotorsgaragevancouver.ca,hello@apexmotorsgaragevancouver.ca,+1 604 588 8695,VALID_MX,95,EMAIL_1_SENT,Campaign 1,1,0,YES,⏳ OUTREACH SENT / WAITING,NO,,NONE,500.0,15%,75.0,DELIVERED,CLEAN,2026-08-27 16:23:09 UTC,Auto-generated v2 enterprise lead. Category: car_repair. Rev Tier: $350k - $850k
LEAD-0209,QuickFlow Plumbing & Heating,Matthew Clark,https://instagram.com/quickflowplumbin,GB,Birmingham,https://www.quickflowplumbinbirmingham.co.uk,enquiries@quickflowplumbinbirmingham.co.uk,+44 121 404 7112,VALID_MX,95,EMAIL_1_SENT,Campaign 1,1,0,YES,⏳ OUTREACH SENT / WAITING,NO,,NONE,500.0,15%,75.0,DELIVERED,CLEAN,2026-08-27 16:23:09 UTC,Auto-generated v2 enterprise lead. Category: plumber. Rev Tier: $250k - $750k
LEAD-0125,SugarCraft Pastry Studio,Sophie Kennedy,https://instagram.com/sugarcraftpastry,GB,Belfast,https://www.sugarcraftpastrybelfast.co.uk,hello@sugarcraftpastrybelfast.co.uk,+44 28 509 3347,VALID_MX,95,EMAIL_1_SENT,Campaign 1,1,0,YES,⏳ OUTREACH SENT / WAITING,NO,,NONE,500.0,15%,75.0,DELIVERED,CLEAN,2026-08-27 16:23:09 UTC,Auto-generated v2 enterprise lead. Category: bakery. Rev Tier: $200k - $550k
LEAD-0433,Titan Plumbing & Heating,Lily White,https://instagram.com/titanplumbinghea,US,Miami,https://www.titanplumbingheamiami.com,info@titanplumbingheamiami.com,+1 305 648 8489,VALID_MX,95,EMAIL_1_SENT,Campaign 1,1,0,YES,⏳ OUTREACH SENT / WAITING,NO,,NONE,500.0,15%,75.0,DELIVERED,CLEAN,2026-08-27 16:23:09 UTC,Auto-generated v2 enterprise lead. Category: plumber. Rev Tier: $250k - $750k
LEAD-0749,Anderson's Bakery,Ruby Anderson,https://instagram.com/andersonsbakery,GB,Birmingham,https://www.andersonsbakerybirmingham.co.uk,hello@andersonsbakerybirmingham.co.uk,+44 121 485 1801,VALID_MX,95,EMAIL_1_SENT,Campaign 1,1,0,YES,⏳ OUTREACH SENT / WAITING,NO,,NONE,714.0,15%,107.1,DELIVERED,CLEAN,2026-08-27 16:23:09 UTC,Auto-generated v2 enterprise lead. Category: bakery. Rev Tier: $200k - $550k
