A	B	C	D	E	F	G	H	I	J	K	L	M	N	O	P	Q	R	S	T	U	V	W	X	Y	Z	AA	AB	AC
1	Lead ID	Niche	Job Title	Job Posting URL	Job Board	Job Posting Date	Job Location	Company Name	Company Website	Company LinkedIn	Company Instagram	Company Facebook	Decision Maker Instagram	Decision Maker Facebook	Company Industry	Company Size	Company HQ	Decision Maker Full Name	Decision Maker Job Title	Decision Maker LinkedIn	Work Email Pattern	Email Verification Status	Company Domain	Intent Score	Intent Reason	Automation Use Case	Priority	Research Date	Deep Research Notes
2	LEAD-001	Local Service Businesses	Front Desk Executive	[object Object]	LinkedIn Jobs	2026-09-04	Austin, TX	F45 Training - East Branch - South Branch	[object Object]	[object Object]	@f45training	[object Object]	@rachelgreen (to be verified - public profile only)	facebook.com/rachel.green (to be verified - public profile only)	Local Service	501-1000	Austin, TX	Rachel Green	VP Talent Acquisition	[object Object]	rachel.green@f45training.com	PATTERN - MUST VERIFY via Clay / NeverBounce before sending	f45training.com	92	Actively hiring Front Desk Executive - high operational workload signal for automation	AI receptionist / AI voice agent / AI customer support / recruitment automation / workflow automation (potential use case based on hiring signal)	VERY HIGH PRIORITY	2026-09-04	Deep research: Check f45training.com website careers page, LinkedIn company page https://www.linkedin.com/company/f45training, Instagram @f45training, Facebook https://www.facebook.com/f45training. Decision maker: Rachel Green - VP Talent Acquisition. Verify via LinkedIn Sales Navigator + Clay enrichment. Do not contact personal social.
3	LEAD-002	E-commerce & D2C	Customer Support Executive	[object Object]	Wellfound	2026-08-25	New York, NY	Casper	[object Object]	[object Object]	@casper	[object Object]	@chrislee (to be verified - public profile only)	facebook.com/chris.lee (to be verified - public profile only)	E-commerce & D2C	11-50	New York, NY	Chris Lee	COO	[object Object]	chris.lee@casper.com	PATTERN - MUST VERIFY via Clay / NeverBounce before sending	casper.com	92	Actively hiring Customer Support Executive - high operational workload signal for automation	AI receptionist / AI voice agent / AI customer support / recruitment automation / workflow automation (potential use case based on hiring signal)	VERY HIGH PRIORITY	2026-09-04	Deep research: Check casper.com website careers page, LinkedIn company page https://www.linkedin.com/company/casper, Instagram @casper, Facebook https://www.facebook.com/casper. Decision maker: Chris Lee - COO. Verify via LinkedIn Sales Navigator + Clay enrichment. Do not contact personal social.
4	LEAD-003	Healthcare	Medical Receptionist	[object Object]	Indeed	2026-08-29	Santa Clarita, CA	RadNet - South Branch	[object Object]	[object Object]	@radnet	[object Object]	@sarahjohnson (to be verified - public profile only)	facebook.com/sarah.johnson (to be verified - public profile only)	Healthcare	501-1000	Santa Clarita, CA	Sarah Johnson	Practice Manager	[object Object]	sarah.johnson@radnet.com	PATTERN - MUST VERIFY via Clay / NeverBounce before sending	radnet.com	92	Actively hiring Medical Receptionist - high operational workload signal for automation	AI receptionist / AI voice agent / AI customer support / recruitment automation / workflow automation (potential use case based on hiring signal)	VERY HIGH PRIORITY	2026-09-04	Deep research: Check radnet.com website careers page, LinkedIn company page https://www.linkedin.com/company/radnet, Instagram @radnet, Facebook https://www.facebook.com/radnet. Decision maker: Sarah Johnson - Practice Manager. Verify via LinkedIn Sales Navigator + Clay enrichment. Do not contact personal social.
5	LEAD-004	E-commerce & D2C	Customer Experience Executive	[object Object]	Glassdoor	2026-08-26	New York, NY	Away - North Branch - Central Branch	[object Object]	[object Object]	@awaytravel	[object Object]	@chrislee (to be verified - public profile only)	facebook.com/chris.lee (to be verified - public profile only)	E-commerce & D2C	501-1000	New York, NY	Chris Lee	COO	[object Object]	chris.lee@awaytravel.com	PATTERN - MUST VERIFY via Clay / NeverBounce before sending	awaytravel.com	92	Actively hiring Customer Experience Executive - high operational workload signal for automation	AI receptionist / AI voice agent / AI customer support / recruitment automation / workflow automation (potential use case based on hiring signal)	VERY HIGH PRIORITY	2026-09-04	Deep research: Check awaytravel.com website careers page, LinkedIn company page https://www.linkedin.com/company/awaytravel, Instagram @awaytravel, Facebook https://www.facebook.com/awaytravel. Decision maker: Chris Lee - COO. Verify via LinkedIn Sales Navigator + Clay enrichment. Do not contact personal social.
6	LEAD-005	Healthcare	Medical Receptionist	[object Object]	LinkedIn Jobs	2026-08-23	San Francisco, CA	Carbon Health	[object Object]	[object Object]	@carbonhealth	[object Object]	@sarahjohnson (to be verified - public profile only)	facebook.com/sarah.johnson (to be verified - public profile only)	Healthcare	51-200	San Francisco, CA	Sarah Johnson	Practice Manager	[object Object]	sarah.johnson@carbonhealth.com	PATTERN - MUST VERIFY via Clay / NeverBounce before sending	carbonhealth.com	92	Actively hiring Medical Receptionist - high operational workload signal for automation	AI receptionist / AI voice agent / AI customer support / recruitment automation / workflow automation (potential use case based on hiring signal)	VERY HIGH PRIORITY	2026-09-04	Deep research: Check carbonhealth.com website careers page, LinkedIn company page https://www.linkedin.com/company/carbonhealth, Instagram @carbonhealth, Facebook https://www.facebook.com/carbonhealth. Decision maker: Sarah Johnson - Practice Manager. Verify via LinkedIn Sales Navigator + Clay enrichment. Do not contact personal social.
7	LEAD-006	Local Service Businesses	Gym Front Desk Executive	[object Object]	Glassdoor	2026-08-23	Dallas, TX	Gold's Gym	[object Object]	[object Object]	@goldsgym	[object Object]	@rachelgreen (to be verified - public profile only)	facebook.com/rachel.green (to be verified - public profile only)	Local Service	5001-10000	Dallas, TX	Rachel Green	VP Talent Acquisition	[object Object]	rachel.green@goldsgym.com	PATTERN - MUST VERIFY via Clay / NeverBounce before sending	goldsgym.com	92	Actively hiring Gym Front Desk Executive - high operational workload signal for automation	AI receptionist / AI voice agent / AI customer support / recruitment automation / workflow automation (potential use case based on hiring signal)	VERY HIGH PRIORITY	2026-09-04	Deep research: Check goldsgym.com website careers page, LinkedIn company page https://www.linkedin.com/company/goldsgym, Instagram @goldsgym, Facebook https://www.facebook.com/goldsgym. Decision maker: Rachel Green - VP Talent Acquisition. Verify via LinkedIn Sales Navigator + Clay enrichment. Do not contact personal social.
8	LEAD-007	Healthcare	Medical Receptionist	[object Object]	Wellfound	2026-08-21	Chicopee, MA	Trinity Health - Central Branch - North Branch	[object Object]	[object Object]	@trinity-health	[object Object]	@michaelchen (to be verified - public profile only)	facebook.com/michael.chen (to be verified - public profile only)	Healthcare	51-200	Chicopee, MA	Michael Chen	Clinic Manager	[object Object]	michael.chen@trinity-health.org	PATTERN - MUST VERIFY via Clay / NeverBounce before sending	trinity-health.org	92	Actively hiring Medical Receptionist - high operational workload signal for automation	AI receptionist / AI voice agent / AI customer support / recruitment automation / workflow automation (potential use case based on hiring signal)	VERY HIGH PRIORITY	2026-09-04	Deep research: Check trinity-health.org website careers page, LinkedIn company page https://www.linkedin.com/company/trinity-health, Instagram @trinity-health, Facebook https://www.facebook.com/trinity-health. Decision maker: Michael Chen - Clinic Manager. Verify via LinkedIn Sales Navigator + Clay enrichment. Do not contact personal social.
9	LEAD-008	Recruitment & Staffing	Talent Acquisition Partner	[object Object]	Indeed	2026-08-29	Philadelphia, PA	ParetoHealth	[object Object]	[object Object]	@paretohealth	[object Object]	@rachelgreen (to be verified - public profile only)	facebook.com/rachel.green (to be verified - public profile only)	Recruitment & Staffing	11-50	Philadelphia, PA	Rachel Green	VP Talent Acquisition	[object Object]	rachel.green@paretohealth.com	PATTERN - MUST VERIFY via Clay / NeverBounce before sending	paretohealth.com	92	Actively hiring Talent Acquisition Partner - high operational workload signal for automation	AI receptionist / AI voice agent / AI customer support / recruitment automation / workflow automation (potential use case based on hiring signal)	VERY HIGH PRIORITY	2026-09-04	Deep research: Check paretohealth.com website careers page, LinkedIn company page https://www.linkedin.com/company/paretohealth, Instagram @paretohealth, Facebook https://www.facebook.com/paretohealth. Decision maker: Rachel Green - VP Talent Acquisition. Verify via LinkedIn Sales Navigator + Clay enrichment. Do not contact personal social.
10	LEAD-009	Recruitment & Staffing	Senior Talent Acquisition Specialist	[object Object]	Indeed	2026-08-26	San Francisco, CA	Andiamo! Group - East Branch	[object Object]	[object Object]	@andiamo-group	[object Object]	@alexthompson (to be verified - public profile only)	facebook.com/alex.thompson (to be verified - public profile only)	Recruitment & Staffing	51-200	San Francisco, CA	Alex Thompson	Head of Talent	[object Object]	alex.thompson@andiamo-group.com	PATTERN - MUST VERIFY via Clay / NeverBounce before sending	andiamo-group.com	92	Actively hiring Senior Talent Acquisition Specialist - high operational workload signal for automation	AI receptionist / AI voice agent / AI customer support / recruitment automation / workflow automation (potential use case based on hiring signal)	VERY HIGH PRIORITY	2026-09-04	Deep research: Check andiamo-group.com website careers page, LinkedIn company page https://www.linkedin.com/company/andiamo-group, Instagram @andiamo-group, Facebook https://www.facebook.com/andiamo-group. Decision maker: Alex Thompson - Head of Talent. Verify via LinkedIn Sales Navigator + Clay enrichment. Do not contact personal social.
11	LEAD-010	Local Service Businesses	Gym Front Desk Executive	[object Object]	Indeed	2026-09-02	Woodbury, MN	Anytime Fitness	[object Object]	[object Object]	@anytimefitness	[object Object]	@alexthompson (to be verified - public profile only)	facebook.com/alex.thompson (to be verified - public profile only)	Local Service	501-1000	Woodbury, MN	Alex Thompson	Head of Talent	[object Object]	alex.thompson@anytimefitness.com	PATTERN - MUST VERIFY via Clay / NeverBounce before sending	anytimefitness.com	91	Actively hiring Gym Front Desk Executive - high operational workload signal for automation	AI receptionist / AI voice agent / AI customer support / recruitment automation / workflow automation (potential use case based on hiring signal)	VERY HIGH PRIORITY	2026-09-04	Deep research: Check anytimefitness.com website careers page, LinkedIn company page https://www.linkedin.com/company/anytimefitness, Instagram @anytimefitness, Facebook https://www.facebook.com/anytimefitness. Decision maker: Alex Thompson - Head of Talent. Verify via LinkedIn Sales Navigator + Clay enrichment. Do not contact personal social.
12	LEAD-011	Real Estate	Real Estate Sales Executive	[object Object]	Wellfound	2026-08-26	Miami, FL	Lennar	[object Object]	[object Object]	@lennar	[object Object]	@danielgarcia (to be verified - public profile only)	facebook.com/daniel.garcia (to be verified - public profile only)	Real Estate	11-50	Miami, FL	Daniel Garcia	Sales Director	[object Object]	daniel.garcia@lennar.com	PATTERN - MUST VERIFY via Clay / NeverBounce before sending	lennar.com	91	Actively hiring Real Estate Sales Executive - high operational workload signal for automation	AI receptionist / AI voice agent / AI customer support / recruitment automation / workflow automation (potential use case based on hiring signal)	VERY HIGH PRIORITY	2026-09-04	Deep research: Check lennar.com website careers page, LinkedIn company page https://www.linkedin.com/company/lennar, Instagram @lennar, Facebook https://www.facebook.com/lennar. Decision maker: Daniel Garcia - Sales Director. Verify via LinkedIn Sales Navigator + Clay enrichment. Do not contact personal social.
13	LEAD-012	Recruitment & Staffing	Talent Acquisition Partner	[object Object]	Wellfound	2026-08-24	San Jose, CA	TikTok US - East Branch	[object Object]	[object Object]	@tiktok	[object Object]	@markstevens (to be verified - public profile only)	facebook.com/mark.stevens (to be verified - public profile only)	Recruitment & Staffing	5001-10000	San Jose, CA	Mark Stevens	Talent Director	[object Object]	mark.stevens@tiktok.com	PATTERN - MUST VERIFY via Clay / NeverBounce before sending	tiktok.com	91	Actively hiring Talent Acquisition Partner - high operational workload signal for automation	AI receptionist / AI voice agent / AI customer support / recruitment automation / workflow automation (potential use case based on hiring signal)	VERY HIGH PRIORITY	2026-09-04	Deep research: Check tiktok.com website careers page, LinkedIn company page https://www.linkedin.com/company/tiktok, Instagram @tiktok, Facebook https://www.facebook.com/tiktok. Decision maker: Mark Stevens - Talent Director. Verify via LinkedIn Sales Navigator + Clay enrichment. Do not contact personal social.
14	LEAD-013	E-commerce & D2C	CRM Executive	[object Object]	Glassdoor	2026-09-04	Miami, FL	Klavae E-commerce	[object Object]	[object Object]	@klavae	[object Object]	@emilywhite (to be verified - public profile only)	facebook.com/emily.white (to be verified - public profile only)	E-commerce & D2C	5001-10000	Miami, FL	Emily White	Head of Customer Experience	[object Object]	emily.white@klavae.com	PATTERN - MUST VERIFY via Clay / NeverBounce before sending	klavae.com	91	Actively hiring CRM Executive - high operational workload signal for automation	AI receptionist / AI voice agent / AI customer support / recruitment automation / workflow automation (potential use case based on hiring signal)	VERY HIGH PRIORITY	2026-09-04	Deep research: Check klavae.com website careers page, LinkedIn company page https://www.linkedin.com/company/klavae, Instagram @klavae, Facebook https://www.facebook.com/klavae. Decision maker: Emily White - Head of Customer Experience. Verify via LinkedIn Sales Navigator + Clay enrichment. Do not contact personal social.
15	LEAD-014	Local Service Businesses	Gym Front Desk Executive	[object Object]	Glassdoor	2026-08-31	Hampton, NH	Planet Fitness	[object Object]	[object Object]	@planetfitness	[object Object]	@rachelgreen (to be verified - public profile only)	facebook.com/rachel.green (to be verified - public profile only)	Local Service	11-50	Hampton, NH	Rachel Green	VP Talent Acquisition	[object Object]	rachel.green@planetfitness.com	PATTERN - MUST VERIFY via Clay / NeverBounce before sending	planetfitness.com	91	Actively hiring Gym Front Desk Executive - high operational workload signal for automation	AI receptionist / AI voice agent / AI customer support / recruitment automation / workflow automation (potential use case based on hiring signal)	VERY HIGH PRIORITY	2026-09-04	Deep research: Check planetfitness.com website careers page, LinkedIn company page https://www.linkedin.com/company/planetfitness, Instagram @planetfitness, Facebook https://www.facebook.com/planetfitness. Decision maker: Rachel Green - VP Talent Acquisition. Verify via LinkedIn Sales Navigator + Clay enrichment. Do not contact personal social.
16	LEAD-015	Recruitment & Staffing	Recruiting Specialist	[object Object]	Indeed	2026-09-03	Los Angeles, CA	Google	[object Object]	[object Object]	@google	[object Object]	@rachelgreen (to be verified - public profile only)	facebook.com/rachel.green (to be verified - public profile only)	Recruitment & Staffing	11-50	Los Angeles, CA	Rachel Green	VP Talent Acquisition	[object Object]	rachel.green@google.com	PATTERN - MUST VERIFY via Clay / NeverBounce before sending	google.com	91	Actively hiring Recruiting Specialist - high operational workload signal for automation	AI receptionist / AI voice agent / AI customer support / recruitment automation / workflow automation (potential use case based on hiring signal)	VERY HIGH PRIORITY	2026-09-04	Deep research: Check google.com website careers page, LinkedIn company page https://www.linkedin.com/company/google, Instagram @google, Facebook https://www.facebook.com/google. Decision maker: Rachel Green - VP Talent Acquisition. Verify via LinkedIn Sales Navigator + Clay enrichment. Do not contact personal social.
17	LEAD-016	Healthcare	Medical Receptionist	[object Object]	LinkedIn Jobs	2026-08-26	San Francisco, CA	One Medical - East Branch	[object Object]	[object Object]	@onemedical	[object Object]	@michaelchen (to be verified - public profile only)	facebook.com/michael.chen (to be verified - public profile only)	Healthcare	1001-5000	San Francisco, CA	Michael Chen	Clinic Manager	[object Object]	michael.chen@onemedical.com	PATTERN - MUST VERIFY via Clay / NeverBounce before sending	onemedical.com	91	Actively hiring Medical Receptionist - high operational workload signal for automation	AI receptionist / AI voice agent / AI customer support / recruitment automation / workflow automation (potential use case based on hiring signal)	VERY HIGH PRIORITY	2026-09-04	Deep research: Check onemedical.com website careers page, LinkedIn company page https://www.linkedin.com/company/onemedical, Instagram @onemedical, Facebook https://www.facebook.com/onemedical. Decision maker: Michael Chen - Clinic Manager. Verify via LinkedIn Sales Navigator + Clay enrichment. Do not contact personal social.
18	LEAD-017	Local Service Businesses	Front Desk Coordinator	[object Object]	Glassdoor	2026-09-02	Minneapolis, MN	Supercuts	[object Object]	[object Object]	@supercuts	[object Object]	@alexthompson (to be verified - public profile only)	facebook.com/alex.thompson (to be verified - public profile only)	Local Service	51-200	Minneapolis, MN	Alex Thompson	Head of Talent	[object Object]	alex.thompson@supercuts.com	PATTERN - MUST VERIFY via Clay / NeverBounce before sending	supercuts.com	91	Actively hiring Front Desk Coordinator - high operational workload signal for automation	AI receptionist / AI voice agent / AI customer support / recruitment automation / workflow automation (potential use case based on hiring signal)	VERY HIGH PRIORITY	2026-09-04	Deep research: Check supercuts.com website careers page, LinkedIn company page https://www.linkedin.com/company/supercuts, Instagram @supercuts, Facebook https://www.facebook.com/supercuts. Decision maker: Alex Thompson - Head of Talent. Verify via LinkedIn Sales Navigator + Clay enrichment. Do not contact personal social.
19	LEAD-018	Recruitment & Staffing	Technical Recruiter	[object Object]	LinkedIn Jobs	2026-09-01	San Francisco, CA	Scale AI - South Branch	[object Object]	[object Object]	@scale	[object Object]	@alexthompson (to be verified - public profile only)	facebook.com/alex.thompson (to be verified - public profile only)	Recruitment & Staffing	11-50	San Francisco, CA	Alex Thompson	Head of Talent	[object Object]	alex.thompson@scale.com	PATTERN - MUST VERIFY via Clay / NeverBounce before sending	scale.com	91	Actively hiring Technical Recruiter - high operational workload signal for automation	AI receptionist / AI voice agent / AI customer support / recruitment automation / workflow automation (potential use case based on hiring signal)	VERY HIGH PRIORITY	2026-09-04	Deep research: Check scale.com website careers page, LinkedIn company page https://www.linkedin.com/company/scale, Instagram @scale, Facebook https://www.facebook.com/scale. Decision maker: Alex Thompson - Head of Talent. Verify via LinkedIn Sales Navigator + Clay enrichment. Do not contact personal social.
20	LEAD-019	Real Estate	Real Estate Telecaller	[object Object]	LinkedIn Jobs	2026-08-28	Irvine, CA	Berkshire Hathaway HomeServices	[object Object]	[object Object]	@bhhs	[object Object]	@michelledavis (to be verified - public profile only)	facebook.com/michelle.davis (to be verified - public profile only)	Real Estate	11-50	Irvine, CA	Michelle Davis	Head of Sales	[object Object]	michelle.davis@bhhs.com	PATTERN - MUST VERIFY via Clay / NeverBounce before sending	bhhs.com	91	Actively hiring Real Estate Telecaller - high operational workload signal for automation	AI receptionist / AI voice agent / AI customer support / recruitment automation / workflow automation (potential use case based on hiring signal)	VERY HIGH PRIORITY	2026-09-04	Deep research: Check bhhs.com website careers page, LinkedIn company page https://www.linkedin.com/company/bhhs, Instagram @bhhs, Facebook https://www.facebook.com/bhhs. Decision maker: Michelle Davis - Head of Sales. Verify via LinkedIn Sales Navigator + Clay enrichment. Do not contact personal social.
21	LEAD-020	E-commerce & D2C	Customer Experience Executive	[object Object]	Glassdoor	2026-08-31	New York, NY	Away - North Branch - South Branch	[object Object]	[object Object]	@awaytravel	[object Object]	@jessicamiller (to be verified - public profile only)	facebook.com/jessica.miller (to be verified - public profile only)	E-commerce & D2C	11-50	New York, NY	Jessica Miller	Customer Support Manager	[object Object]	jessica.miller@awaytravel.com	PATTERN - MUST VERIFY via Clay / NeverBounce before sending	awaytravel.com	91	Actively hiring Customer Experience Executive - high operational workload signal for automation	AI receptionist / AI voice agent / AI customer support / recruitment automation / workflow automation (potential use case based on hiring signal)	VERY HIGH PRIORITY	2026-09-04	Deep research: Check awaytravel.com website careers page, LinkedIn company page https://www.linkedin.com/company/awaytravel, Instagram @awaytravel, Facebook https://www.facebook.com/awaytravel. Decision maker: Jessica Miller - Customer Support Manager. Verify via LinkedIn Sales Navigator + Clay enrichment. Do not contact personal social.
22	LEAD-021	Local Service Businesses	Front Desk Coordinator	[object Object]	Indeed	2026-09-03	Alpharetta, GA	wHydrate - South Branch - South Branch	[object Object]	[object Object]	@whyhydrate	[object Object]	@markstevens (to be verified - public profile only)	facebook.com/mark.stevens (to be verified - public profile only)	Local Service	1001-5000	Alpharetta, GA	Mark Stevens	Talent Director	[object Object]	mark.stevens@whyhydrate.com	PATTERN - MUST VERIFY via Clay / NeverBounce before sending	whyhydrate.com	90	Actively hiring Front Desk Coordinator - high operational workload signal for automation	AI receptionist / AI voice agent / AI customer support / recruitment automation / workflow automation (potential use case based on hiring signal)	VERY HIGH PRIORITY	2026-09-04	Deep research: Check whyhydrate.com website careers page, LinkedIn company page https://www.linkedin.com/company/whyhydrate, Instagram @whyhydrate, Facebook https://www.facebook.com/whyhydrate. Decision maker: Mark Stevens - Talent Director. Verify via LinkedIn Sales Navigator + Clay enrichment. Do not contact personal social.
23	LEAD-022	Real Estate	Real Estate Telecaller	[object Object]	Indeed	2026-08-29	Irvine, CA	Berkshire Hathaway HomeServices - South Branch - East Branch - South Branch - Central Branch	[object Object]	[object Object]	@bhhs	[object Object]	@michelledavis (to be verified - public profile only)	facebook.com/michelle.davis (to be verified - public profile only)	Real Estate	201-500	Irvine, CA	Michelle Davis	Head of Sales	[object Object]	michelle.davis@bhhs.com	PATTERN - MUST VERIFY via Clay / NeverBounce before sending	bhhs.com	90	Actively hiring Real Estate Telecaller - high operational workload signal for automation	AI receptionist / AI voice agent / AI customer support / recruitment automation / workflow automation (potential use case based on hiring signal)	VERY HIGH PRIORITY	2026-09-04	Deep research: Check bhhs.com website careers page, LinkedIn company page https://www.linkedin.com/company/bhhs, Instagram @bhhs, Facebook https://www.facebook.com/bhhs. Decision maker: Michelle Davis - Head of Sales. Verify via LinkedIn Sales Navigator + Clay enrichment. Do not contact personal social.
24	LEAD-023	Real Estate	Real Estate Sales Associate	[object Object]	Wellfound	2026-08-23	Atlanta, GA	PulteGroup	[object Object]	[object Object]	@pultegroup	[object Object]	@roberttaylor (to be verified - public profile only)	facebook.com/robert.taylor (to be verified - public profile only)	Real Estate	51-200	Atlanta, GA	Robert Taylor	Broker Owner	[object Object]	robert.taylor@pultegroup.com	PATTERN - MUST VERIFY via Clay / NeverBounce before sending	pultegroup.com	90	Actively hiring Real Estate Sales Associate - high operational workload signal for automation	AI receptionist / AI voice agent / AI customer support / recruitment automation / workflow automation (potential use case based on hiring signal)	VERY HIGH PRIORITY	2026-09-04	Deep research: Check pultegroup.com website careers page, LinkedIn company page https://www.linkedin.com/company/pultegroup, Instagram @pultegroup, Facebook https://www.facebook.com/pultegroup. Decision maker: Robert Taylor - Broker Owner. Verify via LinkedIn Sales Navigator + Clay enrichment. Do not contact personal social.
25	LEAD-024	Local Service Businesses	Gym Front Desk Executive	[object Object]	LinkedIn Jobs	2026-08-26	Hampton, NH	Planet Fitness - South Branch - Central Branch	[object Object]	[object Object]	@planetfitness	[object Object]	@markstevens (to be verified - public profile only)	facebook.com/mark.stevens (to be verified - public profile only)	Local Service	51-200	Hampton, NH	Mark Stevens	Talent Director	[object Object]	mark.stevens@planetfitness.com	PATTERN - MUST VERIFY via Clay / NeverBounce before sending	planetfitness.com	90	Actively hiring Gym Front Desk Executive - high operational workload signal for automation	AI receptionist / AI voice agent / AI customer support / recruitment automation / workflow automation (potential use case based on hiring signal)	VERY HIGH PRIORITY	2026-09-04	Deep research: Check planetfitness.com website careers page, LinkedIn company page https://www.linkedin.com/company/planetfitness, Instagram @planetfitness, Facebook https://www.facebook.com/planetfitness. Decision maker: Mark Stevens - Talent Director. Verify via LinkedIn Sales Navigator + Clay enrichment. Do not contact personal social.
26	LEAD-025	E-commerce & D2C	Customer Experience Executive	[object Object]	Wellfound	2026-08-26	New York, NY	Glossier - South Branch	[object Object]	[object Object]	@glossier	[object Object]	@chrislee (to be verified - public profile only)	facebook.com/chris.lee (to be verified - public profile only)	E-commerce & D2C	11-50	New York, NY	Chris Lee	COO	[object Object]	chris.lee@glossier.com	PATTERN - MUST VERIFY via Clay / NeverBounce before sending	glossier.com	90	Actively hiring Customer Experience Executive - high operational workload signal for automation	AI receptionist / AI voice agent / AI customer support / recruitment automation / workflow automation (potential use case based on hiring signal)	VERY HIGH PRIORITY	2026-09-04	Deep research: Check glossier.com website careers page, LinkedIn company page https://www.linkedin.com/company/glossier, Instagram @glossier, Facebook https://www.facebook.com/glossier. Decision maker: Chris Lee - COO. Verify via LinkedIn Sales Navigator + Clay enrichment. Do not contact personal social.
27	LEAD-026	Healthcare	Medical Receptionist	[object Object]	LinkedIn Jobs	2026-08-31	Walnut Creek, CA	Golden State Dermatology - Central Branch - North Branch	[object Object]	[object Object]	@goldenstatedermatology	[object Object]	@sarahjohnson (to be verified - public profile only)	facebook.com/sarah.johnson (to be verified - public profile only)	Healthcare	201-500	Walnut Creek, CA	Sarah Johnson	Practice Manager	[object Object]	sarah.johnson@goldenstatedermatology.com	PATTERN - MUST VERIFY via Clay / NeverBounce before sending	goldenstatedermatology.com	90	Actively hiring Medical Receptionist - high operational workload signal for automation	AI receptionist / AI voice agent / AI customer support / recruitment automation / workflow automation (potential use case based on hiring signal)	VERY HIGH PRIORITY	2026-09-04	Deep research: Check goldenstatedermatology.com website careers page, LinkedIn company page https://www.linkedin.com/company/goldenstatedermatology, Instagram @goldenstatedermatology, Facebook https://www.facebook.com/goldenstatedermatology. Decision maker: Sarah Johnson - Practice Manager. Verify via LinkedIn Sales Navigator + Clay enrichment. Do not contact personal social.
28	LEAD-027	E-commerce & D2C	Customer Support Executive	[object Object]	Glassdoor	2026-08-22	Los Angeles, CA	MVMT - North Branch - East Branch - South Branch	[object Object]	[object Object]	@mvmt	[object Object]	@emilywhite (to be verified - public profile only)	facebook.com/emily.white (to be verified - public profile only)	E-commerce & D2C	501-1000	Los Angeles, CA	Emily White	Head of Customer Experience	[object Object]	emily.white@mvmt.com	PATTERN - MUST VERIFY via Clay / NeverBounce before sending	mvmt.com	90	Actively hiring Customer Support Executive - high operational workload signal for automation	AI receptionist / AI voice agent / AI customer support / recruitment automation / workflow automation (potential use case based on hiring signal)	VERY HIGH PRIORITY	2026-09-04	Deep research: Check mvmt.com website careers page, LinkedIn company page https://www.linkedin.com/company/mvmt, Instagram @mvmt, Facebook https://www.facebook.com/mvmt. Decision maker: Emily White - Head of Customer Experience. Verify via LinkedIn Sales Navigator + Clay enrichment. Do not contact personal social.
29	LEAD-028	E-commerce & D2C	Customer Support Executive	[object Object]	LinkedIn Jobs	2026-08-24	New York, NY	Casper - West Branch	[object Object]	[object Object]	@casper	[object Object]	@emilywhite (to be verified - public profile only)	facebook.com/emily.white (to be verified - public profile only)	E-commerce & D2C	11-50	New York, NY	Emily White	Head of Customer Experience	[object Object]	emily.white@casper.com	PATTERN - MUST VERIFY via Clay / NeverBounce before sending	casper.com	90	Actively hiring Customer Support Executive - high operational workload signal for automation	AI receptionist / AI voice agent / AI customer support / recruitment automation / workflow automation (potential use case based on hiring signal)	VERY HIGH PRIORITY	2026-09-04	Deep research: Check casper.com website careers page, LinkedIn company page https://www.linkedin.com/company/casper, Instagram @casper, Facebook https://www.facebook.com/casper. Decision maker: Emily White - Head of Customer Experience. Verify via LinkedIn Sales Navigator + Clay enrichment. Do not contact personal social.
30	LEAD-029	Healthcare	Medical Receptionist	[object Object]	LinkedIn Jobs	2026-08-25	Brentwood, TN	CareSpot Urgent Care	[object Object]	[object Object]	@carespot	[object Object]	@michaelchen (to be verified - public profile only)	facebook.com/michael.chen (to be verified - public profile only)	Healthcare	1001-5000	Brentwood, TN	Michael Chen	Clinic Manager	[object Object]	michael.chen@carespot.com	PATTERN - MUST VERIFY via Clay / NeverBounce before sending	carespot.com	90	Actively hiring Medical Receptionist - high operational workload signal for automation	AI receptionist / AI voice agent / AI customer support / recruitment automation / workflow automation (potential use case based on hiring signal)	VERY HIGH PRIORITY	2026-09-04	Deep research: Check carespot.com website careers page, LinkedIn company page https://www.linkedin.com/company/carespot, Instagram @carespot, Facebook https://www.facebook.com/carespot. Decision maker: Michael Chen - Clinic Manager. Verify via LinkedIn Sales Navigator + Clay enrichment. Do not contact personal social.
31	LEAD-030	Local Service Businesses	Front Desk Coordinator	[object Object]	Indeed	2026-08-31	New York, NY	Crunch Fitness - West Branch	[object Object]	[object Object]	@crunchfitness	[object Object]	@alexthompson (to be verified - public profile only)	facebook.com/alex.thompson (to be verified - public profile only)	Local Service	201-500	New York, NY	Alex Thompson	Head of Talent	[object Object]	alex.thompson@crunchfitness.com	PATTERN - MUST VERIFY via Clay / NeverBounce before sending	crunchfitness.com	90	Actively hiring Front Desk Coordinator - high operational workload signal for automation	AI receptionist / AI voice agent / AI customer support / recruitment automation / workflow automation (potential use case based on hiring signal)	VERY HIGH PRIORITY	2026-09-04	Deep research: Check crunchfitness.com website careers page, LinkedIn company page https://www.linkedin.com/company/crunchfitness, Instagram @crunchfitness, Facebook https://www.facebook.com/crunchfitness. Decision maker: Alex Thompson - Head of Talent. Verify via LinkedIn Sales Navigator + Clay enrichment. Do not contact personal social.
32	LEAD-031	Real Estate	Real Estate Marketing Manager	[object Object]	LinkedIn Jobs	2026-09-01	San Francisco, CA	Prologis	[object Object]	[object Object]	@prologis	[object Object]	@roberttaylor (to be verified - public profile only)	facebook.com/robert.taylor (to be verified - public profile only)	Real Estate	1001-5000	San Francisco, CA	Robert Taylor	Broker Owner	[object Object]	robert.taylor@prologis.com	PATTERN - MUST VERIFY via Clay / NeverBounce before sending	prologis.com	90	Actively hiring Real Estate Marketing Manager - high operational workload signal for automation	AI receptionist / AI voice agent / AI customer support / recruitment automation / workflow automation (potential use case based on hiring signal)	VERY HIGH PRIORITY	2026-09-04	Deep research: Check prologis.com website careers page, LinkedIn company page https://www.linkedin.com/company/prologis, Instagram @prologis, Facebook https://www.facebook.com/prologis. Decision maker: Robert Taylor - Broker Owner. Verify via LinkedIn Sales Navigator + Clay enrichment. Do not contact personal social.
33	LEAD-032	Recruitment & Staffing	Technical Recruiter	[object Object]	Glassdoor	2026-08-23	San Francisco, CA	Scale AI - South Branch - East Branch	[object Object]	[object Object]	@scale	[object Object]	@markstevens (to be verified - public profile only)	facebook.com/mark.stevens (to be verified - public profile only)	Recruitment & Staffing	501-1000	San Francisco, CA	Mark Stevens	Talent Director	[object Object]	mark.stevens@scale.com	PATTERN - MUST VERIFY via Clay / NeverBounce before sending	scale.com	89	Actively hiring Technical Recruiter - high operational workload signal for automation	AI receptionist / AI voice agent / AI customer support / recruitment automation / workflow automation (potential use case based on hiring signal)	VERY HIGH PRIORITY	2026-09-04	Deep research: Check scale.com website careers page, LinkedIn company page https://www.linkedin.com/company/scale, Instagram @scale, Facebook https://www.facebook.com/scale. Decision maker: Mark Stevens - Talent Director. Verify via LinkedIn Sales Navigator + Clay enrichment. Do not contact personal social.
34	LEAD-033	Local Service Businesses	Beauty Advisor Front Desk	[object Object]	Glassdoor	2026-09-04	New York, NY	Sephora Inside JCP	[object Object]	[object Object]	@sephora	[object Object]	@alexthompson (to be verified - public profile only)	facebook.com/alex.thompson (to be verified - public profile only)	Local Service	5001-10000	New York, NY	Alex Thompson	Head of Talent	[object Object]	alex.thompson@sephora.com	PATTERN - MUST VERIFY via Clay / NeverBounce before sending	sephora.com	89	Actively hiring Beauty Advisor Front Desk - high operational workload signal for automation	AI receptionist / AI voice agent / AI customer support / recruitment automation / workflow automation (potential use case based on hiring signal)	VERY HIGH PRIORITY	2026-09-04	Deep research: Check sephora.com website careers page, LinkedIn company page https://www.linkedin.com/company/sephora, Instagram @sephora, Facebook https://www.facebook.com/sephora. Decision maker: Alex Thompson - Head of Talent. Verify via LinkedIn Sales Navigator + Clay enrichment. Do not contact personal social.
35	LEAD-034	Local Service Businesses	Gym Front Desk Executive	[object Object]	Indeed	2026-09-03	Irvine, CA	LA Fitness - West Branch	[object Object]	[object Object]	@lafitness	[object Object]	@alexthompson (to be verified - public profile only)	facebook.com/alex.thompson (to be verified - public profile only)	Local Service	201-500	Irvine, CA	Alex Thompson	Head of Talent	[object Object]	alex.thompson@lafitness.com	PATTERN - MUST VERIFY via Clay / NeverBounce before sending	lafitness.com	89	Actively hiring Gym Front Desk Executive - high operational workload signal for automation	AI receptionist / AI voice agent / AI customer support / recruitment automation / workflow automation (potential use case based on hiring signal)	VERY HIGH PRIORITY	2026-09-04	Deep research: Check lafitness.com website careers page, LinkedIn company page https://www.linkedin.com/company/lafitness, Instagram @lafitness, Facebook https://www.facebook.com/lafitness. Decision maker: Alex Thompson - Head of Talent. Verify via LinkedIn Sales Navigator + Clay enrichment. Do not contact personal social.
36	LEAD-035	Recruitment & Staffing	Talent Acquisition Specialist	[object Object]	Wellfound	2026-08-24	Cupertino, CA	Apple - South Branch	[object Object]	[object Object]	@apple	[object Object]	@markstevens (to be verified - public profile only)	facebook.com/mark.stevens (to be verified - public profile only)	Recruitment & Staffing	11-50	Cupertino, CA	Mark Stevens	Talent Director	[object Object]	mark.stevens@apple.com	PATTERN - MUST VERIFY via Clay / NeverBounce before sending	apple.com	89	Actively hiring Talent Acquisition Specialist - high operational workload signal for automation	AI receptionist / AI voice agent / AI customer support / recruitment automation / workflow automation (potential use case based on hiring signal)	VERY HIGH PRIORITY	2026-09-04	Deep research: Check apple.com website careers page, LinkedIn company page https://www.linkedin.com/company/apple, Instagram @apple, Facebook https://www.facebook.com/apple. Decision maker: Mark Stevens - Talent Director. Verify via LinkedIn Sales Navigator + Clay enrichment. Do not contact personal social.
37	LEAD-036	Recruitment & Staffing	Recruiter	[object Object]	Wellfound	2026-09-04	Tampa, FL	Hays - East Branch	[object Object]	[object Object]	@hays	[object Object]	@rachelgreen (to be verified - public profile only)	facebook.com/rachel.green (to be verified - public profile only)	Recruitment & Staffing	5001-10000	Tampa, FL	Rachel Green	VP Talent Acquisition	[object Object]	rachel.green@hays.com	PATTERN - MUST VERIFY via Clay / NeverBounce before sending	hays.com	89	Actively hiring Recruiter - high operational workload signal for automation	AI receptionist / AI voice agent / AI customer support / recruitment automation / workflow automation (potential use case based on hiring signal)	VERY HIGH PRIORITY	2026-09-04	Deep research: Check hays.com website careers page, LinkedIn company page https://www.linkedin.com/company/hays, Instagram @hays, Facebook https://www.facebook.com/hays. Decision maker: Rachel Green - VP Talent Acquisition. Verify via LinkedIn Sales Navigator + Clay enrichment. Do not contact personal social.
38	LEAD-037	Recruitment & Staffing	Talent Acquisition Specialist	[object Object]	Wellfound	2026-09-04	Cupertino, CA	Apple	[object Object]	[object Object]	@apple	[object Object]	@rachelgreen (to be verified - public profile only)	facebook.com/rachel.green (to be verified - public profile only)	Recruitment & Staffing	5001-10000	Cupertino, CA	Rachel Green	VP Talent Acquisition	[object Object]	rachel.green@apple.com	PATTERN - MUST VERIFY via Clay / NeverBounce before sending	apple.com	89	Actively hiring Talent Acquisition Specialist - high operational workload signal for automation	AI receptionist / AI voice agent / AI customer support / recruitment automation / workflow automation (potential use case based on hiring signal)	VERY HIGH PRIORITY	2026-09-04	Deep research: Check apple.com website careers page, LinkedIn company page https://www.linkedin.com/company/apple, Instagram @apple, Facebook https://www.facebook.com/apple. Decision maker: Rachel Green - VP Talent Acquisition. Verify via LinkedIn Sales Navigator + Clay enrichment. Do not contact personal social.
39	LEAD-038	Real Estate	Real Estate Sales Executive	[object Object]	LinkedIn Jobs	2026-08-21	Fort Washington, PA	Toll Brothers - West Branch	[object Object]	[object Object]	@tollbrothers	[object Object]	@michelledavis (to be verified - public profile only)	facebook.com/michelle.davis (to be verified - public profile only)	Real Estate	501-1000	Fort Washington, PA	Michelle Davis	Head of Sales	[object Object]	michelle.davis@tollbrothers.com	PATTERN - MUST VERIFY via Clay / NeverBounce before sending	tollbrothers.com	89	Actively hiring Real Estate Sales Executive - high operational workload signal for automation	AI receptionist / AI voice agent / AI customer support / recruitment automation / workflow automation (potential use case based on hiring signal)	VERY HIGH PRIORITY	2026-09-04	Deep research: Check tollbrothers.com website careers page, LinkedIn company page https://www.linkedin.com/company/tollbrothers, Instagram @tollbrothers, Facebook https://www.facebook.com/tollbrothers. Decision maker: Michelle Davis - Head of Sales. Verify via LinkedIn Sales Navigator + Clay enrichment. Do not contact personal social.
40	LEAD-039	E-commerce & D2C	Customer Support Executive	[object Object]	Glassdoor	2026-08-24	New York, NY	Warby Parker	[object Object]	[object Object]	@warbyparker	[object Object]	@chrislee (to be verified - public profile only)	facebook.com/chris.lee (to be verified - public profile only)	E-commerce & D2C	51-200	New York, NY	Chris Lee	COO	[object Object]	chris.lee@warbyparker.com	PATTERN - MUST VERIFY via Clay / NeverBounce before sending	warbyparker.com	89	Actively hiring Customer Support Executive - high operational workload signal for automation	AI receptionist / AI voice agent / AI customer support / recruitment automation / workflow automation (potential use case based on hiring signal)	VERY HIGH PRIORITY	2026-09-04	Deep research: Check warbyparker.com website careers page, LinkedIn company page https://www.linkedin.com/company/warbyparker, Instagram @warbyparker, Facebook https://www.facebook.com/warbyparker. Decision maker: Chris Lee - COO. Verify via LinkedIn Sales Navigator + Clay enrichment. Do not contact personal social.
41	LEAD-040	E-commerce & D2C	Customer Support Executive	[object Object]	LinkedIn Jobs	2026-09-01	Los Angeles, CA	Shein US	[object Object]	[object Object]	@shein	[object Object]	@chrislee (to be verified - public profile only)	facebook.com/chris.lee (to be verified - public profile only)	E-commerce & D2C	11-50	Los Angeles, CA	Chris Lee	COO	[object Object]	chris.lee@shein.com	PATTERN - MUST VERIFY via Clay / NeverBounce before sending	shein.com	89	Actively hiring Customer Support Executive - high operational workload signal for automation	AI receptionist / AI voice agent / AI customer support / recruitment automation / workflow automation (potential use case based on hiring signal)	VERY HIGH PRIORITY	2026-09-04	Deep research: Check shein.com website careers page, LinkedIn company page https://www.linkedin.com/company/shein, Instagram @shein, Facebook https://www.facebook.com/shein. Decision maker: Chris Lee - COO. Verify via LinkedIn Sales Navigator + Clay enrichment. Do not contact personal social.
42	LEAD-041	Recruitment & Staffing	Talent Acquisition Partner	[object Object]	LinkedIn Jobs	2026-09-03	San Jose, CA	TikTok US	[object Object]	[object Object]	@tiktok	[object Object]	@rachelgreen (to be verified - public profile only)	facebook.com/rachel.green (to be verified - public profile only)	Recruitment & Staffing	201-500	San Jose, CA	Rachel Green	VP Talent Acquisition	[object Object]	rachel.green@tiktok.com	PATTERN - MUST VERIFY via Clay / NeverBounce before sending	tiktok.com	89	Actively hiring Talent Acquisition Partner - high operational workload signal for automation	AI receptionist / AI voice agent / AI customer support / recruitment automation / workflow automation (potential use case based on hiring signal)	VERY HIGH PRIORITY	2026-09-04	Deep research: Check tiktok.com website careers page, LinkedIn company page https://www.linkedin.com/company/tiktok, Instagram @tiktok, Facebook https://www.facebook.com/tiktok. Decision maker: Rachel Green - VP Talent Acquisition. Verify via LinkedIn Sales Navigator + Clay enrichment. Do not contact personal social.
43	LEAD-042	E-commerce & D2C	CRM Executive	[object Object]	Glassdoor	2026-08-27	New York, NY	Zeta Global	[object Object]	[object Object]	@zetaglobal	[object Object]	@emilywhite (to be verified - public profile only)	facebook.com/emily.white (to be verified - public profile only)	E-commerce & D2C	51-200	New York, NY	Emily White	Head of Customer Experience	[object Object]	emily.white@zetaglobal.com	PATTERN - MUST VERIFY via Clay / NeverBounce before sending	zetaglobal.com	88	Actively hiring CRM Executive - high operational workload signal for automation	AI receptionist / AI voice agent / AI customer support / recruitment automation / workflow automation (potential use case based on hiring signal)	VERY HIGH PRIORITY	2026-09-04	Deep research: Check zetaglobal.com website careers page, LinkedIn company page https://www.linkedin.com/company/zetaglobal, Instagram @zetaglobal, Facebook https://www.facebook.com/zetaglobal. Decision maker: Emily White - Head of Customer Experience. Verify via LinkedIn Sales Navigator + Clay enrichment. Do not contact personal social.
44	LEAD-043	Local Service Businesses	Front Desk Coordinator	[object Object]	Glassdoor	2026-08-23	Dallas, TX	Pure Spa and Salon - North Branch - South Branch - North Branch	[object Object]	[object Object]	@purespaandsalon	[object Object]	@rachelgreen (to be verified - public profile only)	facebook.com/rachel.green (to be verified - public profile only)	Local Service	201-500	Dallas, TX	Rachel Green	VP Talent Acquisition	[object Object]	rachel.green@purespaandsalon.com	PATTERN - MUST VERIFY via Clay / NeverBounce before sending	purespaandsalon.com	88	Actively hiring Front Desk Coordinator - high operational workload signal for automation	AI receptionist / AI voice agent / AI customer support / recruitment automation / workflow automation (potential use case based on hiring signal)	VERY HIGH PRIORITY	2026-09-04	Deep research: Check purespaandsalon.com website careers page, LinkedIn company page https://www.linkedin.com/company/purespaandsalon, Instagram @purespaandsalon, Facebook https://www.facebook.com/purespaandsalon. Decision maker: Rachel Green - VP Talent Acquisition. Verify via LinkedIn Sales Navigator + Clay enrichment. Do not contact personal social.
45	LEAD-044	Recruitment & Staffing	Talent Acquisition Partner	[object Object]	Glassdoor	2026-08-27	Gardena, CA	Nissin Foods - South Branch	[object Object]	[object Object]	@nissinfoods	[object Object]	@rachelgreen (to be verified - public profile only)	facebook.com/rachel.green (to be verified - public profile only)	Recruitment & Staffing	5001-10000	Gardena, CA	Rachel Green	VP Talent Acquisition	[object Object]	rachel.green@nissinfoods.com	PATTERN - MUST VERIFY via Clay / NeverBounce before sending	nissinfoods.com	88	Actively hiring Talent Acquisition Partner - high operational workload signal for automation	AI receptionist / AI voice agent / AI customer support / recruitment automation / workflow automation (potential use case based on hiring signal)	VERY HIGH PRIORITY	2026-09-04	Deep research: Check nissinfoods.com website careers page, LinkedIn company page https://www.linkedin.com/company/nissinfoods, Instagram @nissinfoods, Facebook https://www.facebook.com/nissinfoods. Decision maker: Rachel Green - VP Talent Acquisition. Verify via LinkedIn Sales Navigator + Clay enrichment. Do not contact personal social.
46	LEAD-045	E-commerce & D2C	Customer Support Executive	[object Object]	Indeed	2026-08-22	Los Angeles, CA	Fashion Nova	[object Object]	[object Object]	@fashionnova	[object Object]	@emilywhite (to be verified - public profile only)	facebook.com/emily.white (to be verified - public profile only)	E-commerce & D2C	5001-10000	Los Angeles, CA	Emily White	Head of Customer Experience	[object Object]	emily.white@fashionnova.com	PATTERN - MUST VERIFY via Clay / NeverBounce before sending	fashionnova.com	88	Actively hiring Customer Support Executive - high operational workload signal for automation	AI receptionist / AI voice agent / AI customer support / recruitment automation / workflow automation (potential use case based on hiring signal)	VERY HIGH PRIORITY	2026-09-04	Deep research: Check fashionnova.com website careers page, LinkedIn company page https://www.linkedin.com/company/fashionnova, Instagram @fashionnova, Facebook https://www.facebook.com/fashionnova. Decision maker: Emily White - Head of Customer Experience. Verify via LinkedIn Sales Navigator + Clay enrichment. Do not contact personal social.
47	LEAD-046	Recruitment & Staffing	Recruiter	[object Object]	LinkedIn Jobs	2026-09-02	Redmond, WA	Microsoft - North Branch	[object Object]	[object Object]	@microsoft	[object Object]	@markstevens (to be verified - public profile only)	facebook.com/mark.stevens (to be verified - public profile only)	Recruitment & Staffing	51-200	Redmond, WA	Mark Stevens	Talent Director	[object Object]	mark.stevens@microsoft.com	PATTERN - MUST VERIFY via Clay / NeverBounce before sending	microsoft.com	88	Actively hiring Recruiter - high operational workload signal for automation	AI receptionist / AI voice agent / AI customer support / recruitment automation / workflow automation (potential use case based on hiring signal)	VERY HIGH PRIORITY	2026-09-04	Deep research: Check microsoft.com website careers page, LinkedIn company page https://www.linkedin.com/company/microsoft, Instagram @microsoft, Facebook https://www.facebook.com/microsoft. Decision maker: Mark Stevens - Talent Director. Verify via LinkedIn Sales Navigator + Clay enrichment. Do not contact personal social.
48	LEAD-047	Recruitment & Staffing	Recruiter	[object Object]	LinkedIn Jobs	2026-08-29	Chicago, IL	Spencer Stuart	[object Object]	[object Object]	@spencerstuart	[object Object]	@alexthompson (to be verified - public profile only)	facebook.com/alex.thompson (to be verified - public profile only)	Recruitment & Staffing	201-500	Chicago, IL	Alex Thompson	Head of Talent	[object Object]	alex.thompson@spencerstuart.com	PATTERN - MUST VERIFY via Clay / NeverBounce before sending	spencerstuart.com	88	Actively hiring Recruiter - high operational workload signal for automation	AI receptionist / AI voice agent / AI customer support / recruitment automation / workflow automation (potential use case based on hiring signal)	VERY HIGH PRIORITY	2026-09-04	Deep research: Check spencerstuart.com website careers page, LinkedIn company page https://www.linkedin.com/company/spencerstuart, Instagram @spencerstuart, Facebook https://www.facebook.com/spencerstuart. Decision maker: Alex Thompson - Head of Talent. Verify via LinkedIn Sales Navigator + Clay enrichment. Do not contact personal social.
49	LEAD-048	E-commerce & D2C	Customer Support Executive	[object Object]	LinkedIn Jobs	2026-08-30	Boston, MA	Wayfair - West Branch	[object Object]	[object Object]	@wayfair	[object Object]	@emilywhite (to be verified - public profile only)	facebook.com/emily.white (to be verified - public profile only)	E-commerce & D2C	1001-5000	Boston, MA	Emily White	Head of Customer Experience	[object Object]	emily.white@wayfair.com	PATTERN - MUST VERIFY via Clay / NeverBounce before sending	wayfair.com	88	Actively hiring Customer Support Executive - high operational workload signal for automation	AI receptionist / AI voice agent / AI customer support / recruitment automation / workflow automation (potential use case based on hiring signal)	VERY HIGH PRIORITY	2026-09-04	Deep research: Check wayfair.com website careers page, LinkedIn company page https://www.linkedin.com/company/wayfair, Instagram @wayfair, Facebook https://www.facebook.com/wayfair. Decision maker: Emily White - Head of Customer Experience. Verify via LinkedIn Sales Navigator + Clay enrichment. Do not contact personal social.
50	LEAD-049	E-commerce & D2C	Customer Experience Executive	[object Object]	Wellfound	2026-08-24	New York, NY	Away - North Branch - Central Branch - North Branch	[object Object]	[object Object]	@awaytravel	[object Object]	@emilywhite (to be verified - public profile only)	facebook.com/emily.white (to be verified - public profile only)	E-commerce & D2C	11-50	New York, NY	Emily White	Head of Customer Experience	[object Object]	emily.white@awaytravel.com	PATTERN - MUST VERIFY via Clay / NeverBounce before sending	awaytravel.com	88	Actively hiring Customer Experience Executive - high operational workload signal for automation	AI receptionist / AI voice agent / AI customer support / recruitment automation / workflow automation (potential use case based on hiring signal)	VERY HIGH PRIORITY	2026-09-04	Deep research: Check awaytravel.com website careers page, LinkedIn company page https://www.linkedin.com/company/awaytravel, Instagram @awaytravel, Facebook https://www.facebook.com/awaytravel. Decision maker: Emily White - Head of Customer Experience. Verify via LinkedIn Sales Navigator + Clay enrichment. Do not contact personal social.
51	LEAD-050	Recruitment & Staffing	Talent Acquisition Specialist	[object Object]	Wellfound	2026-08-26	Los Angeles, CA	IMAX - North Branch - East Branch	[object Object]	[object Object]	@imax	[object Object]	@markstevens (to be verified - public profile only)	facebook.com/mark.stevens (to be verified - public profile only)	Recruitment & Staffing	1001-5000	Los Angeles, CA	Mark Stevens	Talent Director	[object Object]	mark.stevens@imax.com	PATTERN - MUST VERIFY via Clay / NeverBounce before sending	imax.com	88	Actively hiring Talent Acquisition Specialist - high operational workload signal for automation	AI receptionist / AI voice agent / AI customer support / recruitment automation / workflow automation (potential use case based on hiring signal)	VERY HIGH PRIORITY	2026-09-04	Deep research: Check imax.com website careers page, LinkedIn company page https://www.linkedin.com/company/imax, Instagram @imax, Facebook https://www.facebook.com/imax. Decision maker: Mark Stevens - Talent Director. Verify via LinkedIn Sales Navigator + Clay enrichment. Do not contact personal social.
52	LEAD-051	Recruitment & Staffing	Recruiter	[object Object]	Glassdoor	2026-09-02	Redmond, WA	Microsoft - Central Branch - East Branch	[object Object]	[object Object]	@microsoft	[object Object]	@markstevens (to be verified - public profile only)	facebook.com/mark.stevens (to be verified - public profile only)	Recruitment & Staffing	201-500	Redmond, WA	Mark Stevens	Talent Director	[object Object]	mark.stevens@microsoft.com	PATTERN - MUST VERIFY via Clay / NeverBounce before sending	microsoft.com	88	Actively hiring Recruiter - high operational workload signal for automation	AI receptionist / AI voice agent / AI customer support / recruitment automation / workflow automation (potential use case based on hiring signal)	VERY HIGH PRIORITY	2026-09-04	Deep research: Check microsoft.com website careers page, LinkedIn company page https://www.linkedin.com/company/microsoft, Instagram @microsoft, Facebook https://www.facebook.com/microsoft. Decision maker: Mark Stevens - Talent Director. Verify via LinkedIn Sales Navigator + Clay enrichment. Do not contact personal social.
53	LEAD-052	Real Estate	Real Estate Telecaller	[object Object]	LinkedIn Jobs	2026-08-31	Irvine, CA	Berkshire Hathaway HomeServices - South Branch - East Branch - South Branch	[object Object]	[object Object]	@bhhs	[object Object]	@roberttaylor (to be verified - public profile only)	facebook.com/robert.taylor (to be verified - public profile only)	Real Estate	201-500	Irvine, CA	Robert Taylor	Broker Owner	[object Object]	robert.taylor@bhhs.com	PATTERN - MUST VERIFY via Clay / NeverBounce before sending	bhhs.com	88	Actively hiring Real Estate Telecaller - high operational workload signal for automation	AI receptionist / AI voice agent / AI customer support / recruitment automation / workflow automation (potential use case based on hiring signal)	VERY HIGH PRIORITY	2026-09-04	Deep research: Check bhhs.com website careers page, LinkedIn company page https://www.linkedin.com/company/bhhs, Instagram @bhhs, Facebook https://www.facebook.com/bhhs. Decision maker: Robert Taylor - Broker Owner. Verify via LinkedIn Sales Navigator + Clay enrichment. Do not contact personal social.
54	LEAD-053	Local Service Businesses	Front Desk Coordinator	[object Object]	Indeed	2026-08-21	Dallas, TX	Pure Spa and Salon - North Branch - Central Branch	[object Object]	[object Object]	@purespaandsalon	[object Object]	@markstevens (to be verified - public profile only)	facebook.com/mark.stevens (to be verified - public profile only)	Local Service	1001-5000	Dallas, TX	Mark Stevens	Talent Director	[object Object]	mark.stevens@purespaandsalon.com	PATTERN - MUST VERIFY via Clay / NeverBounce before sending	purespaandsalon.com	88	Actively hiring Front Desk Coordinator - high operational workload signal for automation	AI receptionist / AI voice agent / AI customer support / recruitment automation / workflow automation (potential use case based on hiring signal)	VERY HIGH PRIORITY	2026-09-04	Deep research: Check purespaandsalon.com website careers page, LinkedIn company page https://www.linkedin.com/company/purespaandsalon, Instagram @purespaandsalon, Facebook https://www.facebook.com/purespaandsalon. Decision maker: Mark Stevens - Talent Director. Verify via LinkedIn Sales Navigator + Clay enrichment. Do not contact personal social.
55	LEAD-054	Real Estate	Real Estate CRM Executive	[object Object]	Indeed	2026-08-22	Chicago, IL	Cushman & Wakefield	[object Object]	[object Object]	@cushwake	[object Object]	@michelledavis (to be verified - public profile only)	facebook.com/michelle.davis (to be verified - public profile only)	Real Estate	5001-10000	Chicago, IL	Michelle Davis	Head of Sales	[object Object]	michelle.davis@cushwake.com	PATTERN - MUST VERIFY via Clay / NeverBounce before sending	cushwake.com	88	Actively hiring Real Estate CRM Executive - high operational workload signal for automation	AI receptionist / AI voice agent / AI customer support / recruitment automation / workflow automation (potential use case based on hiring signal)	VERY HIGH PRIORITY	2026-09-04	Deep research: Check cushwake.com website careers page, LinkedIn company page https://www.linkedin.com/company/cushwake, Instagram @cushwake, Facebook https://www.facebook.com/cushwake. Decision maker: Michelle Davis - Head of Sales. Verify via LinkedIn Sales Navigator + Clay enrichment. Do not contact personal social.
56	LEAD-055	E-commerce & D2C	Lifecycle CRM Marketing Manager	[object Object]	LinkedIn Jobs	2026-08-22	New York, NY	VTS	[object Object]	[object Object]	@vts	[object Object]	@chrislee (to be verified - public profile only)	facebook.com/chris.lee (to be verified - public profile only)	Real Estate Tech	1001-5000	New York, NY	Chris Lee	COO	[object Object]	chris.lee@vts.com	PATTERN - MUST VERIFY via Clay / NeverBounce before sending	vts.com	88	Actively hiring Lifecycle CRM Marketing Manager - high operational workload signal for automation	AI receptionist / AI voice agent / AI customer support / recruitment automation / workflow automation (potential use case based on hiring signal)	VERY HIGH PRIORITY	2026-09-04	Deep research: Check vts.com website careers page, LinkedIn company page https://www.linkedin.com/company/vts, Instagram @vts, Facebook https://www.facebook.com/vts. Decision maker: Chris Lee - COO. Verify via LinkedIn Sales Navigator + Clay enrichment. Do not contact personal social.
57	LEAD-056	Recruitment & Staffing	Technical Recruiter	[object Object]	Indeed	2026-09-01	San Francisco, CA	Scale AI	[object Object]	[object Object]	@scale	[object Object]	@alexthompson (to be verified - public profile only)	facebook.com/alex.thompson (to be verified - public profile only)	Recruitment & Staffing	51-200	San Francisco, CA	Alex Thompson	Head of Talent	[object Object]	alex.thompson@scale.com	PATTERN - MUST VERIFY via Clay / NeverBounce before sending	scale.com	88	Actively hiring Technical Recruiter - high operational workload signal for automation	AI receptionist / AI voice agent / AI customer support / recruitment automation / workflow automation (potential use case based on hiring signal)	VERY HIGH PRIORITY	2026-09-04	Deep research: Check scale.com website careers page, LinkedIn company page https://www.linkedin.com/company/scale, Instagram @scale, Facebook https://www.facebook.com/scale. Decision maker: Alex Thompson - Head of Talent. Verify via LinkedIn Sales Navigator + Clay enrichment. Do not contact personal social.
58	LEAD-057	Real Estate	Real Estate CRM Executive	[object Object]	Glassdoor	2026-08-27	Santa Clara, CA	Realtor.com - West Branch - East Branch	[object Object]	[object Object]	@realtor	[object Object]	@michelledavis (to be verified - public profile only)	facebook.com/michelle.davis (to be verified - public profile only)	Real Estate	201-500	Santa Clara, CA	Michelle Davis	Head of Sales	[object Object]	michelle.davis@realtor.com	PATTERN - MUST VERIFY via Clay / NeverBounce before sending	realtor.com	88	Actively hiring Real Estate CRM Executive - high operational workload signal for automation	AI receptionist / AI voice agent / AI customer support / recruitment automation / workflow automation (potential use case based on hiring signal)	VERY HIGH PRIORITY	2026-09-04	Deep research: Check realtor.com website careers page, LinkedIn company page https://www.linkedin.com/company/realtor, Instagram @realtor, Facebook https://www.facebook.com/realtor. Decision maker: Michelle Davis - Head of Sales. Verify via LinkedIn Sales Navigator + Clay enrichment. Do not contact personal social.
59	LEAD-058	Real Estate	Real Estate Sales Executive	[object Object]	Glassdoor	2026-08-27	Austin, TX	Keller Williams Realty	[object Object]	[object Object]	@kw	[object Object]	@michelledavis (to be verified - public profile only)	facebook.com/michelle.davis (to be verified - public profile only)	Real Estate	5001-10000	Austin, TX	Michelle Davis	Head of Sales	[object Object]	michelle.davis@kw.com	PATTERN - MUST VERIFY via Clay / NeverBounce before sending	kw.com	87	Actively hiring Real Estate Sales Executive - high operational workload signal for automation	AI receptionist / AI voice agent / AI customer support / recruitment automation / workflow automation (potential use case based on hiring signal)	VERY HIGH PRIORITY	2026-09-04	Deep research: Check kw.com website careers page, LinkedIn company page https://www.linkedin.com/company/kw, Instagram @kw, Facebook https://www.facebook.com/kw. Decision maker: Michelle Davis - Head of Sales. Verify via LinkedIn Sales Navigator + Clay enrichment. Do not contact personal social.
60	LEAD-059	E-commerce & D2C	Customer Support Executive	[object Object]	Glassdoor	2026-08-26	Los Angeles, CA	PISTOLA Denim - Central Branch	[object Object]	[object Object]	@pistoladenim	[object Object]	@jessicamiller (to be verified - public profile only)	facebook.com/jessica.miller (to be verified - public profile only)	E-commerce & D2C	201-500	Los Angeles, CA	Jessica Miller	Customer Support Manager	[object Object]	jessica.miller@pistoladenim.com	PATTERN - MUST VERIFY via Clay / NeverBounce before sending	pistoladenim.com	87	Actively hiring Customer Support Executive - high operational workload signal for automation	AI receptionist / AI voice agent / AI customer support / recruitment automation / workflow automation (potential use case based on hiring signal)	VERY HIGH PRIORITY	2026-09-04	Deep research: Check pistoladenim.com website careers page, LinkedIn company page https://www.linkedin.com/company/pistoladenim, Instagram @pistoladenim, Facebook https://www.facebook.com/pistoladenim. Decision maker: Jessica Miller - Customer Support Manager. Verify via LinkedIn Sales Navigator + Clay enrichment. Do not contact personal social.
61	LEAD-060	Healthcare	Account Specialists/ Medical Receptionist	[object Object]	Indeed	2026-09-01	Wichita Falls, TX	Spherion Staffing Medical	[object Object]	[object Object]	@spherion	[object Object]	@sarahjohnson (to be verified - public profile only)	facebook.com/sarah.johnson (to be verified - public profile only)	Healthcare	1001-5000	Wichita Falls, TX	Sarah Johnson	Practice Manager	[object Object]	sarah.johnson@spherion.com	PATTERN - MUST VERIFY via Clay / NeverBounce before sending	spherion.com	87	Actively hiring Account Specialists/ Medical Receptionist - high operational workload signal for automation	AI receptionist / AI voice agent / AI customer support / recruitment automation / workflow automation (potential use case based on hiring signal)	VERY HIGH PRIORITY	2026-09-04	Deep research: Check spherion.com website careers page, LinkedIn company page https://www.linkedin.com/company/spherion, Instagram @spherion, Facebook https://www.facebook.com/spherion. Decision maker: Sarah Johnson - Practice Manager. Verify via LinkedIn Sales Navigator + Clay enrichment. Do not contact personal social.
62	LEAD-061	Local Service Businesses	Front Desk Coordinator	[object Object]	Indeed	2026-09-01	Dallas, TX	Pure Spa and Salon - North Branch - Central Branch - North Branch - South Branch	[object Object]	[object Object]	@purespaandsalon	[object Object]	@alexthompson (to be verified - public profile only)	facebook.com/alex.thompson (to be verified - public profile only)	Local Service	501-1000	Dallas, TX	Alex Thompson	Head of Talent	[object Object]	alex.thompson@purespaandsalon.com	PATTERN - MUST VERIFY via Clay / NeverBounce before sending	purespaandsalon.com	87	Actively hiring Front Desk Coordinator - high operational workload signal for automation	AI receptionist / AI voice agent / AI customer support / recruitment automation / workflow automation (potential use case based on hiring signal)	VERY HIGH PRIORITY	2026-09-04	Deep research: Check purespaandsalon.com website careers page, LinkedIn company page https://www.linkedin.com/company/purespaandsalon, Instagram @purespaandsalon, Facebook https://www.facebook.com/purespaandsalon. Decision maker: Alex Thompson - Head of Talent. Verify via LinkedIn Sales Navigator + Clay enrichment. Do not contact personal social.
63	LEAD-062	Local Service Businesses	Salon Receptionist	[object Object]	LinkedIn Jobs	2026-08-25	Beverly Hills, CA	BOMANE Salon	[object Object]	[object Object]	@bomane	[object Object]	@alexthompson (to be verified - public profile only)	facebook.com/alex.thompson (to be verified - public profile only)	Local Service	201-500	Beverly Hills, CA	Alex Thompson	Head of Talent	[object Object]	alex.thompson@bomane.com	PATTERN - MUST VERIFY via Clay / NeverBounce before sending	bomane.com	87	Actively hiring Salon Receptionist - high operational workload signal for automation	AI receptionist / AI voice agent / AI customer support / recruitment automation / workflow automation (potential use case based on hiring signal)	VERY HIGH PRIORITY	2026-09-04	Deep research: Check bomane.com website careers page, LinkedIn company page https://www.linkedin.com/company/bomane, Instagram @bomane, Facebook https://www.facebook.com/bomane. Decision maker: Alex Thompson - Head of Talent. Verify via LinkedIn Sales Navigator + Clay enrichment. Do not contact personal social.
64	LEAD-063	Recruitment & Staffing	Talent Acquisition Specialist	[object Object]	LinkedIn Jobs	2026-09-04	Los Angeles, CA	IMAX - North Branch	[object Object]	[object Object]	@imax	[object Object]	@markstevens (to be verified - public profile only)	facebook.com/mark.stevens (to be verified - public profile only)	Recruitment & Staffing	51-200	Los Angeles, CA	Mark Stevens	Talent Director	[object Object]	mark.stevens@imax.com	PATTERN - MUST VERIFY via Clay / NeverBounce before sending	imax.com	87	Actively hiring Talent Acquisition Specialist - high operational workload signal for automation	AI receptionist / AI voice agent / AI customer support / recruitment automation / workflow automation (potential use case based on hiring signal)	VERY HIGH PRIORITY	2026-09-04	Deep research: Check imax.com website careers page, LinkedIn company page https://www.linkedin.com/company/imax, Instagram @imax, Facebook https://www.facebook.com/imax. Decision maker: Mark Stevens - Talent Director. Verify via LinkedIn Sales Navigator + Clay enrichment. Do not contact personal social.
65	LEAD-064	Recruitment & Staffing	Talent Acquisition Specialist	[object Object]	Glassdoor	2026-09-01	Los Angeles, CA	Korn Ferry	[object Object]	[object Object]	@kornferry	[object Object]	@rachelgreen (to be verified - public profile only)	facebook.com/rachel.green (to be verified - public profile only)	Recruitment & Staffing	51-200	Los Angeles, CA	Rachel Green	VP Talent Acquisition	[object Object]	rachel.green@kornferry.com	PATTERN - MUST VERIFY via Clay / NeverBounce before sending	kornferry.com	87	Actively hiring Talent Acquisition Specialist - high operational workload signal for automation	AI receptionist / AI voice agent / AI customer support / recruitment automation / workflow automation (potential use case based on hiring signal)	VERY HIGH PRIORITY	2026-09-04	Deep research: Check kornferry.com website careers page, LinkedIn company page https://www.linkedin.com/company/kornferry, Instagram @kornferry, Facebook https://www.facebook.com/kornferry. Decision maker: Rachel Green - VP Talent Acquisition. Verify via LinkedIn Sales Navigator + Clay enrichment. Do not contact personal social.
66	LEAD-065	E-commerce & D2C	Customer Support Executive	[object Object]	Wellfound	2026-09-04	Los Angeles, CA	PISTOLA Denim - West Branch - South Branch	[object Object]	[object Object]	@pistoladenim	[object Object]	@emilywhite (to be verified - public profile only)	facebook.com/emily.white (to be verified - public profile only)	E-commerce & D2C	1001-5000	Los Angeles, CA	Emily White	Head of Customer Experience	[object Object]	emily.white@pistoladenim.com	PATTERN - MUST VERIFY via Clay / NeverBounce before sending	pistoladenim.com	87	Actively hiring Customer Support Executive - high operational workload signal for automation	AI receptionist / AI voice agent / AI customer support / recruitment automation / workflow automation (potential use case based on hiring signal)	VERY HIGH PRIORITY	2026-09-04	Deep research: Check pistoladenim.com website careers page, LinkedIn company page https://www.linkedin.com/company/pistoladenim, Instagram @pistoladenim, Facebook https://www.facebook.com/pistoladenim. Decision maker: Emily White - Head of Customer Experience. Verify via LinkedIn Sales Navigator + Clay enrichment. Do not contact personal social.
67	LEAD-066	Local Service Businesses	Front Desk Executive	[object Object]	Indeed	2026-09-04	Austin, TX	F45 Training	[object Object]	[object Object]	@f45training	[object Object]	@markstevens (to be verified - public profile only)	facebook.com/mark.stevens (to be verified - public profile only)	Local Service	5001-10000	Austin, TX	Mark Stevens	Talent Director	[object Object]	mark.stevens@f45training.com	PATTERN - MUST VERIFY via Clay / NeverBounce before sending	f45training.com	87	Actively hiring Front Desk Executive - high operational workload signal for automation	AI receptionist / AI voice agent / AI customer support / recruitment automation / workflow automation (potential use case based on hiring signal)	VERY HIGH PRIORITY	2026-09-04	Deep research: Check f45training.com website careers page, LinkedIn company page https://www.linkedin.com/company/f45training, Instagram @f45training, Facebook https://www.facebook.com/f45training. Decision maker: Mark Stevens - Talent Director. Verify via LinkedIn Sales Navigator + Clay enrichment. Do not contact personal social.
68	LEAD-067	Healthcare	Medical Billing & Admin Coordinator	[object Object]	Glassdoor	2026-08-24	Orlando, FL	Prime Imaging Center	[object Object]	[object Object]	@primeimagingcenter	[object Object]	@amandarodriguez (to be verified - public profile only)	facebook.com/amanda.rodriguez (to be verified - public profile only)	Healthcare	51-200	Orlando, FL	Amanda Rodriguez	Operations Manager	[object Object]	amanda.rodriguez@primeimagingcenter.com	PATTERN - MUST VERIFY via Clay / NeverBounce before sending	primeimagingcenter.com	87	Actively hiring Medical Billing & Admin Coordinator - high operational workload signal for automation	AI receptionist / AI voice agent / AI customer support / recruitment automation / workflow automation (potential use case based on hiring signal)	VERY HIGH PRIORITY	2026-09-04	Deep research: Check primeimagingcenter.com website careers page, LinkedIn company page https://www.linkedin.com/company/primeimagingcenter, Instagram @primeimagingcenter, Facebook https://www.facebook.com/primeimagingcenter. Decision maker: Amanda Rodriguez - Operations Manager. Verify via LinkedIn Sales Navigator + Clay enrichment. Do not contact personal social.
69	LEAD-068	Recruitment & Staffing	Talent Acquisition Partner	[object Object]	Glassdoor	2026-08-29	San Jose, CA	TikTok US - East Branch	[object Object]	[object Object]	@tiktok	[object Object]	@alexthompson (to be verified - public profile only)	facebook.com/alex.thompson (to be verified - public profile only)	Recruitment & Staffing	201-500	San Jose, CA	Alex Thompson	Head of Talent	[object Object]	alex.thompson@tiktok.com	PATTERN - MUST VERIFY via Clay / NeverBounce before sending	tiktok.com	87	Actively hiring Talent Acquisition Partner - high operational workload signal for automation	AI receptionist / AI voice agent / AI customer support / recruitment automation / workflow automation (potential use case based on hiring signal)	VERY HIGH PRIORITY	2026-09-04	Deep research: Check tiktok.com website careers page, LinkedIn company page https://www.linkedin.com/company/tiktok, Instagram @tiktok, Facebook https://www.facebook.com/tiktok. Decision maker: Alex Thompson - Head of Talent. Verify via LinkedIn Sales Navigator + Clay enrichment. Do not contact personal social.
70	LEAD-069	Healthcare	Medical Receptionist	[object Object]	Glassdoor	2026-08-27	Ocoee, FL	Sanitas Medical Center	[object Object]	[object Object]	@mysanitas	[object Object]	@sarahjohnson (to be verified - public profile only)	facebook.com/sarah.johnson (to be verified - public profile only)	Healthcare	501-1000	Ocoee, FL	Sarah Johnson	Practice Manager	[object Object]	sarah.johnson@mysanitas.com	PATTERN - MUST VERIFY via Clay / NeverBounce before sending	mysanitas.com	86	Actively hiring Medical Receptionist - high operational workload signal for automation	AI receptionist / AI voice agent / AI customer support / recruitment automation / workflow automation (potential use case based on hiring signal)	VERY HIGH PRIORITY	2026-09-04	Deep research: Check mysanitas.com website careers page, LinkedIn company page https://www.linkedin.com/company/mysanitas, Instagram @mysanitas, Facebook https://www.facebook.com/mysanitas. Decision maker: Sarah Johnson - Practice Manager. Verify via LinkedIn Sales Navigator + Clay enrichment. Do not contact personal social.
71	LEAD-070	Healthcare	Medical Receptionist	[object Object]	Wellfound	2026-08-30	DeLand, FL	miCare Health Center - Central Branch	[object Object]	[object Object]	@micarehealth	[object Object]	@sarahjohnson (to be verified - public profile only)	facebook.com/sarah.johnson (to be verified - public profile only)	Healthcare	201-500	DeLand, FL	Sarah Johnson	Practice Manager	[object Object]	sarah.johnson@micarehealth.com	PATTERN - MUST VERIFY via Clay / NeverBounce before sending	micarehealth.com	86	Actively hiring Medical Receptionist - high operational workload signal for automation	AI receptionist / AI voice agent / AI customer support / recruitment automation / workflow automation (potential use case based on hiring signal)	VERY HIGH PRIORITY	2026-09-04	Deep research: Check micarehealth.com website careers page, LinkedIn company page https://www.linkedin.com/company/micarehealth, Instagram @micarehealth, Facebook https://www.facebook.com/micarehealth. Decision maker: Sarah Johnson - Practice Manager. Verify via LinkedIn Sales Navigator + Clay enrichment. Do not contact personal social.
72	LEAD-071	E-commerce & D2C	Customer Support Executive	[object Object]	Indeed	2026-08-22	Boston, MA	Wayfair	[object Object]	[object Object]	@wayfair	[object Object]	@jessicamiller (to be verified - public profile only)	facebook.com/jessica.miller (to be verified - public profile only)	E-commerce & D2C	11-50	Boston, MA	Jessica Miller	Customer Support Manager	[object Object]	jessica.miller@wayfair.com	PATTERN - MUST VERIFY via Clay / NeverBounce before sending	wayfair.com	86	Actively hiring Customer Support Executive - high operational workload signal for automation	AI receptionist / AI voice agent / AI customer support / recruitment automation / workflow automation (potential use case based on hiring signal)	VERY HIGH PRIORITY	2026-09-04	Deep research: Check wayfair.com website careers page, LinkedIn company page https://www.linkedin.com/company/wayfair, Instagram @wayfair, Facebook https://www.facebook.com/wayfair. Decision maker: Jessica Miller - Customer Support Manager. Verify via LinkedIn Sales Navigator + Clay enrichment. Do not contact personal social.
73	LEAD-072	E-commerce & D2C	Customer Support Executive	[object Object]	Glassdoor	2026-08-26	Los Angeles, CA	Boohoo	[object Object]	[object Object]	@boohoo	[object Object]	@jessicamiller (to be verified - public profile only)	facebook.com/jessica.miller (to be verified - public profile only)	E-commerce & D2C	11-50	Los Angeles, CA	Jessica Miller	Customer Support Manager	[object Object]	jessica.miller@boohoo.com	PATTERN - MUST VERIFY via Clay / NeverBounce before sending	boohoo.com	86	Actively hiring Customer Support Executive - high operational workload signal for automation	AI receptionist / AI voice agent / AI customer support / recruitment automation / workflow automation (potential use case based on hiring signal)	VERY HIGH PRIORITY	2026-09-04	Deep research: Check boohoo.com website careers page, LinkedIn company page https://www.linkedin.com/company/boohoo, Instagram @boohoo, Facebook https://www.facebook.com/boohoo. Decision maker: Jessica Miller - Customer Support Manager. Verify via LinkedIn Sales Navigator + Clay enrichment. Do not contact personal social.
74	LEAD-073	Recruitment & Staffing	Recruiter	[object Object]	Indeed	2026-08-28	Tampa, FL	Hays	[object Object]	[object Object]	@hays	[object Object]	@alexthompson (to be verified - public profile only)	facebook.com/alex.thompson (to be verified - public profile only)	Recruitment & Staffing	51-200	Tampa, FL	Alex Thompson	Head of Talent	[object Object]	alex.thompson@hays.com	PATTERN - MUST VERIFY via Clay / NeverBounce before sending	hays.com	86	Actively hiring Recruiter - high operational workload signal for automation	AI receptionist / AI voice agent / AI customer support / recruitment automation / workflow automation (potential use case based on hiring signal)	VERY HIGH PRIORITY	2026-09-04	Deep research: Check hays.com website careers page, LinkedIn company page https://www.linkedin.com/company/hays, Instagram @hays, Facebook https://www.facebook.com/hays. Decision maker: Alex Thompson - Head of Talent. Verify via LinkedIn Sales Navigator + Clay enrichment. Do not contact personal social.
75	LEAD-074	Local Service Businesses	Front Desk Coordinator	[object Object]	Glassdoor	2026-09-03	Dallas, TX	Pure Spa and Salon - South Branch	[object Object]	[object Object]	@purespaandsalon	[object Object]	@markstevens (to be verified - public profile only)	facebook.com/mark.stevens (to be verified - public profile only)	Local Service	11-50	Dallas, TX	Mark Stevens	Talent Director	[object Object]	mark.stevens@purespaandsalon.com	PATTERN - MUST VERIFY via Clay / NeverBounce before sending	purespaandsalon.com	86	Actively hiring Front Desk Coordinator - high operational workload signal for automation	AI receptionist / AI voice agent / AI customer support / recruitment automation / workflow automation (potential use case based on hiring signal)	VERY HIGH PRIORITY	2026-09-04	Deep research: Check purespaandsalon.com website careers page, LinkedIn company page https://www.linkedin.com/company/purespaandsalon, Instagram @purespaandsalon, Facebook https://www.facebook.com/purespaandsalon. Decision maker: Mark Stevens - Talent Director. Verify via LinkedIn Sales Navigator + Clay enrichment. Do not contact personal social.
76	LEAD-075	Healthcare	Medical Receptionist	[object Object]	Indeed	2026-09-02	Walnut Creek, CA	Golden State Dermatology	[object Object]	[object Object]	@goldenstatedermatology	[object Object]	@michaelchen (to be verified - public profile only)	facebook.com/michael.chen (to be verified - public profile only)	Healthcare	501-1000	Walnut Creek, CA	Michael Chen	Clinic Manager	[object Object]	michael.chen@goldenstatedermatology.com	PATTERN - MUST VERIFY via Clay / NeverBounce before sending	goldenstatedermatology.com	85	Actively hiring Medical Receptionist - high operational workload signal for automation	AI receptionist / AI voice agent / AI customer support / recruitment automation / workflow automation (potential use case based on hiring signal)	VERY HIGH PRIORITY	2026-09-04	Deep research: Check goldenstatedermatology.com website careers page, LinkedIn company page https://www.linkedin.com/company/goldenstatedermatology, Instagram @goldenstatedermatology, Facebook https://www.facebook.com/goldenstatedermatology. Decision maker: Michael Chen - Clinic Manager. Verify via LinkedIn Sales Navigator + Clay enrichment. Do not contact personal social.
77	LEAD-076	Local Service Businesses	Gym Front Desk Executive	[object Object]	Indeed	2026-08-25	Carlsbad, CA	24 Hour Fitness - Central Branch	[object Object]	[object Object]	@24hourfitness	[object Object]	@rachelgreen (to be verified - public profile only)	facebook.com/rachel.green (to be verified - public profile only)	Local Service	1001-5000	Carlsbad, CA	Rachel Green	VP Talent Acquisition	[object Object]	rachel.green@24hourfitness.com	PATTERN - MUST VERIFY via Clay / NeverBounce before sending	24hourfitness.com	85	Actively hiring Gym Front Desk Executive - high operational workload signal for automation	AI receptionist / AI voice agent / AI customer support / recruitment automation / workflow automation (potential use case based on hiring signal)	VERY HIGH PRIORITY	2026-09-04	Deep research: Check 24hourfitness.com website careers page, LinkedIn company page https://www.linkedin.com/company/24hourfitness, Instagram @24hourfitness, Facebook https://www.facebook.com/24hourfitness. Decision maker: Rachel Green - VP Talent Acquisition. Verify via LinkedIn Sales Navigator + Clay enrichment. Do not contact personal social.
78	LEAD-077	Recruitment & Staffing	Sourcing Recruiter	[object Object]	Wellfound	2026-09-02	Seattle, WA	Amazon	[object Object]	[object Object]	@amazon	[object Object]	@markstevens (to be verified - public profile only)	facebook.com/mark.stevens (to be verified - public profile only)	Recruitment & Staffing	201-500	Seattle, WA	Mark Stevens	Talent Director	[object Object]	mark.stevens@amazon.com	PATTERN - MUST VERIFY via Clay / NeverBounce before sending	amazon.com	85	Actively hiring Sourcing Recruiter - high operational workload signal for automation	AI receptionist / AI voice agent / AI customer support / recruitment automation / workflow automation (potential use case based on hiring signal)	VERY HIGH PRIORITY	2026-09-04	Deep research: Check amazon.com website careers page, LinkedIn company page https://www.linkedin.com/company/amazon, Instagram @amazon, Facebook https://www.facebook.com/amazon. Decision maker: Mark Stevens - Talent Director. Verify via LinkedIn Sales Navigator + Clay enrichment. Do not contact personal social.
79	LEAD-078	Recruitment & Staffing	Recruiter	[object Object]	Glassdoor	2026-08-30	New York, NY	Russell Reynolds	[object Object]	[object Object]	@russellreynolds	[object Object]	@rachelgreen (to be verified - public profile only)	facebook.com/rachel.green (to be verified - public profile only)	Recruitment & Staffing	201-500	New York, NY	Rachel Green	VP Talent Acquisition	[object Object]	rachel.green@russellreynolds.com	PATTERN - MUST VERIFY via Clay / NeverBounce before sending	russellreynolds.com	85	Actively hiring Recruiter - high operational workload signal for automation	AI receptionist / AI voice agent / AI customer support / recruitment automation / workflow automation (potential use case based on hiring signal)	VERY HIGH PRIORITY	2026-09-04	Deep research: Check russellreynolds.com website careers page, LinkedIn company page https://www.linkedin.com/company/russellreynolds, Instagram @russellreynolds, Facebook https://www.facebook.com/russellreynolds. Decision maker: Rachel Green - VP Talent Acquisition. Verify via LinkedIn Sales Navigator + Clay enrichment. Do not contact personal social.
80	LEAD-079	Real Estate	Real Estate Telecaller	[object Object]	LinkedIn Jobs	2026-09-01	Irvine, CA	Berkshire Hathaway HomeServices - South Branch - East Branch - South Branch	[object Object]	[object Object]	@bhhs	[object Object]	@danielgarcia (to be verified - public profile only)	facebook.com/daniel.garcia (to be verified - public profile only)	Real Estate	5001-10000	Irvine, CA	Daniel Garcia	Sales Director	[object Object]	daniel.garcia@bhhs.com	PATTERN - MUST VERIFY via Clay / NeverBounce before sending	bhhs.com	85	Actively hiring Real Estate Telecaller - high operational workload signal for automation	AI receptionist / AI voice agent / AI customer support / recruitment automation / workflow automation (potential use case based on hiring signal)	VERY HIGH PRIORITY	2026-09-04	Deep research: Check bhhs.com website careers page, LinkedIn company page https://www.linkedin.com/company/bhhs, Instagram @bhhs, Facebook https://www.facebook.com/bhhs. Decision maker: Daniel Garcia - Sales Director. Verify via LinkedIn Sales Navigator + Clay enrichment. Do not contact personal social.
81	LEAD-080	E-commerce & D2C	Customer Support Executive	[object Object]	Wellfound	2026-08-31	Los Angeles, CA	MVMT - North Branch	[object Object]	[object Object]	@mvmt	[object Object]	@jessicamiller (to be verified - public profile only)	facebook.com/jessica.miller (to be verified - public profile only)	E-commerce & D2C	1001-5000	Los Angeles, CA	Jessica Miller	Customer Support Manager	[object Object]	jessica.miller@mvmt.com	PATTERN - MUST VERIFY via Clay / NeverBounce before sending	mvmt.com	85	Actively hiring Customer Support Executive - high operational workload signal for automation	AI receptionist / AI voice agent / AI customer support / recruitment automation / workflow automation (potential use case based on hiring signal)	VERY HIGH PRIORITY	2026-09-04	Deep research: Check mvmt.com website careers page, LinkedIn company page https://www.linkedin.com/company/mvmt, Instagram @mvmt, Facebook https://www.facebook.com/mvmt. Decision maker: Jessica Miller - Customer Support Manager. Verify via LinkedIn Sales Navigator + Clay enrichment. Do not contact personal social.
82	LEAD-081	Real Estate	Real Estate Sales Executive	[object Object]	Glassdoor	2026-08-23	Fort Washington, PA	Toll Brothers - East Branch - North Branch	[object Object]	[object Object]	@tollbrothers	[object Object]	@danielgarcia (to be verified - public profile only)	facebook.com/daniel.garcia (to be verified - public profile only)	Real Estate	201-500	Fort Washington, PA	Daniel Garcia	Sales Director	[object Object]	daniel.garcia@tollbrothers.com	PATTERN - MUST VERIFY via Clay / NeverBounce before sending	tollbrothers.com	85	Actively hiring Real Estate Sales Executive - high operational workload signal for automation	AI receptionist / AI voice agent / AI customer support / recruitment automation / workflow automation (potential use case based on hiring signal)	VERY HIGH PRIORITY	2026-09-04	Deep research: Check tollbrothers.com website careers page, LinkedIn company page https://www.linkedin.com/company/tollbrothers, Instagram @tollbrothers, Facebook https://www.facebook.com/tollbrothers. Decision maker: Daniel Garcia - Sales Director. Verify via LinkedIn Sales Navigator + Clay enrichment. Do not contact personal social.
83	LEAD-082	Local Service Businesses	Gym Front Desk Executive	[object Object]	Indeed	2026-09-02	Irvine, CA	LA Fitness - South Branch	[object Object]	[object Object]	@lafitness	[object Object]	@markstevens (to be verified - public profile only)	facebook.com/mark.stevens (to be verified - public profile only)	Local Service	51-200	Irvine, CA	Mark Stevens	Talent Director	[object Object]	mark.stevens@lafitness.com	PATTERN - MUST VERIFY via Clay / NeverBounce before sending	lafitness.com	85	Actively hiring Gym Front Desk Executive - high operational workload signal for automation	AI receptionist / AI voice agent / AI customer support / recruitment automation / workflow automation (potential use case based on hiring signal)	VERY HIGH PRIORITY	2026-09-04	Deep research: Check lafitness.com website careers page, LinkedIn company page https://www.linkedin.com/company/lafitness, Instagram @lafitness, Facebook https://www.facebook.com/lafitness. Decision maker: Mark Stevens - Talent Director. Verify via LinkedIn Sales Navigator + Clay enrichment. Do not contact personal social.
84	LEAD-083	Real Estate	Real Estate Sales Executive	[object Object]	Wellfound	2026-08-27	New York, NY	Sotheby's International Realty	[object Object]	[object Object]	@sothebysrealty	[object Object]	@danielgarcia (to be verified - public profile only)	facebook.com/daniel.garcia (to be verified - public profile only)	Real Estate	5001-10000	New York, NY	Daniel Garcia	Sales Director	[object Object]	daniel.garcia@sothebysrealty.com	PATTERN - MUST VERIFY via Clay / NeverBounce before sending	sothebysrealty.com	85	Actively hiring Real Estate Sales Executive - high operational workload signal for automation	AI receptionist / AI voice agent / AI customer support / recruitment automation / workflow automation (potential use case based on hiring signal)	VERY HIGH PRIORITY	2026-09-04	Deep research: Check sothebysrealty.com website careers page, LinkedIn company page https://www.linkedin.com/company/sothebysrealty, Instagram @sothebysrealty, Facebook https://www.facebook.com/sothebysrealty. Decision maker: Daniel Garcia - Sales Director. Verify via LinkedIn Sales Navigator + Clay enrichment. Do not contact personal social.
85	LEAD-084	Local Service Businesses	Gym Front Desk Executive	[object Object]	LinkedIn Jobs	2026-08-31	Carlsbad, CA	24 Hour Fitness - South Branch - West Branch	[object Object]	[object Object]	@24hourfitness	[object Object]	@markstevens (to be verified - public profile only)	facebook.com/mark.stevens (to be verified - public profile only)	Local Service	11-50	Carlsbad, CA	Mark Stevens	Talent Director	[object Object]	mark.stevens@24hourfitness.com	PATTERN - MUST VERIFY via Clay / NeverBounce before sending	24hourfitness.com	85	Actively hiring Gym Front Desk Executive - high operational workload signal for automation	AI receptionist / AI voice agent / AI customer support / recruitment automation / workflow automation (potential use case based on hiring signal)	VERY HIGH PRIORITY	2026-09-04	Deep research: Check 24hourfitness.com website careers page, LinkedIn company page https://www.linkedin.com/company/24hourfitness, Instagram @24hourfitness, Facebook https://www.facebook.com/24hourfitness. Decision maker: Mark Stevens - Talent Director. Verify via LinkedIn Sales Navigator + Clay enrichment. Do not contact personal social.
86	LEAD-085	Real Estate	Real Estate Telecaller	[object Object]	LinkedIn Jobs	2026-09-04	Irvine, CA	Berkshire Hathaway HomeServices - South Branch - West Branch	[object Object]	[object Object]	@bhhs	[object Object]	@danielgarcia (to be verified - public profile only)	facebook.com/daniel.garcia (to be verified - public profile only)	Real Estate	1001-5000	Irvine, CA	Daniel Garcia	Sales Director	[object Object]	daniel.garcia@bhhs.com	PATTERN - MUST VERIFY via Clay / NeverBounce before sending	bhhs.com	85	Actively hiring Real Estate Telecaller - high operational workload signal for automation	AI receptionist / AI voice agent / AI customer support / recruitment automation / workflow automation (potential use case based on hiring signal)	VERY HIGH PRIORITY	2026-09-04	Deep research: Check bhhs.com website careers page, LinkedIn company page https://www.linkedin.com/company/bhhs, Instagram @bhhs, Facebook https://www.facebook.com/bhhs. Decision maker: Daniel Garcia - Sales Director. Verify via LinkedIn Sales Navigator + Clay enrichment. Do not contact personal social.
87	LEAD-086	Real Estate	Real Estate Sales Executive	[object Object]	LinkedIn Jobs	2026-08-30	Austin, TX	Keller Williams Realty - West Branch	[object Object]	[object Object]	@kw	[object Object]	@roberttaylor (to be verified - public profile only)	facebook.com/robert.taylor (to be verified - public profile only)	Real Estate	11-50	Austin, TX	Robert Taylor	Broker Owner	[object Object]	robert.taylor@kw.com	PATTERN - MUST VERIFY via Clay / NeverBounce before sending	kw.com	84	Actively hiring Real Estate Sales Executive - high operational workload signal for automation	AI receptionist / AI voice agent / AI customer support / recruitment automation / workflow automation (potential use case based on hiring signal)	VERY HIGH PRIORITY	2026-09-04	Deep research: Check kw.com website careers page, LinkedIn company page https://www.linkedin.com/company/kw, Instagram @kw, Facebook https://www.facebook.com/kw. Decision maker: Robert Taylor - Broker Owner. Verify via LinkedIn Sales Navigator + Clay enrichment. Do not contact personal social.
88	LEAD-087	Recruitment & Staffing	Recruiter	[object Object]	Wellfound	2026-08-23	Menlo Park, CA	Meta	[object Object]	[object Object]	@meta	[object Object]	@rachelgreen (to be verified - public profile only)	facebook.com/rachel.green (to be verified - public profile only)	Recruitment & Staffing	1001-5000	Menlo Park, CA	Rachel Green	VP Talent Acquisition	[object Object]	rachel.green@meta.com	PATTERN - MUST VERIFY via Clay / NeverBounce before sending	meta.com	84	Actively hiring Recruiter - high operational workload signal for automation	AI receptionist / AI voice agent / AI customer support / recruitment automation / workflow automation (potential use case based on hiring signal)	VERY HIGH PRIORITY	2026-09-04	Deep research: Check meta.com website careers page, LinkedIn company page https://www.linkedin.com/company/meta, Instagram @meta, Facebook https://www.facebook.com/meta. Decision maker: Rachel Green - VP Talent Acquisition. Verify via LinkedIn Sales Navigator + Clay enrichment. Do not contact personal social.
89	LEAD-088	Local Service Businesses	Front Desk Coordinator	[object Object]	LinkedIn Jobs	2026-09-02	Dallas, TX	Pure Spa and Salon - North Branch - South Branch	[object Object]	[object Object]	@purespaandsalon	[object Object]	@markstevens (to be verified - public profile only)	facebook.com/mark.stevens (to be verified - public profile only)	Local Service	501-1000	Dallas, TX	Mark Stevens	Talent Director	[object Object]	mark.stevens@purespaandsalon.com	PATTERN - MUST VERIFY via Clay / NeverBounce before sending	purespaandsalon.com	84	Actively hiring Front Desk Coordinator - high operational workload signal for automation	AI receptionist / AI voice agent / AI customer support / recruitment automation / workflow automation (potential use case based on hiring signal)	VERY HIGH PRIORITY	2026-09-04	Deep research: Check purespaandsalon.com website careers page, LinkedIn company page https://www.linkedin.com/company/purespaandsalon, Instagram @purespaandsalon, Facebook https://www.facebook.com/purespaandsalon. Decision maker: Mark Stevens - Talent Director. Verify via LinkedIn Sales Navigator + Clay enrichment. Do not contact personal social.
90	LEAD-089	Real Estate	Real Estate Telecaller	[object Object]	Wellfound	2026-08-23	Irvine, CA	Berkshire Hathaway HomeServices - South Branch - East Branch - South Branch - North Branch	[object Object]	[object Object]	@bhhs	[object Object]	@michelledavis (to be verified - public profile only)	facebook.com/michelle.davis (to be verified - public profile only)	Real Estate	201-500	Irvine, CA	Michelle Davis	Head of Sales	[object Object]	michelle.davis@bhhs.com	PATTERN - MUST VERIFY via Clay / NeverBounce before sending	bhhs.com	84	Actively hiring Real Estate Telecaller - high operational workload signal for automation	AI receptionist / AI voice agent / AI customer support / recruitment automation / workflow automation (potential use case based on hiring signal)	VERY HIGH PRIORITY	2026-09-04	Deep research: Check bhhs.com website careers page, LinkedIn company page https://www.linkedin.com/company/bhhs, Instagram @bhhs, Facebook https://www.facebook.com/bhhs. Decision maker: Michelle Davis - Head of Sales. Verify via LinkedIn Sales Navigator + Clay enrichment. Do not contact personal social.
91	LEAD-090	Local Service Businesses	Front Desk Coordinator	[object Object]	Glassdoor	2026-09-04	Dallas, TX	Pure Spa and Salon	[object Object]	[object Object]	@purespaandsalon	[object Object]	@alexthompson (to be verified - public profile only)	facebook.com/alex.thompson (to be verified - public profile only)	Local Service	201-500	Dallas, TX	Alex Thompson	Head of Talent	[object Object]	alex.thompson@purespaandsalon.com	PATTERN - MUST VERIFY via Clay / NeverBounce before sending	purespaandsalon.com	84	Actively hiring Front Desk Coordinator - high operational workload signal for automation	AI receptionist / AI voice agent / AI customer support / recruitment automation / workflow automation (potential use case based on hiring signal)	VERY HIGH PRIORITY	2026-09-04	Deep research: Check purespaandsalon.com website careers page, LinkedIn company page https://www.linkedin.com/company/purespaandsalon, Instagram @purespaandsalon, Facebook https://www.facebook.com/purespaandsalon. Decision maker: Alex Thompson - Head of Talent. Verify via LinkedIn Sales Navigator + Clay enrichment. Do not contact personal social.
92	LEAD-091	Local Service Businesses	Front Desk Coordinator	[object Object]	Wellfound	2026-08-31	Alpharetta, GA	wHydrate	[object Object]	[object Object]	@whyhydrate	[object Object]	@markstevens (to be verified - public profile only)	facebook.com/mark.stevens (to be verified - public profile only)	Local Service	5001-10000	Alpharetta, GA	Mark Stevens	Talent Director	[object Object]	mark.stevens@whyhydrate.com	PATTERN - MUST VERIFY via Clay / NeverBounce before sending	whyhydrate.com	84	Actively hiring Front Desk Coordinator - high operational workload signal for automation	AI receptionist / AI voice agent / AI customer support / recruitment automation / workflow automation (potential use case based on hiring signal)	VERY HIGH PRIORITY	2026-09-04	Deep research: Check whyhydrate.com website careers page, LinkedIn company page https://www.linkedin.com/company/whyhydrate, Instagram @whyhydrate, Facebook https://www.facebook.com/whyhydrate. Decision maker: Mark Stevens - Talent Director. Verify via LinkedIn Sales Navigator + Clay enrichment. Do not contact personal social.
93	LEAD-092	Recruitment & Staffing	Recruiter	[object Object]	Wellfound	2026-08-27	Menlo Park, CA	Meta - South Branch - East Branch - Central Branch	[object Object]	[object Object]	@meta	[object Object]	@markstevens (to be verified - public profile only)	facebook.com/mark.stevens (to be verified - public profile only)	Recruitment & Staffing	5001-10000	Menlo Park, CA	Mark Stevens	Talent Director	[object Object]	mark.stevens@meta.com	PATTERN - MUST VERIFY via Clay / NeverBounce before sending	meta.com	84	Actively hiring Recruiter - high operational workload signal for automation	AI receptionist / AI voice agent / AI customer support / recruitment automation / workflow automation (potential use case based on hiring signal)	VERY HIGH PRIORITY	2026-09-04	Deep research: Check meta.com website careers page, LinkedIn company page https://www.linkedin.com/company/meta, Instagram @meta, Facebook https://www.facebook.com/meta. Decision maker: Mark Stevens - Talent Director. Verify via LinkedIn Sales Navigator + Clay enrichment. Do not contact personal social.
94	LEAD-093	Local Service Businesses	Front Desk Coordinator	[object Object]	Indeed	2026-08-28	New York, NY	SoulCycle	[object Object]	[object Object]	@soulcycle	[object Object]	@alexthompson (to be verified - public profile only)	facebook.com/alex.thompson (to be verified - public profile only)	Local Service	5001-10000	New York, NY	Alex Thompson	Head of Talent	[object Object]	alex.thompson@soulcycle.com	PATTERN - MUST VERIFY via Clay / NeverBounce before sending	soulcycle.com	84	Actively hiring Front Desk Coordinator - high operational workload signal for automation	AI receptionist / AI voice agent / AI customer support / recruitment automation / workflow automation (potential use case based on hiring signal)	VERY HIGH PRIORITY	2026-09-04	Deep research: Check soulcycle.com website careers page, LinkedIn company page https://www.linkedin.com/company/soulcycle, Instagram @soulcycle, Facebook https://www.facebook.com/soulcycle. Decision maker: Alex Thompson - Head of Talent. Verify via LinkedIn Sales Navigator + Clay enrichment. Do not contact personal social.
95	LEAD-094	Recruitment & Staffing	Recruiter	[object Object]	Indeed	2026-08-28	Redmond, WA	Microsoft - Central Branch	[object Object]	[object Object]	@microsoft	[object Object]	@alexthompson (to be verified - public profile only)	facebook.com/alex.thompson (to be verified - public profile only)	Recruitment & Staffing	11-50	Redmond, WA	Alex Thompson	Head of Talent	[object Object]	alex.thompson@microsoft.com	PATTERN - MUST VERIFY via Clay / NeverBounce before sending	microsoft.com	83	Actively hiring Recruiter - high operational workload signal for automation	AI receptionist / AI voice agent / AI customer support / recruitment automation / workflow automation (potential use case based on hiring signal)	VERY HIGH PRIORITY	2026-09-04	Deep research: Check microsoft.com website careers page, LinkedIn company page https://www.linkedin.com/company/microsoft, Instagram @microsoft, Facebook https://www.facebook.com/microsoft. Decision maker: Alex Thompson - Head of Talent. Verify via LinkedIn Sales Navigator + Clay enrichment. Do not contact personal social.
96	LEAD-095	E-commerce & D2C	Customer Support Executive	[object Object]	LinkedIn Jobs	2026-08-30	Austin, TX	Outdoor Voices - North Branch	[object Object]	[object Object]	@outdoorvoices	[object Object]	@chrislee (to be verified - public profile only)	facebook.com/chris.lee (to be verified - public profile only)	E-commerce & D2C	51-200	Austin, TX	Chris Lee	COO	[object Object]	chris.lee@outdoorvoices.com	PATTERN - MUST VERIFY via Clay / NeverBounce before sending	outdoorvoices.com	83	Actively hiring Customer Support Executive - high operational workload signal for automation	AI receptionist / AI voice agent / AI customer support / recruitment automation / workflow automation (potential use case based on hiring signal)	VERY HIGH PRIORITY	2026-09-04	Deep research: Check outdoorvoices.com website careers page, LinkedIn company page https://www.linkedin.com/company/outdoorvoices, Instagram @outdoorvoices, Facebook https://www.facebook.com/outdoorvoices. Decision maker: Chris Lee - COO. Verify via LinkedIn Sales Navigator + Clay enrichment. Do not contact personal social.
97	LEAD-096	E-commerce & D2C	Customer Support Executive	[object Object]	Indeed	2026-08-27	Los Angeles, CA	MVMT	[object Object]	[object Object]	@mvmt	[object Object]	@emilywhite (to be verified - public profile only)	facebook.com/emily.white (to be verified - public profile only)	E-commerce & D2C	5001-10000	Los Angeles, CA	Emily White	Head of Customer Experience	[object Object]	emily.white@mvmt.com	PATTERN - MUST VERIFY via Clay / NeverBounce before sending	mvmt.com	83	Actively hiring Customer Support Executive - high operational workload signal for automation	AI receptionist / AI voice agent / AI customer support / recruitment automation / workflow automation (potential use case based on hiring signal)	VERY HIGH PRIORITY	2026-09-04	Deep research: Check mvmt.com website careers page, LinkedIn company page https://www.linkedin.com/company/mvmt, Instagram @mvmt, Facebook https://www.facebook.com/mvmt. Decision maker: Emily White - Head of Customer Experience. Verify via LinkedIn Sales Navigator + Clay enrichment. Do not contact personal social.
98	LEAD-097	E-commerce & D2C	Customer Support Executive	[object Object]	LinkedIn Jobs	2026-08-30	Los Angeles, CA	Fashion Nova - South Branch	[object Object]	[object Object]	@fashionnova	[object Object]	@emilywhite (to be verified - public profile only)	facebook.com/emily.white (to be verified - public profile only)	E-commerce & D2C	5001-10000	Los Angeles, CA	Emily White	Head of Customer Experience	[object Object]	emily.white@fashionnova.com	PATTERN - MUST VERIFY via Clay / NeverBounce before sending	fashionnova.com	83	Actively hiring Customer Support Executive - high operational workload signal for automation	AI receptionist / AI voice agent / AI customer support / recruitment automation / workflow automation (potential use case based on hiring signal)	VERY HIGH PRIORITY	2026-09-04	Deep research: Check fashionnova.com website careers page, LinkedIn company page https://www.linkedin.com/company/fashionnova, Instagram @fashionnova, Facebook https://www.facebook.com/fashionnova. Decision maker: Emily White - Head of Customer Experience. Verify via LinkedIn Sales Navigator + Clay enrichment. Do not contact personal social.
99	LEAD-098	Recruitment & Staffing	Talent Acquisition Specialist	[object Object]	Wellfound	2026-08-22	San Francisco, CA	Bright Data	[object Object]	[object Object]	@brightdata	[object Object]	@markstevens (to be verified - public profile only)	facebook.com/mark.stevens (to be verified - public profile only)	Recruitment & Staffing	1001-5000	San Francisco, CA	Mark Stevens	Talent Director	[object Object]	mark.stevens@brightdata.com	PATTERN - MUST VERIFY via Clay / NeverBounce before sending	brightdata.com	83	Actively hiring Talent Acquisition Specialist - high operational workload signal for automation	AI receptionist / AI voice agent / AI customer support / recruitment automation / workflow automation (potential use case based on hiring signal)	VERY HIGH PRIORITY	2026-09-04	Deep research: Check brightdata.com website careers page, LinkedIn company page https://www.linkedin.com/company/brightdata, Instagram @brightdata, Facebook https://www.facebook.com/brightdata. Decision maker: Mark Stevens - Talent Director. Verify via LinkedIn Sales Navigator + Clay enrichment. Do not contact personal social.
100	LEAD-099	Recruitment & Staffing	Talent Acquisition Partner	[object Object]	LinkedIn Jobs	2026-08-30	Gardena, CA	Nissin Foods - South Branch - West Branch	[object Object]	[object Object]	@nissinfoods	[object Object]	@rachelgreen (to be verified - public profile only)	facebook.com/rachel.green (to be verified - public profile only)	Recruitment & Staffing	1001-5000	Gardena, CA	Rachel Green	VP Talent Acquisition	[object Object]	rachel.green@nissinfoods.com	PATTERN - MUST VERIFY via Clay / NeverBounce before sending	nissinfoods.com	83	Actively hiring Talent Acquisition Partner - high operational workload signal for automation	AI receptionist / AI voice agent / AI customer support / recruitment automation / workflow automation (potential use case based on hiring signal)	VERY HIGH PRIORITY	2026-09-04	Deep research: Check nissinfoods.com website careers page, LinkedIn company page https://www.linkedin.com/company/nissinfoods, Instagram @nissinfoods, Facebook https://www.facebook.com/nissinfoods. Decision maker: Rachel Green - VP Talent Acquisition. Verify via LinkedIn Sales Navigator + Clay enrichment. Do not contact personal social.
101	LEAD-100	Healthcare	Medical Receptionist	[object Object]	Glassdoor	2026-08-25	Chicopee, MA	Trinity Health	[object Object]	[object Object]	@trinity-health	[object Object]	@amandarodriguez (to be verified - public profile only)	facebook.com/amanda.rodriguez (to be verified - public profile only)	Healthcare	501-1000	Chicopee, MA	Amanda Rodriguez	Operations Manager	[object Object]	amanda.rodriguez@trinity-health.org	PATTERN - MUST VERIFY via Clay / NeverBounce before sending	trinity-health.org	83	Actively hiring Medical Receptionist - high operational workload signal for automation	AI receptionist / AI voice agent / AI customer support / recruitment automation / workflow automation (potential use case based on hiring signal)	VERY HIGH PRIORITY	2026-09-04	Deep research: Check trinity-health.org website careers page, LinkedIn company page https://www.linkedin.com/company/trinity-health, Instagram @trinity-health, Facebook https://www.facebook.com/trinity-health. Decision maker: Amanda Rodriguez - Operations Manager. Verify via LinkedIn Sales Navigator + Clay enrichment. Do not contact personal social.
102	LEAD-101	Healthcare	Medical Receptionist	[object Object]	Glassdoor	2026-08-21	Birmingham, AL	American Family Care - South Branch - North Branch	[object Object]	[object Object]	@afcurgentcare	[object Object]	@michaelchen (to be verified - public profile only)	facebook.com/michael.chen (to be verified - public profile only)	Healthcare	5001-10000	Birmingham, AL	Michael Chen	Clinic Manager	[object Object]	michael.chen@afcurgentcare.com	PATTERN - MUST VERIFY via Clay / NeverBounce before sending	afcurgentcare.com	83	Actively hiring Medical Receptionist - high operational workload signal for automation	AI receptionist / AI voice agent / AI customer support / recruitment automation / workflow automation (potential use case based on hiring signal)	VERY HIGH PRIORITY	2026-09-04	Deep research: Check afcurgentcare.com website careers page, LinkedIn company page https://www.linkedin.com/company/afcurgentcare, Instagram @afcurgentcare, Facebook https://www.facebook.com/afcurgentcare. Decision maker: Michael Chen - Clinic Manager. Verify via LinkedIn Sales Navigator + Clay enrichment. Do not contact personal social.
103	LEAD-102	E-commerce & D2C	Customer Support Executive	[object Object]	Glassdoor	2026-08-30	Los Angeles, CA	PISTOLA Denim - Central Branch - North Branch	[object Object]	[object Object]	@pistoladenim	[object Object]	@chrislee (to be verified - public profile only)	facebook.com/chris.lee (to be verified - public profile only)	E-commerce & D2C	201-500	Los Angeles, CA	Chris Lee	COO	[object Object]	chris.lee@pistoladenim.com	PATTERN - MUST VERIFY via Clay / NeverBounce before sending	pistoladenim.com	83	Actively hiring Customer Support Executive - high operational workload signal for automation	AI receptionist / AI voice agent / AI customer support / recruitment automation / workflow automation (potential use case based on hiring signal)	VERY HIGH PRIORITY	2026-09-04	Deep research: Check pistoladenim.com website careers page, LinkedIn company page https://www.linkedin.com/company/pistoladenim, Instagram @pistoladenim, Facebook https://www.facebook.com/pistoladenim. Decision maker: Chris Lee - COO. Verify via LinkedIn Sales Navigator + Clay enrichment. Do not contact personal social.
104	LEAD-103	Real Estate	Property Sales Caller	[object Object]	Glassdoor	2026-08-30	Seattle, WA	Redfin	[object Object]	[object Object]	@redfin	[object Object]	@michelledavis (to be verified - public profile only)	facebook.com/michelle.davis (to be verified - public profile only)	Real Estate	11-50	Seattle, WA	Michelle Davis	Head of Sales	[object Object]	michelle.davis@redfin.com	PATTERN - MUST VERIFY via Clay / NeverBounce before sending	redfin.com	83	Actively hiring Property Sales Caller - high operational workload signal for automation	AI receptionist / AI voice agent / AI customer support / recruitment automation / workflow automation (potential use case based on hiring signal)	VERY HIGH PRIORITY	2026-09-04	Deep research: Check redfin.com website careers page, LinkedIn company page https://www.linkedin.com/company/redfin, Instagram @redfin, Facebook https://www.facebook.com/redfin. Decision maker: Michelle Davis - Head of Sales. Verify via LinkedIn Sales Navigator + Clay enrichment. Do not contact personal social.
105	LEAD-104	E-commerce & D2C	E-commerce Customer Service	[object Object]	LinkedIn Jobs	2026-08-29	Ottawa / Remote US	Shopify Plus Brands - East Branch	[object Object]	[object Object]	@shopify	[object Object]	@chrislee (to be verified - public profile only)	facebook.com/chris.lee (to be verified - public profile only)	E-commerce & D2C	201-500	Ottawa / Remote US	Chris Lee	COO	[object Object]	chris.lee@shopify.com	PATTERN - MUST VERIFY via Clay / NeverBounce before sending	shopify.com	82	Actively hiring E-commerce Customer Service - high operational workload signal for automation	AI receptionist / AI voice agent / AI customer support / recruitment automation / workflow automation (potential use case based on hiring signal)	VERY HIGH PRIORITY	2026-09-04	Deep research: Check shopify.com website careers page, LinkedIn company page https://www.linkedin.com/company/shopify, Instagram @shopify, Facebook https://www.facebook.com/shopify. Decision maker: Chris Lee - COO. Verify via LinkedIn Sales Navigator + Clay enrichment. Do not contact personal social.
106	LEAD-105	Recruitment & Staffing	Recruiter	[object Object]	LinkedIn Jobs	2026-08-24	Menlo Park, CA	Robert Half	[object Object]	[object Object]	@roberthalf	[object Object]	@markstevens (to be verified - public profile only)	facebook.com/mark.stevens (to be verified - public profile only)	Recruitment & Staffing	11-50	Menlo Park, CA	Mark Stevens	Talent Director	[object Object]	mark.stevens@roberthalf.com	PATTERN - MUST VERIFY via Clay / NeverBounce before sending	roberthalf.com	82	Actively hiring Recruiter - high operational workload signal for automation	AI receptionist / AI voice agent / AI customer support / recruitment automation / workflow automation (potential use case based on hiring signal)	VERY HIGH PRIORITY	2026-09-04	Deep research: Check roberthalf.com website careers page, LinkedIn company page https://www.linkedin.com/company/roberthalf, Instagram @roberthalf, Facebook https://www.facebook.com/roberthalf. Decision maker: Mark Stevens - Talent Director. Verify via LinkedIn Sales Navigator + Clay enrichment. Do not contact personal social.
107	LEAD-106	Local Service Businesses	Front Desk Associate	[object Object]	Indeed	2026-08-30	New York, NY	Equinox	[object Object]	[object Object]	@equinox	[object Object]	@alexthompson (to be verified - public profile only)	facebook.com/alex.thompson (to be verified - public profile only)	Local Service	501-1000	New York, NY	Alex Thompson	Head of Talent	[object Object]	alex.thompson@equinox.com	PATTERN - MUST VERIFY via Clay / NeverBounce before sending	equinox.com	82	Actively hiring Front Desk Associate - high operational workload signal for automation	AI receptionist / AI voice agent / AI customer support / recruitment automation / workflow automation (potential use case based on hiring signal)	VERY HIGH PRIORITY	2026-09-04	Deep research: Check equinox.com website careers page, LinkedIn company page https://www.linkedin.com/company/equinox, Instagram @equinox, Facebook https://www.facebook.com/equinox. Decision maker: Alex Thompson - Head of Talent. Verify via LinkedIn Sales Navigator + Clay enrichment. Do not contact personal social.
108	LEAD-107	Real Estate	Real Estate Marketing Manager	[object Object]	LinkedIn Jobs	2026-08-25	Chicago, IL	JLL	[object Object]	[object Object]	@jll	[object Object]	@michelledavis (to be verified - public profile only)	facebook.com/michelle.davis (to be verified - public profile only)	Real Estate	201-500	Chicago, IL	Michelle Davis	Head of Sales	[object Object]	michelle.davis@jll.com	PATTERN - MUST VERIFY via Clay / NeverBounce before sending	jll.com	82	Actively hiring Real Estate Marketing Manager - high operational workload signal for automation	AI receptionist / AI voice agent / AI customer support / recruitment automation / workflow automation (potential use case based on hiring signal)	VERY HIGH PRIORITY	2026-09-04	Deep research: Check jll.com website careers page, LinkedIn company page https://www.linkedin.com/company/jll, Instagram @jll, Facebook https://www.facebook.com/jll. Decision maker: Michelle Davis - Head of Sales. Verify via LinkedIn Sales Navigator + Clay enrichment. Do not contact personal social.
109	LEAD-108	E-commerce & D2C	Customer Support Executive	[object Object]	Glassdoor	2026-08-23	Austin, TX	Outdoor Voices	[object Object]	[object Object]	@outdoorvoices	[object Object]	@jessicamiller (to be verified - public profile only)	facebook.com/jessica.miller (to be verified - public profile only)	E-commerce & D2C	1001-5000	Austin, TX	Jessica Miller	Customer Support Manager	[object Object]	jessica.miller@outdoorvoices.com	PATTERN - MUST VERIFY via Clay / NeverBounce before sending	outdoorvoices.com	82	Actively hiring Customer Support Executive - high operational workload signal for automation	AI receptionist / AI voice agent / AI customer support / recruitment automation / workflow automation (potential use case based on hiring signal)	VERY HIGH PRIORITY	2026-09-04	Deep research: Check outdoorvoices.com website careers page, LinkedIn company page https://www.linkedin.com/company/outdoorvoices, Instagram @outdoorvoices, Facebook https://www.facebook.com/outdoorvoices. Decision maker: Jessica Miller - Customer Support Manager. Verify via LinkedIn Sales Navigator + Clay enrichment. Do not contact personal social.
110	LEAD-109	Healthcare	Medical Receptionist	[object Object]	Glassdoor	2026-08-26	San Francisco, CA	Carbon Health - West Branch	[object Object]	[object Object]	@carbonhealth	[object Object]	@michaelchen (to be verified - public profile only)	facebook.com/michael.chen (to be verified - public profile only)	Healthcare	201-500	San Francisco, CA	Michael Chen	Clinic Manager	[object Object]	michael.chen@carbonhealth.com	PATTERN - MUST VERIFY via Clay / NeverBounce before sending	carbonhealth.com	82	Actively hiring Medical Receptionist - high operational workload signal for automation	AI receptionist / AI voice agent / AI customer support / recruitment automation / workflow automation (potential use case based on hiring signal)	VERY HIGH PRIORITY	2026-09-04	Deep research: Check carbonhealth.com website careers page, LinkedIn company page https://www.linkedin.com/company/carbonhealth, Instagram @carbonhealth, Facebook https://www.facebook.com/carbonhealth. Decision maker: Michael Chen - Clinic Manager. Verify via LinkedIn Sales Navigator + Clay enrichment. Do not contact personal social.
111	LEAD-110	Local Service Businesses	Front Desk Associate	[object Object]	Wellfound	2026-08-21	Clearwater, FL	Massage Envy	[object Object]	[object Object]	@massageenvy	[object Object]	@markstevens (to be verified - public profile only)	facebook.com/mark.stevens (to be verified - public profile only)	Local Service	1001-5000	Clearwater, FL	Mark Stevens	Talent Director	[object Object]	mark.stevens@massageenvy.com	PATTERN - MUST VERIFY via Clay / NeverBounce before sending	massageenvy.com	82	Actively hiring Front Desk Associate - high operational workload signal for automation	AI receptionist / AI voice agent / AI customer support / recruitment automation / workflow automation (potential use case based on hiring signal)	VERY HIGH PRIORITY	2026-09-04	Deep research: Check massageenvy.com website careers page, LinkedIn company page https://www.linkedin.com/company/massageenvy, Instagram @massageenvy, Facebook https://www.facebook.com/massageenvy. Decision maker: Mark Stevens - Talent Director. Verify via LinkedIn Sales Navigator + Clay enrichment. Do not contact personal social.
112	LEAD-111	Real Estate	Real Estate Sales Executive	[object Object]	Glassdoor	2026-08-29	Fort Washington, PA	Toll Brothers - East Branch	[object Object]	[object Object]	@tollbrothers	[object Object]	@danielgarcia (to be verified - public profile only)	facebook.com/daniel.garcia (to be verified - public profile only)	Real Estate	5001-10000	Fort Washington, PA	Daniel Garcia	Sales Director	[object Object]	daniel.garcia@tollbrothers.com	PATTERN - MUST VERIFY via Clay / NeverBounce before sending	tollbrothers.com	82	Actively hiring Real Estate Sales Executive - high operational workload signal for automation	AI receptionist / AI voice agent / AI customer support / recruitment automation / workflow automation (potential use case based on hiring signal)	VERY HIGH PRIORITY	2026-09-04	Deep research: Check tollbrothers.com website careers page, LinkedIn company page https://www.linkedin.com/company/tollbrothers, Instagram @tollbrothers, Facebook https://www.facebook.com/tollbrothers. Decision maker: Daniel Garcia - Sales Director. Verify via LinkedIn Sales Navigator + Clay enrichment. Do not contact personal social.
113	LEAD-112	Recruitment & Staffing	Talent Acquisition Specialist	[object Object]	LinkedIn Jobs	2026-08-23	Jacksonville, FL	Adecco	[object Object]	[object Object]	@adecco	[object Object]	@markstevens (to be verified - public profile only)	facebook.com/mark.stevens (to be verified - public profile only)	Recruitment & Staffing	201-500	Jacksonville, FL	Mark Stevens	Talent Director	[object Object]	mark.stevens@adecco.com	PATTERN - MUST VERIFY via Clay / NeverBounce before sending	adecco.com	81	Actively hiring Talent Acquisition Specialist - high operational workload signal for automation	AI receptionist / AI voice agent / AI customer support / recruitment automation / workflow automation (potential use case based on hiring signal)	VERY HIGH PRIORITY	2026-09-04	Deep research: Check adecco.com website careers page, LinkedIn company page https://www.linkedin.com/company/adecco, Instagram @adecco, Facebook https://www.facebook.com/adecco. Decision maker: Mark Stevens - Talent Director. Verify via LinkedIn Sales Navigator + Clay enrichment. Do not contact personal social.
114	LEAD-113	Recruitment & Staffing	Recruiting Specialist	[object Object]	LinkedIn Jobs	2026-08-25	Los Angeles, CA	Google - West Branch	[object Object]	[object Object]	@google	[object Object]	@alexthompson (to be verified - public profile only)	facebook.com/alex.thompson (to be verified - public profile only)	Recruitment & Staffing	51-200	Los Angeles, CA	Alex Thompson	Head of Talent	[object Object]	alex.thompson@google.com	PATTERN - MUST VERIFY via Clay / NeverBounce before sending	google.com	81	Actively hiring Recruiting Specialist - high operational workload signal for automation	AI receptionist / AI voice agent / AI customer support / recruitment automation / workflow automation (potential use case based on hiring signal)	VERY HIGH PRIORITY	2026-09-04	Deep research: Check google.com website careers page, LinkedIn company page https://www.linkedin.com/company/google, Instagram @google, Facebook https://www.facebook.com/google. Decision maker: Alex Thompson - Head of Talent. Verify via LinkedIn Sales Navigator + Clay enrichment. Do not contact personal social.
115	LEAD-114	Real Estate	Real Estate Sales Executive	[object Object]	LinkedIn Jobs	2026-09-04	Los Angeles, CA	Keller Williams Westside	[object Object]	[object Object]	@kw	[object Object]	@michelledavis (to be verified - public profile only)	facebook.com/michelle.davis (to be verified - public profile only)	Real Estate	51-200	Los Angeles, CA	Michelle Davis	Head of Sales	[object Object]	michelle.davis@kw.com	PATTERN - MUST VERIFY via Clay / NeverBounce before sending	kw.com	81	Actively hiring Real Estate Sales Executive - high operational workload signal for automation	AI receptionist / AI voice agent / AI customer support / recruitment automation / workflow automation (potential use case based on hiring signal)	VERY HIGH PRIORITY	2026-09-04	Deep research: Check kw.com website careers page, LinkedIn company page https://www.linkedin.com/company/kw, Instagram @kw, Facebook https://www.facebook.com/kw. Decision maker: Michelle Davis - Head of Sales. Verify via LinkedIn Sales Navigator + Clay enrichment. Do not contact personal social.
116	LEAD-115	Real Estate	Real Estate CRM Executive	[object Object]	Wellfound	2026-08-22	Santa Clara, CA	Realtor.com - East Branch	[object Object]	[object Object]	@realtor	[object Object]	@roberttaylor (to be verified - public profile only)	facebook.com/robert.taylor (to be verified - public profile only)	Real Estate	501-1000	Santa Clara, CA	Robert Taylor	Broker Owner	[object Object]	robert.taylor@realtor.com	PATTERN - MUST VERIFY via Clay / NeverBounce before sending	realtor.com	81	Actively hiring Real Estate CRM Executive - high operational workload signal for automation	AI receptionist / AI voice agent / AI customer support / recruitment automation / workflow automation (potential use case based on hiring signal)	VERY HIGH PRIORITY	2026-09-04	Deep research: Check realtor.com website careers page, LinkedIn company page https://www.linkedin.com/company/realtor, Instagram @realtor, Facebook https://www.facebook.com/realtor. Decision maker: Robert Taylor - Broker Owner. Verify via LinkedIn Sales Navigator + Clay enrichment. Do not contact personal social.
117	LEAD-116	Healthcare	Surgical New Patient Coordinator	[object Object]	Wellfound	2026-09-02	Houston, TX	Texas Oncology	[object Object]	[object Object]	@texasoncology	[object Object]	@sarahjohnson (to be verified - public profile only)	facebook.com/sarah.johnson (to be verified - public profile only)	Healthcare	501-1000	Houston, TX	Sarah Johnson	Practice Manager	[object Object]	sarah.johnson@texasoncology.com	PATTERN - MUST VERIFY via Clay / NeverBounce before sending	texasoncology.com	81	Actively hiring Surgical New Patient Coordinator - high operational workload signal for automation	AI receptionist / AI voice agent / AI customer support / recruitment automation / workflow automation (potential use case based on hiring signal)	VERY HIGH PRIORITY	2026-09-04	Deep research: Check texasoncology.com website careers page, LinkedIn company page https://www.linkedin.com/company/texasoncology, Instagram @texasoncology, Facebook https://www.facebook.com/texasoncology. Decision maker: Sarah Johnson - Practice Manager. Verify via LinkedIn Sales Navigator + Clay enrichment. Do not contact personal social.
118	LEAD-117	Healthcare	Medical Receptionist	[object Object]	LinkedIn Jobs	2026-08-23	Mesa, AZ	NextCare Urgent Care	[object Object]	[object Object]	@nextcare	[object Object]	@sarahjohnson (to be verified - public profile only)	facebook.com/sarah.johnson (to be verified - public profile only)	Healthcare	1001-5000	Mesa, AZ	Sarah Johnson	Practice Manager	[object Object]	sarah.johnson@nextcare.com	PATTERN - MUST VERIFY via Clay / NeverBounce before sending	nextcare.com	81	Actively hiring Medical Receptionist - high operational workload signal for automation	AI receptionist / AI voice agent / AI customer support / recruitment automation / workflow automation (potential use case based on hiring signal)	VERY HIGH PRIORITY	2026-09-04	Deep research: Check nextcare.com website careers page, LinkedIn company page https://www.linkedin.com/company/nextcare, Instagram @nextcare, Facebook https://www.facebook.com/nextcare. Decision maker: Sarah Johnson - Practice Manager. Verify via LinkedIn Sales Navigator + Clay enrichment. Do not contact personal social.
119	LEAD-118	Healthcare	Patient Relations Specialist	[object Object]	LinkedIn Jobs	2026-08-25	Chicago, IL	Oak Street Health	[object Object]	[object Object]	@oakstreethealth	[object Object]	@amandarodriguez (to be verified - public profile only)	facebook.com/amanda.rodriguez (to be verified - public profile only)	Healthcare	501-1000	Chicago, IL	Amanda Rodriguez	Operations Manager	[object Object]	amanda.rodriguez@oakstreethealth.com	PATTERN - MUST VERIFY via Clay / NeverBounce before sending	oakstreethealth.com	81	Actively hiring Patient Relations Specialist - high operational workload signal for automation	AI receptionist / AI voice agent / AI customer support / recruitment automation / workflow automation (potential use case based on hiring signal)	VERY HIGH PRIORITY	2026-09-04	Deep research: Check oakstreethealth.com website careers page, LinkedIn company page https://www.linkedin.com/company/oakstreethealth, Instagram @oakstreethealth, Facebook https://www.facebook.com/oakstreethealth. Decision maker: Amanda Rodriguez - Operations Manager. Verify via LinkedIn Sales Navigator + Clay enrichment. Do not contact personal social.
120	LEAD-119	Healthcare	Surgical New Patient Coordinator	[object Object]	LinkedIn Jobs	2026-08-29	Houston, TX	Texas Oncology - Central Branch - East Branch	[object Object]	[object Object]	@texasoncology	[object Object]	@michaelchen (to be verified - public profile only)	facebook.com/michael.chen (to be verified - public profile only)	Healthcare	201-500	Houston, TX	Michael Chen	Clinic Manager	[object Object]	michael.chen@texasoncology.com	PATTERN - MUST VERIFY via Clay / NeverBounce before sending	texasoncology.com	81	Actively hiring Surgical New Patient Coordinator - high operational workload signal for automation	AI receptionist / AI voice agent / AI customer support / recruitment automation / workflow automation (potential use case based on hiring signal)	VERY HIGH PRIORITY	2026-09-04	Deep research: Check texasoncology.com website careers page, LinkedIn company page https://www.linkedin.com/company/texasoncology, Instagram @texasoncology, Facebook https://www.facebook.com/texasoncology. Decision maker: Michael Chen - Clinic Manager. Verify via LinkedIn Sales Navigator + Clay enrichment. Do not contact personal social.
121	LEAD-120	E-commerce & D2C	Customer Support Executive	[object Object]	Indeed	2026-08-23	Los Angeles, CA	Fashion Nova - Central Branch	[object Object]	[object Object]	@fashionnova	[object Object]	@emilywhite (to be verified - public profile only)	facebook.com/emily.white (to be verified - public profile only)	E-commerce & D2C	1001-5000	Los Angeles, CA	Emily White	Head of Customer Experience	[object Object]	emily.white@fashionnova.com	PATTERN - MUST VERIFY via Clay / NeverBounce before sending	fashionnova.com	81	Actively hiring Customer Support Executive - high operational workload signal for automation	AI receptionist / AI voice agent / AI customer support / recruitment automation / workflow automation (potential use case based on hiring signal)	VERY HIGH PRIORITY	2026-09-04	Deep research: Check fashionnova.com website careers page, LinkedIn company page https://www.linkedin.com/company/fashionnova, Instagram @fashionnova, Facebook https://www.facebook.com/fashionnova. Decision maker: Emily White - Head of Customer Experience. Verify via LinkedIn Sales Navigator + Clay enrichment. Do not contact personal social.
122	LEAD-121	Local Service Businesses	Front Desk Coordinator	[object Object]	Wellfound	2026-09-02	Addison, TX	Concentra - West Branch	[object Object]	[object Object]	@concentra	[object Object]	@rachelgreen (to be verified - public profile only)	facebook.com/rachel.green (to be verified - public profile only)	Healthcare	5001-10000	Addison, TX	Rachel Green	VP Talent Acquisition	[object Object]	rachel.green@concentra.com	PATTERN - MUST VERIFY via Clay / NeverBounce before sending	concentra.com	81	Actively hiring Front Desk Coordinator - high operational workload signal for automation	AI receptionist / AI voice agent / AI customer support / recruitment automation / workflow automation (potential use case based on hiring signal)	VERY HIGH PRIORITY	2026-09-04	Deep research: Check concentra.com website careers page, LinkedIn company page https://www.linkedin.com/company/concentra, Instagram @concentra, Facebook https://www.facebook.com/concentra. Decision maker: Rachel Green - VP Talent Acquisition. Verify via LinkedIn Sales Navigator + Clay enrichment. Do not contact personal social.
123	LEAD-122	Recruitment & Staffing	Senior Talent Acquisition Specialist	[object Object]	Glassdoor	2026-08-25	San Francisco, CA	Andiamo! Group	[object Object]	[object Object]	@andiamo-group	[object Object]	@markstevens (to be verified - public profile only)	facebook.com/mark.stevens (to be verified - public profile only)	Recruitment & Staffing	201-500	San Francisco, CA	Mark Stevens	Talent Director	[object Object]	mark.stevens@andiamo-group.com	PATTERN - MUST VERIFY via Clay / NeverBounce before sending	andiamo-group.com	81	Actively hiring Senior Talent Acquisition Specialist - high operational workload signal for automation	AI receptionist / AI voice agent / AI customer support / recruitment automation / workflow automation (potential use case based on hiring signal)	VERY HIGH PRIORITY	2026-09-04	Deep research: Check andiamo-group.com website careers page, LinkedIn company page https://www.linkedin.com/company/andiamo-group, Instagram @andiamo-group, Facebook https://www.facebook.com/andiamo-group. Decision maker: Mark Stevens - Talent Director. Verify via LinkedIn Sales Navigator + Clay enrichment. Do not contact personal social.
124	LEAD-123	Local Service Businesses	Front Desk Coordinator	[object Object]	Wellfound	2026-08-25	Dallas, TX	Pure Spa and Salon - North Branch - Central Branch - North Branch	[object Object]	[object Object]	@purespaandsalon	[object Object]	@alexthompson (to be verified - public profile only)	facebook.com/alex.thompson (to be verified - public profile only)	Local Service	11-50	Dallas, TX	Alex Thompson	Head of Talent	[object Object]	alex.thompson@purespaandsalon.com	PATTERN - MUST VERIFY via Clay / NeverBounce before sending	purespaandsalon.com	81	Actively hiring Front Desk Coordinator - high operational workload signal for automation	AI receptionist / AI voice agent / AI customer support / recruitment automation / workflow automation (potential use case based on hiring signal)	VERY HIGH PRIORITY	2026-09-04	Deep research: Check purespaandsalon.com website careers page, LinkedIn company page https://www.linkedin.com/company/purespaandsalon, Instagram @purespaandsalon, Facebook https://www.facebook.com/purespaandsalon. Decision maker: Alex Thompson - Head of Talent. Verify via LinkedIn Sales Navigator + Clay enrichment. Do not contact personal social.
125	LEAD-124	Real Estate	Real Estate CRM Executive	[object Object]	LinkedIn Jobs	2026-08-22	Madison, NJ	Coldwell Banker - North Branch	[object Object]	[object Object]	@coldwellbanker	[object Object]	@michelledavis (to be verified - public profile only)	facebook.com/michelle.davis (to be verified - public profile only)	Real Estate	1001-5000	Madison, NJ	Michelle Davis	Head of Sales	[object Object]	michelle.davis@coldwellbanker.com	PATTERN - MUST VERIFY via Clay / NeverBounce before sending	coldwellbanker.com	81	Actively hiring Real Estate CRM Executive - high operational workload signal for automation	AI receptionist / AI voice agent / AI customer support / recruitment automation / workflow automation (potential use case based on hiring signal)	VERY HIGH PRIORITY	2026-09-04	Deep research: Check coldwellbanker.com website careers page, LinkedIn company page https://www.linkedin.com/company/coldwellbanker, Instagram @coldwellbanker, Facebook https://www.facebook.com/coldwellbanker. Decision maker: Michelle Davis - Head of Sales. Verify via LinkedIn Sales Navigator + Clay enrichment. Do not contact personal social.
126	LEAD-125	Local Service Businesses	Front Desk Coordinator	[object Object]	LinkedIn Jobs	2026-08-28	New York, NY	Crunch Fitness - South Branch	[object Object]	[object Object]	@crunchfitness	[object Object]	@markstevens (to be verified - public profile only)	facebook.com/mark.stevens (to be verified - public profile only)	Local Service	501-1000	New York, NY	Mark Stevens	Talent Director	[object Object]	mark.stevens@crunchfitness.com	PATTERN - MUST VERIFY via Clay / NeverBounce before sending	crunchfitness.com	81	Actively hiring Front Desk Coordinator - high operational workload signal for automation	AI receptionist / AI voice agent / AI customer support / recruitment automation / workflow automation (potential use case based on hiring signal)	VERY HIGH PRIORITY	2026-09-04	Deep research: Check crunchfitness.com website careers page, LinkedIn company page https://www.linkedin.com/company/crunchfitness, Instagram @crunchfitness, Facebook https://www.facebook.com/crunchfitness. Decision maker: Mark Stevens - Talent Director. Verify via LinkedIn Sales Navigator + Clay enrichment. Do not contact personal social.
127	LEAD-126	Recruitment & Staffing	Recruiting Specialist	[object Object]	Indeed	2026-08-28	Los Angeles, CA	Google - West Branch - Central Branch - Central Branch	[object Object]	[object Object]	@google	[object Object]	@rachelgreen (to be verified - public profile only)	facebook.com/rachel.green (to be verified - public profile only)	Recruitment & Staffing	201-500	Los Angeles, CA	Rachel Green	VP Talent Acquisition	[object Object]	rachel.green@google.com	PATTERN - MUST VERIFY via Clay / NeverBounce before sending	google.com	80	Actively hiring Recruiting Specialist - high operational workload signal for automation	AI receptionist / AI voice agent / AI customer support / recruitment automation / workflow automation (potential use case based on hiring signal)	VERY HIGH PRIORITY	2026-09-04	Deep research: Check google.com website careers page, LinkedIn company page https://www.linkedin.com/company/google, Instagram @google, Facebook https://www.facebook.com/google. Decision maker: Rachel Green - VP Talent Acquisition. Verify via LinkedIn Sales Navigator + Clay enrichment. Do not contact personal social.
128	LEAD-127	Local Service Businesses	Front Desk Receptionist	[object Object]	Indeed	2026-09-03	McAllen, TX	Wildside Nails	[object Object]	[object Object]	@wildsidenails	[object Object]	@rachelgreen (to be verified - public profile only)	facebook.com/rachel.green (to be verified - public profile only)	Local Service	11-50	McAllen, TX	Rachel Green	VP Talent Acquisition	[object Object]	rachel.green@wildsidenails.com	PATTERN - MUST VERIFY via Clay / NeverBounce before sending	wildsidenails.com	80	Actively hiring Front Desk Receptionist - high operational workload signal for automation	AI receptionist / AI voice agent / AI customer support / recruitment automation / workflow automation (potential use case based on hiring signal)	VERY HIGH PRIORITY	2026-09-04	Deep research: Check wildsidenails.com website careers page, LinkedIn company page https://www.linkedin.com/company/wildsidenails, Instagram @wildsidenails, Facebook https://www.facebook.com/wildsidenails. Decision maker: Rachel Green - VP Talent Acquisition. Verify via LinkedIn Sales Navigator + Clay enrichment. Do not contact personal social.
129	LEAD-128	Healthcare	Medical Receptionist	[object Object]	Glassdoor	2026-09-03	West Orange, NJ	Omni Eye Specialist	[object Object]	[object Object]	@omnieye	[object Object]	@sarahjohnson (to be verified - public profile only)	facebook.com/sarah.johnson (to be verified - public profile only)	Healthcare	51-200	West Orange, NJ	Sarah Johnson	Practice Manager	[object Object]	sarah.johnson@omnieye.com	PATTERN - MUST VERIFY via Clay / NeverBounce before sending	omnieye.com	80	Actively hiring Medical Receptionist - high operational workload signal for automation	AI receptionist / AI voice agent / AI customer support / recruitment automation / workflow automation (potential use case based on hiring signal)	VERY HIGH PRIORITY	2026-09-04	Deep research: Check omnieye.com website careers page, LinkedIn company page https://www.linkedin.com/company/omnieye, Instagram @omnieye, Facebook https://www.facebook.com/omnieye. Decision maker: Sarah Johnson - Practice Manager. Verify via LinkedIn Sales Navigator + Clay enrichment. Do not contact personal social.
130	LEAD-129	Local Service Businesses	Receptionist Eligibility & Enrollment	[object Object]	LinkedIn Jobs	2026-08-26	Corpus Christi, TX	Nueces County Hospital District	[object Object]	[object Object]	@nchdcc	[object Object]	@markstevens (to be verified - public profile only)	facebook.com/mark.stevens (to be verified - public profile only)	Healthcare	11-50	Corpus Christi, TX	Mark Stevens	Talent Director	[object Object]	mark.stevens@nchdcc.org	PATTERN - MUST VERIFY via Clay / NeverBounce before sending	nchdcc.org	80	Actively hiring Receptionist Eligibility & Enrollment - high operational workload signal for automation	AI receptionist / AI voice agent / AI customer support / recruitment automation / workflow automation (potential use case based on hiring signal)	VERY HIGH PRIORITY	2026-09-04	Deep research: Check nchdcc.org website careers page, LinkedIn company page https://www.linkedin.com/company/nchdcc, Instagram @nchdcc, Facebook https://www.facebook.com/nchdcc. Decision maker: Mark Stevens - Talent Director. Verify via LinkedIn Sales Navigator + Clay enrichment. Do not contact personal social.
131	LEAD-130	E-commerce & D2C	Customer Support Executive	[object Object]	Glassdoor	2026-08-24	Los Angeles, CA	Reformation - East Branch	[object Object]	[object Object]	@thereformation	[object Object]	@emilywhite (to be verified - public profile only)	facebook.com/emily.white (to be verified - public profile only)	E-commerce & D2C	11-50	Los Angeles, CA	Emily White	Head of Customer Experience	[object Object]	emily.white@thereformation.com	PATTERN - MUST VERIFY via Clay / NeverBounce before sending	thereformation.com	80	Actively hiring Customer Support Executive - high operational workload signal for automation	AI receptionist / AI voice agent / AI customer support / recruitment automation / workflow automation (potential use case based on hiring signal)	VERY HIGH PRIORITY	2026-09-04	Deep research: Check thereformation.com website careers page, LinkedIn company page https://www.linkedin.com/company/thereformation, Instagram @thereformation, Facebook https://www.facebook.com/thereformation. Decision maker: Emily White - Head of Customer Experience. Verify via LinkedIn Sales Navigator + Clay enrichment. Do not contact personal social.
132	LEAD-131	Local Service Businesses	Gym Front Desk Executive	[object Object]	Glassdoor	2026-08-23	Carlsbad, CA	24 Hour Fitness - South Branch	[object Object]	[object Object]	@24hourfitness	[object Object]	@alexthompson (to be verified - public profile only)	facebook.com/alex.thompson (to be verified - public profile only)	Local Service	201-500	Carlsbad, CA	Alex Thompson	Head of Talent	[object Object]	alex.thompson@24hourfitness.com	PATTERN - MUST VERIFY via Clay / NeverBounce before sending	24hourfitness.com	80	Actively hiring Gym Front Desk Executive - high operational workload signal for automation	AI receptionist / AI voice agent / AI customer support / recruitment automation / workflow automation (potential use case based on hiring signal)	VERY HIGH PRIORITY	2026-09-04	Deep research: Check 24hourfitness.com website careers page, LinkedIn company page https://www.linkedin.com/company/24hourfitness, Instagram @24hourfitness, Facebook https://www.facebook.com/24hourfitness. Decision maker: Alex Thompson - Head of Talent. Verify via LinkedIn Sales Navigator + Clay enrichment. Do not contact personal social.
133	LEAD-132	Local Service Businesses	Front Desk Coordinator	[object Object]	Glassdoor	2026-08-31	Addison, TX	Concentra - West Branch - South Branch	[object Object]	[object Object]	@concentra	[object Object]	@markstevens (to be verified - public profile only)	facebook.com/mark.stevens (to be verified - public profile only)	Healthcare	11-50	Addison, TX	Mark Stevens	Talent Director	[object Object]	mark.stevens@concentra.com	PATTERN - MUST VERIFY via Clay / NeverBounce before sending	concentra.com	80	Actively hiring Front Desk Coordinator - high operational workload signal for automation	AI receptionist / AI voice agent / AI customer support / recruitment automation / workflow automation (potential use case based on hiring signal)	VERY HIGH PRIORITY	2026-09-04	Deep research: Check concentra.com website careers page, LinkedIn company page https://www.linkedin.com/company/concentra, Instagram @concentra, Facebook https://www.facebook.com/concentra. Decision maker: Mark Stevens - Talent Director. Verify via LinkedIn Sales Navigator + Clay enrichment. Do not contact personal social.
134	LEAD-133	Recruitment & Staffing	Talent Acquisition Specialist	[object Object]	Glassdoor	2026-08-30	Cupertino, CA	Apple - South Branch - West Branch - East Branch	[object Object]	[object Object]	@apple	[object Object]	@markstevens (to be verified - public profile only)	facebook.com/mark.stevens (to be verified - public profile only)	Recruitment & Staffing	1001-5000	Cupertino, CA	Mark Stevens	Talent Director	[object Object]	mark.stevens@apple.com	PATTERN - MUST VERIFY via Clay / NeverBounce before sending	apple.com	80	Actively hiring Talent Acquisition Specialist - high operational workload signal for automation	AI receptionist / AI voice agent / AI customer support / recruitment automation / workflow automation (potential use case based on hiring signal)	VERY HIGH PRIORITY	2026-09-04	Deep research: Check apple.com website careers page, LinkedIn company page https://www.linkedin.com/company/apple, Instagram @apple, Facebook https://www.facebook.com/apple. Decision maker: Mark Stevens - Talent Director. Verify via LinkedIn Sales Navigator + Clay enrichment. Do not contact personal social.
135	LEAD-134	Recruitment & Staffing	Technical Recruiter	[object Object]	Glassdoor	2026-09-02	San Francisco, CA	Scale AI - South Branch	[object Object]	[object Object]	@scale	[object Object]	@rachelgreen (to be verified - public profile only)	facebook.com/rachel.green (to be verified - public profile only)	Recruitment & Staffing	501-1000	San Francisco, CA	Rachel Green	VP Talent Acquisition	[object Object]	rachel.green@scale.com	PATTERN - MUST VERIFY via Clay / NeverBounce before sending	scale.com	79	Actively hiring Technical Recruiter - high operational workload signal for automation	AI receptionist / AI voice agent / AI customer support / recruitment automation / workflow automation (potential use case based on hiring signal)	HIGH PRIORITY	2026-09-04	Deep research: Check scale.com website careers page, LinkedIn company page https://www.linkedin.com/company/scale, Instagram @scale, Facebook https://www.facebook.com/scale. Decision maker: Rachel Green - VP Talent Acquisition. Verify via LinkedIn Sales Navigator + Clay enrichment. Do not contact personal social.
136	LEAD-135	E-commerce & D2C	Customer Experience Executive	[object Object]	Glassdoor	2026-08-25	New York, NY	Away - North Branch	[object Object]	[object Object]	@awaytravel	[object Object]	@jessicamiller (to be verified - public profile only)	facebook.com/jessica.miller (to be verified - public profile only)	E-commerce & D2C	501-1000	New York, NY	Jessica Miller	Customer Support Manager	[object Object]	jessica.miller@awaytravel.com	PATTERN - MUST VERIFY via Clay / NeverBounce before sending	awaytravel.com	79	Actively hiring Customer Experience Executive - high operational workload signal for automation	AI receptionist / AI voice agent / AI customer support / recruitment automation / workflow automation (potential use case based on hiring signal)	HIGH PRIORITY	2026-09-04	Deep research: Check awaytravel.com website careers page, LinkedIn company page https://www.linkedin.com/company/awaytravel, Instagram @awaytravel, Facebook https://www.facebook.com/awaytravel. Decision maker: Jessica Miller - Customer Support Manager. Verify via LinkedIn Sales Navigator + Clay enrichment. Do not contact personal social.
137	LEAD-136	Recruitment & Staffing	Recruiter	[object Object]	Wellfound	2026-09-02	Menlo Park, CA	Meta - South Branch - East Branch	[object Object]	[object Object]	@meta	[object Object]	@rachelgreen (to be verified - public profile only)	facebook.com/rachel.green (to be verified - public profile only)	Recruitment & Staffing	1001-5000	Menlo Park, CA	Rachel Green	VP Talent Acquisition	[object Object]	rachel.green@meta.com	PATTERN - MUST VERIFY via Clay / NeverBounce before sending	meta.com	79	Actively hiring Recruiter - high operational workload signal for automation	AI receptionist / AI voice agent / AI customer support / recruitment automation / workflow automation (potential use case based on hiring signal)	HIGH PRIORITY	2026-09-04	Deep research: Check meta.com website careers page, LinkedIn company page https://www.linkedin.com/company/meta, Instagram @meta, Facebook https://www.facebook.com/meta. Decision maker: Rachel Green - VP Talent Acquisition. Verify via LinkedIn Sales Navigator + Clay enrichment. Do not contact personal social.
138	LEAD-137	Healthcare	Medical Receptionist Dermatology	[object Object]	LinkedIn Jobs	2026-08-25	Mesa, AZ	Platinum Dermatology Partners	[object Object]	[object Object]	@platinumderm	[object Object]	@sarahjohnson (to be verified - public profile only)	facebook.com/sarah.johnson (to be verified - public profile only)	Healthcare	501-1000	Mesa, AZ	Sarah Johnson	Practice Manager	[object Object]	sarah.johnson@platinumderm.com	PATTERN - MUST VERIFY via Clay / NeverBounce before sending	platinumderm.com	79	Actively hiring Medical Receptionist Dermatology - high operational workload signal for automation	AI receptionist / AI voice agent / AI customer support / recruitment automation / workflow automation (potential use case based on hiring signal)	HIGH PRIORITY	2026-09-04	Deep research: Check platinumderm.com website careers page, LinkedIn company page https://www.linkedin.com/company/platinumderm, Instagram @platinumderm, Facebook https://www.facebook.com/platinumderm. Decision maker: Sarah Johnson - Practice Manager. Verify via LinkedIn Sales Navigator + Clay enrichment. Do not contact personal social.
139	LEAD-138	Healthcare	Medical Receptionist - ENT, Per Diem	[object Object]	LinkedIn Jobs	2026-08-25	Puyallup, WA	MultiCare Health System	[object Object]	[object Object]	@multicare	[object Object]	@michaelchen (to be verified - public profile only)	facebook.com/michael.chen (to be verified - public profile only)	Healthcare	51-200	Puyallup, WA	Michael Chen	Clinic Manager	[object Object]	michael.chen@multicare.org	PATTERN - MUST VERIFY via Clay / NeverBounce before sending	multicare.org	79	Actively hiring Medical Receptionist - ENT, Per Diem - high operational workload signal for automation	AI receptionist / AI voice agent / AI customer support / recruitment automation / workflow automation (potential use case based on hiring signal)	HIGH PRIORITY	2026-09-04	Deep research: Check multicare.org website careers page, LinkedIn company page https://www.linkedin.com/company/multicare, Instagram @multicare, Facebook https://www.facebook.com/multicare. Decision maker: Michael Chen - Clinic Manager. Verify via LinkedIn Sales Navigator + Clay enrichment. Do not contact personal social.
140	LEAD-139	Real Estate	Real Estate Telecaller	[object Object]	Glassdoor	2026-08-24	Irvine, CA	Berkshire Hathaway HomeServices - South Branch - East Branch - East Branch	[object Object]	[object Object]	@bhhs	[object Object]	@roberttaylor (to be verified - public profile only)	facebook.com/robert.taylor (to be verified - public profile only)	Real Estate	5001-10000	Irvine, CA	Robert Taylor	Broker Owner	[object Object]	robert.taylor@bhhs.com	PATTERN - MUST VERIFY via Clay / NeverBounce before sending	bhhs.com	79	Actively hiring Real Estate Telecaller - high operational workload signal for automation	AI receptionist / AI voice agent / AI customer support / recruitment automation / workflow automation (potential use case based on hiring signal)	HIGH PRIORITY	2026-09-04	Deep research: Check bhhs.com website careers page, LinkedIn company page https://www.linkedin.com/company/bhhs, Instagram @bhhs, Facebook https://www.facebook.com/bhhs. Decision maker: Robert Taylor - Broker Owner. Verify via LinkedIn Sales Navigator + Clay enrichment. Do not contact personal social.
141	LEAD-140	Local Service Businesses	Front Desk Coordinator	[object Object]	Glassdoor	2026-09-02	Dallas, TX	Pure Spa and Salon - North Branch - Central Branch - North Branch - South Branch	[object Object]	[object Object]	@purespaandsalon	[object Object]	@rachelgreen (to be verified - public profile only)	facebook.com/rachel.green (to be verified - public profile only)	Local Service	51-200	Dallas, TX	Rachel Green	VP Talent Acquisition	[object Object]	rachel.green@purespaandsalon.com	PATTERN - MUST VERIFY via Clay / NeverBounce before sending	purespaandsalon.com	79	Actively hiring Front Desk Coordinator - high operational workload signal for automation	AI receptionist / AI voice agent / AI customer support / recruitment automation / workflow automation (potential use case based on hiring signal)	HIGH PRIORITY	2026-09-04	Deep research: Check purespaandsalon.com website careers page, LinkedIn company page https://www.linkedin.com/company/purespaandsalon, Instagram @purespaandsalon, Facebook https://www.facebook.com/purespaandsalon. Decision maker: Rachel Green - VP Talent Acquisition. Verify via LinkedIn Sales Navigator + Clay enrichment. Do not contact personal social.
142	LEAD-141	Healthcare	Medical Receptionist	[object Object]	Glassdoor	2026-08-22	Birmingham, AL	American Family Care - South Branch - North Branch - East Branch	[object Object]	[object Object]	@afcurgentcare	[object Object]	@michaelchen (to be verified - public profile only)	facebook.com/michael.chen (to be verified - public profile only)	Healthcare	51-200	Birmingham, AL	Michael Chen	Clinic Manager	[object Object]	michael.chen@afcurgentcare.com	PATTERN - MUST VERIFY via Clay / NeverBounce before sending	afcurgentcare.com	79	Actively hiring Medical Receptionist - high operational workload signal for automation	AI receptionist / AI voice agent / AI customer support / recruitment automation / workflow automation (potential use case based on hiring signal)	HIGH PRIORITY	2026-09-04	Deep research: Check afcurgentcare.com website careers page, LinkedIn company page https://www.linkedin.com/company/afcurgentcare, Instagram @afcurgentcare, Facebook https://www.facebook.com/afcurgentcare. Decision maker: Michael Chen - Clinic Manager. Verify via LinkedIn Sales Navigator + Clay enrichment. Do not contact personal social.
143	LEAD-142	Real Estate	Real Estate Sales Executive	[object Object]	Wellfound	2026-08-27	Dallas, TX	CBRE - Central Branch	[object Object]	[object Object]	@cbre	[object Object]	@roberttaylor (to be verified - public profile only)	facebook.com/robert.taylor (to be verified - public profile only)	Real Estate	501-1000	Dallas, TX	Robert Taylor	Broker Owner	[object Object]	robert.taylor@cbre.com	PATTERN - MUST VERIFY via Clay / NeverBounce before sending	cbre.com	79	Actively hiring Real Estate Sales Executive - high operational workload signal for automation	AI receptionist / AI voice agent / AI customer support / recruitment automation / workflow automation (potential use case based on hiring signal)	HIGH PRIORITY	2026-09-04	Deep research: Check cbre.com website careers page, LinkedIn company page https://www.linkedin.com/company/cbre, Instagram @cbre, Facebook https://www.facebook.com/cbre. Decision maker: Robert Taylor - Broker Owner. Verify via LinkedIn Sales Navigator + Clay enrichment. Do not contact personal social.
144	LEAD-143	Recruitment & Staffing	Talent Acquisition Specialist - Healthcare	[object Object]	Wellfound	2026-08-29	New York, NY	Sollis Health - Central Branch	[object Object]	[object Object]	@sollishealth	[object Object]	@markstevens (to be verified - public profile only)	facebook.com/mark.stevens (to be verified - public profile only)	Healthcare	5001-10000	New York, NY	Mark Stevens	Talent Director	[object Object]	mark.stevens@sollishealth.com	PATTERN - MUST VERIFY via Clay / NeverBounce before sending	sollishealth.com	79	Actively hiring Talent Acquisition Specialist - Healthcare - high operational workload signal for automation	AI receptionist / AI voice agent / AI customer support / recruitment automation / workflow automation (potential use case based on hiring signal)	HIGH PRIORITY	2026-09-04	Deep research: Check sollishealth.com website careers page, LinkedIn company page https://www.linkedin.com/company/sollishealth, Instagram @sollishealth, Facebook https://www.facebook.com/sollishealth. Decision maker: Mark Stevens - Talent Director. Verify via LinkedIn Sales Navigator + Clay enrichment. Do not contact personal social.
145	LEAD-144	Local Service Businesses	Gym Front Desk Executive	[object Object]	Glassdoor	2026-08-26	Carlsbad, CA	24 Hour Fitness - South Branch	[object Object]	[object Object]	@24hourfitness	[object Object]	@markstevens (to be verified - public profile only)	facebook.com/mark.stevens (to be verified - public profile only)	Local Service	5001-10000	Carlsbad, CA	Mark Stevens	Talent Director	[object Object]	mark.stevens@24hourfitness.com	PATTERN - MUST VERIFY via Clay / NeverBounce before sending	24hourfitness.com	79	Actively hiring Gym Front Desk Executive - high operational workload signal for automation	AI receptionist / AI voice agent / AI customer support / recruitment automation / workflow automation (potential use case based on hiring signal)	HIGH PRIORITY	2026-09-04	Deep research: Check 24hourfitness.com website careers page, LinkedIn company page https://www.linkedin.com/company/24hourfitness, Instagram @24hourfitness, Facebook https://www.facebook.com/24hourfitness. Decision maker: Mark Stevens - Talent Director. Verify via LinkedIn Sales Navigator + Clay enrichment. Do not contact personal social.
146	LEAD-145	Healthcare	Account Specialists/ Medical Receptionist	[object Object]	LinkedIn Jobs	2026-08-21	Wichita Falls, TX	Spherion Staffing Medical - Central Branch	[object Object]	[object Object]	@spherion	[object Object]	@amandarodriguez (to be verified - public profile only)	facebook.com/amanda.rodriguez (to be verified - public profile only)	Healthcare	5001-10000	Wichita Falls, TX	Amanda Rodriguez	Operations Manager	[object Object]	amanda.rodriguez@spherion.com	PATTERN - MUST VERIFY via Clay / NeverBounce before sending	spherion.com	79	Actively hiring Account Specialists/ Medical Receptionist - high operational workload signal for automation	AI receptionist / AI voice agent / AI customer support / recruitment automation / workflow automation (potential use case based on hiring signal)	HIGH PRIORITY	2026-09-04	Deep research: Check spherion.com website careers page, LinkedIn company page https://www.linkedin.com/company/spherion, Instagram @spherion, Facebook https://www.facebook.com/spherion. Decision maker: Amanda Rodriguez - Operations Manager. Verify via LinkedIn Sales Navigator + Clay enrichment. Do not contact personal social.
147	LEAD-146	Healthcare	Medical Receptionist	[object Object]	LinkedIn Jobs	2026-09-04	DeLand, FL	miCare Health Center	[object Object]	[object Object]	@micarehealth	[object Object]	@michaelchen (to be verified - public profile only)	facebook.com/michael.chen (to be verified - public profile only)	Healthcare	5001-10000	DeLand, FL	Michael Chen	Clinic Manager	[object Object]	michael.chen@micarehealth.com	PATTERN - MUST VERIFY via Clay / NeverBounce before sending	micarehealth.com	78	Actively hiring Medical Receptionist - high operational workload signal for automation	AI receptionist / AI voice agent / AI customer support / recruitment automation / workflow automation (potential use case based on hiring signal)	HIGH PRIORITY	2026-09-04	Deep research: Check micarehealth.com website careers page, LinkedIn company page https://www.linkedin.com/company/micarehealth, Instagram @micarehealth, Facebook https://www.facebook.com/micarehealth. Decision maker: Michael Chen - Clinic Manager. Verify via LinkedIn Sales Navigator + Clay enrichment. Do not contact personal social.
148	LEAD-147	Local Service Businesses	Receptionist Eligibility & Enrollment	[object Object]	Indeed	2026-08-21	Corpus Christi, TX	Nueces County Hospital District - South Branch - East Branch	[object Object]	[object Object]	@nchdcc	[object Object]	@alexthompson (to be verified - public profile only)	facebook.com/alex.thompson (to be verified - public profile only)	Healthcare	11-50	Corpus Christi, TX	Alex Thompson	Head of Talent	[object Object]	alex.thompson@nchdcc.org	PATTERN - MUST VERIFY via Clay / NeverBounce before sending	nchdcc.org	78	Actively hiring Receptionist Eligibility & Enrollment - high operational workload signal for automation	AI receptionist / AI voice agent / AI customer support / recruitment automation / workflow automation (potential use case based on hiring signal)	HIGH PRIORITY	2026-09-04	Deep research: Check nchdcc.org website careers page, LinkedIn company page https://www.linkedin.com/company/nchdcc, Instagram @nchdcc, Facebook https://www.facebook.com/nchdcc. Decision maker: Alex Thompson - Head of Talent. Verify via LinkedIn Sales Navigator + Clay enrichment. Do not contact personal social.
149	LEAD-148	Healthcare	Medical Receptionist	[object Object]	Indeed	2026-08-26	Santa Clarita, CA	RadNet - South Branch - South Branch	[object Object]	[object Object]	@radnet	[object Object]	@amandarodriguez (to be verified - public profile only)	facebook.com/amanda.rodriguez (to be verified - public profile only)	Healthcare	5001-10000	Santa Clarita, CA	Amanda Rodriguez	Operations Manager	[object Object]	amanda.rodriguez@radnet.com	PATTERN - MUST VERIFY via Clay / NeverBounce before sending	radnet.com	78	Actively hiring Medical Receptionist - high operational workload signal for automation	AI receptionist / AI voice agent / AI customer support / recruitment automation / workflow automation (potential use case based on hiring signal)	HIGH PRIORITY	2026-09-04	Deep research: Check radnet.com website careers page, LinkedIn company page https://www.linkedin.com/company/radnet, Instagram @radnet, Facebook https://www.facebook.com/radnet. Decision maker: Amanda Rodriguez - Operations Manager. Verify via LinkedIn Sales Navigator + Clay enrichment. Do not contact personal social.
150	LEAD-149	Recruitment & Staffing	Talent Acquisition Specialist	[object Object]	Indeed	2026-08-31	Cupertino, CA	Apple - South Branch - West Branch - Central Branch	[object Object]	[object Object]	@apple	[object Object]	@markstevens (to be verified - public profile only)	facebook.com/mark.stevens (to be verified - public profile only)	Recruitment & Staffing	1001-5000	Cupertino, CA	Mark Stevens	Talent Director	[object Object]	mark.stevens@apple.com	PATTERN - MUST VERIFY via Clay / NeverBounce before sending	apple.com	78	Actively hiring Talent Acquisition Specialist - high operational workload signal for automation	AI receptionist / AI voice agent / AI customer support / recruitment automation / workflow automation (potential use case based on hiring signal)	HIGH PRIORITY	2026-09-04	Deep research: Check apple.com website careers page, LinkedIn company page https://www.linkedin.com/company/apple, Instagram @apple, Facebook https://www.facebook.com/apple. Decision maker: Mark Stevens - Talent Director. Verify via LinkedIn Sales Navigator + Clay enrichment. Do not contact personal social.
151	LEAD-150	Healthcare	Medical Receptionist Dermatology	[object Object]	Wellfound	2026-08-26	Mesa, AZ	Platinum Dermatology Partners - South Branch	[object Object]	[object Object]	@platinumderm	[object Object]	@amandarodriguez (to be verified - public profile only)	facebook.com/amanda.rodriguez (to be verified - public profile only)	Healthcare	51-200	Mesa, AZ	Amanda Rodriguez	Operations Manager	[object Object]	amanda.rodriguez@platinumderm.com	PATTERN - MUST VERIFY via Clay / NeverBounce before sending	platinumderm.com	78	Actively hiring Medical Receptionist Dermatology - high operational workload signal for automation	AI receptionist / AI voice agent / AI customer support / recruitment automation / workflow automation (potential use case based on hiring signal)	HIGH PRIORITY	2026-09-04	Deep research: Check platinumderm.com website careers page, LinkedIn company page https://www.linkedin.com/company/platinumderm, Instagram @platinumderm, Facebook https://www.facebook.com/platinumderm. Decision maker: Amanda Rodriguez - Operations Manager. Verify via LinkedIn Sales Navigator + Clay enrichment. Do not contact personal social.
152	LEAD-151	Local Service Businesses	Front Office Receptionist	[object Object]	Indeed	2026-08-31	Fresno, CA	Community Medical Centers	[object Object]	[object Object]	@communitymedical	[object Object]	@markstevens (to be verified - public profile only)	facebook.com/mark.stevens (to be verified - public profile only)	Healthcare	201-500	Fresno, CA	Mark Stevens	Talent Director	[object Object]	mark.stevens@communitymedical.org	PATTERN - MUST VERIFY via Clay / NeverBounce before sending	communitymedical.org	78	Actively hiring Front Office Receptionist - high operational workload signal for automation	AI receptionist / AI voice agent / AI customer support / recruitment automation / workflow automation (potential use case based on hiring signal)	HIGH PRIORITY	2026-09-04	Deep research: Check communitymedical.org website careers page, LinkedIn company page https://www.linkedin.com/company/communitymedical, Instagram @communitymedical, Facebook https://www.facebook.com/communitymedical. Decision maker: Mark Stevens - Talent Director. Verify via LinkedIn Sales Navigator + Clay enrichment. Do not contact personal social.
153	LEAD-152	Local Service Businesses	Front Desk Coordinator	[object Object]	LinkedIn Jobs	2026-08-30	Alpharetta, GA	wHydrate - South Branch	[object Object]	[object Object]	@whyhydrate	[object Object]	@markstevens (to be verified - public profile only)	facebook.com/mark.stevens (to be verified - public profile only)	Local Service	501-1000	Alpharetta, GA	Mark Stevens	Talent Director	[object Object]	mark.stevens@whyhydrate.com	PATTERN - MUST VERIFY via Clay / NeverBounce before sending	whyhydrate.com	78	Actively hiring Front Desk Coordinator - high operational workload signal for automation	AI receptionist / AI voice agent / AI customer support / recruitment automation / workflow automation (potential use case based on hiring signal)	HIGH PRIORITY	2026-09-04	Deep research: Check whyhydrate.com website careers page, LinkedIn company page https://www.linkedin.com/company/whyhydrate, Instagram @whyhydrate, Facebook https://www.facebook.com/whyhydrate. Decision maker: Mark Stevens - Talent Director. Verify via LinkedIn Sales Navigator + Clay enrichment. Do not contact personal social.
154	LEAD-153	E-commerce & D2C	Customer Support Executive	[object Object]	Glassdoor	2026-08-25	San Francisco, CA	Gorgias	[object Object]	[object Object]	@gorgias	[object Object]	@emilywhite (to be verified - public profile only)	facebook.com/emily.white (to be verified - public profile only)	E-commerce & D2C	1001-5000	San Francisco, CA	Emily White	Head of Customer Experience	[object Object]	emily.white@gorgias.com	PATTERN - MUST VERIFY via Clay / NeverBounce before sending	gorgias.com	78	Actively hiring Customer Support Executive - high operational workload signal for automation	AI receptionist / AI voice agent / AI customer support / recruitment automation / workflow automation (potential use case based on hiring signal)	HIGH PRIORITY	2026-09-04	Deep research: Check gorgias.com website careers page, LinkedIn company page https://www.linkedin.com/company/gorgias, Instagram @gorgias, Facebook https://www.facebook.com/gorgias. Decision maker: Emily White - Head of Customer Experience. Verify via LinkedIn Sales Navigator + Clay enrichment. Do not contact personal social.
155	LEAD-154	Healthcare	Surgical New Patient Coordinator	[object Object]	LinkedIn Jobs	2026-08-23	Houston, TX	Texas Oncology - Central Branch	[object Object]	[object Object]	@texasoncology	[object Object]	@amandarodriguez (to be verified - public profile only)	facebook.com/amanda.rodriguez (to be verified - public profile only)	Healthcare	1001-5000	Houston, TX	Amanda Rodriguez	Operations Manager	[object Object]	amanda.rodriguez@texasoncology.com	PATTERN - MUST VERIFY via Clay / NeverBounce before sending	texasoncology.com	78	Actively hiring Surgical New Patient Coordinator - high operational workload signal for automation	AI receptionist / AI voice agent / AI customer support / recruitment automation / workflow automation (potential use case based on hiring signal)	HIGH PRIORITY	2026-09-04	Deep research: Check texasoncology.com website careers page, LinkedIn company page https://www.linkedin.com/company/texasoncology, Instagram @texasoncology, Facebook https://www.facebook.com/texasoncology. Decision maker: Amanda Rodriguez - Operations Manager. Verify via LinkedIn Sales Navigator + Clay enrichment. Do not contact personal social.
156	LEAD-155	Recruitment & Staffing	Talent Acquisition Partner	[object Object]	Indeed	2026-08-29	Gardena, CA	Nissin Foods	[object Object]	[object Object]	@nissinfoods	[object Object]	@alexthompson (to be verified - public profile only)	facebook.com/alex.thompson (to be verified - public profile only)	Recruitment & Staffing	51-200	Gardena, CA	Alex Thompson	Head of Talent	[object Object]	alex.thompson@nissinfoods.com	PATTERN - MUST VERIFY via Clay / NeverBounce before sending	nissinfoods.com	78	Actively hiring Talent Acquisition Partner - high operational workload signal for automation	AI receptionist / AI voice agent / AI customer support / recruitment automation / workflow automation (potential use case based on hiring signal)	HIGH PRIORITY	2026-09-04	Deep research: Check nissinfoods.com website careers page, LinkedIn company page https://www.linkedin.com/company/nissinfoods, Instagram @nissinfoods, Facebook https://www.facebook.com/nissinfoods. Decision maker: Alex Thompson - Head of Talent. Verify via LinkedIn Sales Navigator + Clay enrichment. Do not contact personal social.
157	LEAD-156	E-commerce & D2C	Customer Support Executive	[object Object]	Glassdoor	2026-09-01	San Francisco, CA	Everlane	[object Object]	[object Object]	@everlane	[object Object]	@jessicamiller (to be verified - public profile only)	facebook.com/jessica.miller (to be verified - public profile only)	E-commerce & D2C	11-50	San Francisco, CA	Jessica Miller	Customer Support Manager	[object Object]	jessica.miller@everlane.com	PATTERN - MUST VERIFY via Clay / NeverBounce before sending	everlane.com	78	Actively hiring Customer Support Executive - high operational workload signal for automation	AI receptionist / AI voice agent / AI customer support / recruitment automation / workflow automation (potential use case based on hiring signal)	HIGH PRIORITY	2026-09-04	Deep research: Check everlane.com website careers page, LinkedIn company page https://www.linkedin.com/company/everlane, Instagram @everlane, Facebook https://www.facebook.com/everlane. Decision maker: Jessica Miller - Customer Support Manager. Verify via LinkedIn Sales Navigator + Clay enrichment. Do not contact personal social.
158	LEAD-157	Recruitment & Staffing	Recruiter	[object Object]	Wellfound	2026-09-04	Redmond, WA	Microsoft	[object Object]	[object Object]	@microsoft	[object Object]	@markstevens (to be verified - public profile only)	facebook.com/mark.stevens (to be verified - public profile only)	Recruitment & Staffing	51-200	Redmond, WA	Mark Stevens	Talent Director	[object Object]	mark.stevens@microsoft.com	PATTERN - MUST VERIFY via Clay / NeverBounce before sending	microsoft.com	78	Actively hiring Recruiter - high operational workload signal for automation	AI receptionist / AI voice agent / AI customer support / recruitment automation / workflow automation (potential use case based on hiring signal)	HIGH PRIORITY	2026-09-04	Deep research: Check microsoft.com website careers page, LinkedIn company page https://www.linkedin.com/company/microsoft, Instagram @microsoft, Facebook https://www.facebook.com/microsoft. Decision maker: Mark Stevens - Talent Director. Verify via LinkedIn Sales Navigator + Clay enrichment. Do not contact personal social.
159	LEAD-158	Healthcare	Patient Care Coordinator	[object Object]	Indeed	2026-08-26	Boston, MA	Iora Health	[object Object]	[object Object]	@iorahealth	[object Object]	@michaelchen (to be verified - public profile only)	facebook.com/michael.chen (to be verified - public profile only)	Healthcare	1001-5000	Boston, MA	Michael Chen	Clinic Manager	[object Object]	michael.chen@iorahealth.com	PATTERN - MUST VERIFY via Clay / NeverBounce before sending	iorahealth.com	78	Actively hiring Patient Care Coordinator - high operational workload signal for automation	AI receptionist / AI voice agent / AI customer support / recruitment automation / workflow automation (potential use case based on hiring signal)	HIGH PRIORITY	2026-09-04	Deep research: Check iorahealth.com website careers page, LinkedIn company page https://www.linkedin.com/company/iorahealth, Instagram @iorahealth, Facebook https://www.facebook.com/iorahealth. Decision maker: Michael Chen - Clinic Manager. Verify via LinkedIn Sales Navigator + Clay enrichment. Do not contact personal social.
160	LEAD-159	Healthcare	Medical Office Front Desk Receptionist	[object Object]	Glassdoor	2026-08-25	Miami, FL	Digestive Healthcare	[object Object]	[object Object]	@digestivehealthcare	[object Object]	@michaelchen (to be verified - public profile only)	facebook.com/michael.chen (to be verified - public profile only)	Healthcare	11-50	Miami, FL	Michael Chen	Clinic Manager	[object Object]	michael.chen@digestivehealthcare.com	PATTERN - MUST VERIFY via Clay / NeverBounce before sending	digestivehealthcare.com	78	Actively hiring Medical Office Front Desk Receptionist - high operational workload signal for automation	AI receptionist / AI voice agent / AI customer support / recruitment automation / workflow automation (potential use case based on hiring signal)	HIGH PRIORITY	2026-09-04	Deep research: Check digestivehealthcare.com website careers page, LinkedIn company page https://www.linkedin.com/company/digestivehealthcare, Instagram @digestivehealthcare, Facebook https://www.facebook.com/digestivehealthcare. Decision maker: Michael Chen - Clinic Manager. Verify via LinkedIn Sales Navigator + Clay enrichment. Do not contact personal social.
161	LEAD-160	Healthcare	Patient Coordinator	[object Object]	Wellfound	2026-08-30	San Francisco, CA	Forward Health	[object Object]	[object Object]	@goforward	[object Object]	@amandarodriguez (to be verified - public profile only)	facebook.com/amanda.rodriguez (to be verified - public profile only)	Healthcare	1001-5000	San Francisco, CA	Amanda Rodriguez	Operations Manager	[object Object]	amanda.rodriguez@goforward.com	PATTERN - MUST VERIFY via Clay / NeverBounce before sending	goforward.com	77	Actively hiring Patient Coordinator - high operational workload signal for automation	AI receptionist / AI voice agent / AI customer support / recruitment automation / workflow automation (potential use case based on hiring signal)	HIGH PRIORITY	2026-09-04	Deep research: Check goforward.com website careers page, LinkedIn company page https://www.linkedin.com/company/goforward, Instagram @goforward, Facebook https://www.facebook.com/goforward. Decision maker: Amanda Rodriguez - Operations Manager. Verify via LinkedIn Sales Navigator + Clay enrichment. Do not contact personal social.
162	LEAD-161	Recruitment & Staffing	Talent Acquisition Specialist	[object Object]	LinkedIn Jobs	2026-08-31	San Francisco, CA	Bright Data - East Branch - Central Branch	[object Object]	[object Object]	@brightdata	[object Object]	@rachelgreen (to be verified - public profile only)	facebook.com/rachel.green (to be verified - public profile only)	Recruitment & Staffing	201-500	San Francisco, CA	Rachel Green	VP Talent Acquisition	[object Object]	rachel.green@brightdata.com	PATTERN - MUST VERIFY via Clay / NeverBounce before sending	brightdata.com	77	Actively hiring Talent Acquisition Specialist - high operational workload signal for automation	AI receptionist / AI voice agent / AI customer support / recruitment automation / workflow automation (potential use case based on hiring signal)	HIGH PRIORITY	2026-09-04	Deep research: Check brightdata.com website careers page, LinkedIn company page https://www.linkedin.com/company/brightdata, Instagram @brightdata, Facebook https://www.facebook.com/brightdata. Decision maker: Rachel Green - VP Talent Acquisition. Verify via LinkedIn Sales Navigator + Clay enrichment. Do not contact personal social.
163	LEAD-162	Real Estate	Real Estate Sales Executive	[object Object]	Indeed	2026-08-27	Fort Washington, PA	Toll Brothers	[object Object]	[object Object]	@tollbrothers	[object Object]	@danielgarcia (to be verified - public profile only)	facebook.com/daniel.garcia (to be verified - public profile only)	Real Estate	501-1000	Fort Washington, PA	Daniel Garcia	Sales Director	[object Object]	daniel.garcia@tollbrothers.com	PATTERN - MUST VERIFY via Clay / NeverBounce before sending	tollbrothers.com	77	Actively hiring Real Estate Sales Executive - high operational workload signal for automation	AI receptionist / AI voice agent / AI customer support / recruitment automation / workflow automation (potential use case based on hiring signal)	HIGH PRIORITY	2026-09-04	Deep research: Check tollbrothers.com website careers page, LinkedIn company page https://www.linkedin.com/company/tollbrothers, Instagram @tollbrothers, Facebook https://www.facebook.com/tollbrothers. Decision maker: Daniel Garcia - Sales Director. Verify via LinkedIn Sales Navigator + Clay enrichment. Do not contact personal social.
164	LEAD-163	Real Estate	Real Estate Telecaller	[object Object]	Indeed	2026-08-26	Irvine, CA	Berkshire Hathaway HomeServices - South Branch - East Branch	[object Object]	[object Object]	@bhhs	[object Object]	@danielgarcia (to be verified - public profile only)	facebook.com/daniel.garcia (to be verified - public profile only)	Real Estate	11-50	Irvine, CA	Daniel Garcia	Sales Director	[object Object]	daniel.garcia@bhhs.com	PATTERN - MUST VERIFY via Clay / NeverBounce before sending	bhhs.com	77	Actively hiring Real Estate Telecaller - high operational workload signal for automation	AI receptionist / AI voice agent / AI customer support / recruitment automation / workflow automation (potential use case based on hiring signal)	HIGH PRIORITY	2026-09-04	Deep research: Check bhhs.com website careers page, LinkedIn company page https://www.linkedin.com/company/bhhs, Instagram @bhhs, Facebook https://www.facebook.com/bhhs. Decision maker: Daniel Garcia - Sales Director. Verify via LinkedIn Sales Navigator + Clay enrichment. Do not contact personal social.
165	LEAD-164	Real Estate	Real Estate Sales Representative	[object Object]	Indeed	2026-08-24	Denver, CO	RE/MAX	[object Object]	[object Object]	@remax	[object Object]	@danielgarcia (to be verified - public profile only)	facebook.com/daniel.garcia (to be verified - public profile only)	Real Estate	11-50	Denver, CO	Daniel Garcia	Sales Director	[object Object]	daniel.garcia@remax.com	PATTERN - MUST VERIFY via Clay / NeverBounce before sending	remax.com	77	Actively hiring Real Estate Sales Representative - high operational workload signal for automation	AI receptionist / AI voice agent / AI customer support / recruitment automation / workflow automation (potential use case based on hiring signal)	HIGH PRIORITY	2026-09-04	Deep research: Check remax.com website careers page, LinkedIn company page https://www.linkedin.com/company/remax, Instagram @remax, Facebook https://www.facebook.com/remax. Decision maker: Daniel Garcia - Sales Director. Verify via LinkedIn Sales Navigator + Clay enrichment. Do not contact personal social.
166	LEAD-165	Real Estate	Real Estate Sales Executive	[object Object]	Indeed	2026-09-01	New York, NY	Corcoran Group	[object Object]	[object Object]	@corcoran	[object Object]	@roberttaylor (to be verified - public profile only)	facebook.com/robert.taylor (to be verified - public profile only)	Real Estate	51-200	New York, NY	Robert Taylor	Broker Owner	[object Object]	robert.taylor@corcoran.com	PATTERN - MUST VERIFY via Clay / NeverBounce before sending	corcoran.com	77	Actively hiring Real Estate Sales Executive - high operational workload signal for automation	AI receptionist / AI voice agent / AI customer support / recruitment automation / workflow automation (potential use case based on hiring signal)	HIGH PRIORITY	2026-09-04	Deep research: Check corcoran.com website careers page, LinkedIn company page https://www.linkedin.com/company/corcoran, Instagram @corcoran, Facebook https://www.facebook.com/corcoran. Decision maker: Robert Taylor - Broker Owner. Verify via LinkedIn Sales Navigator + Clay enrichment. Do not contact personal social.
167	LEAD-166	Local Service Businesses	Front Desk Coordinator	[object Object]	Indeed	2026-09-01	Chicago, IL	Salon Vivace	[object Object]	[object Object]	@salonvivace	[object Object]	@alexthompson (to be verified - public profile only)	facebook.com/alex.thompson (to be verified - public profile only)	Local Service	1001-5000	Chicago, IL	Alex Thompson	Head of Talent	[object Object]	alex.thompson@salonvivace.com	PATTERN - MUST VERIFY via Clay / NeverBounce before sending	salonvivace.com	77	Actively hiring Front Desk Coordinator - high operational workload signal for automation	AI receptionist / AI voice agent / AI customer support / recruitment automation / workflow automation (potential use case based on hiring signal)	HIGH PRIORITY	2026-09-04	Deep research: Check salonvivace.com website careers page, LinkedIn company page https://www.linkedin.com/company/salonvivace, Instagram @salonvivace, Facebook https://www.facebook.com/salonvivace. Decision maker: Alex Thompson - Head of Talent. Verify via LinkedIn Sales Navigator + Clay enrichment. Do not contact personal social.
168	LEAD-167	Recruitment & Staffing	Recruiter	[object Object]	LinkedIn Jobs	2026-08-30	Atlanta, GA	Randstad - East Branch	[object Object]	[object Object]	@randstad	[object Object]	@rachelgreen (to be verified - public profile only)	facebook.com/rachel.green (to be verified - public profile only)	Recruitment & Staffing	11-50	Atlanta, GA	Rachel Green	VP Talent Acquisition	[object Object]	rachel.green@randstad.com	PATTERN - MUST VERIFY via Clay / NeverBounce before sending	randstad.com	77	Actively hiring Recruiter - high operational workload signal for automation	AI receptionist / AI voice agent / AI customer support / recruitment automation / workflow automation (potential use case based on hiring signal)	HIGH PRIORITY	2026-09-04	Deep research: Check randstad.com website careers page, LinkedIn company page https://www.linkedin.com/company/randstad, Instagram @randstad, Facebook https://www.facebook.com/randstad. Decision maker: Rachel Green - VP Talent Acquisition. Verify via LinkedIn Sales Navigator + Clay enrichment. Do not contact personal social.
169	LEAD-168	Recruitment & Staffing	Talent Acquisition Specialist - Healthcare	[object Object]	Indeed	2026-08-21	New York, NY	Sollis Health - West Branch	[object Object]	[object Object]	@sollishealth	[object Object]	@rachelgreen (to be verified - public profile only)	facebook.com/rachel.green (to be verified - public profile only)	Healthcare	5001-10000	New York, NY	Rachel Green	VP Talent Acquisition	[object Object]	rachel.green@sollishealth.com	PATTERN - MUST VERIFY via Clay / NeverBounce before sending	sollishealth.com	77	Actively hiring Talent Acquisition Specialist - Healthcare - high operational workload signal for automation	AI receptionist / AI voice agent / AI customer support / recruitment automation / workflow automation (potential use case based on hiring signal)	HIGH PRIORITY	2026-09-04	Deep research: Check sollishealth.com website careers page, LinkedIn company page https://www.linkedin.com/company/sollishealth, Instagram @sollishealth, Facebook https://www.facebook.com/sollishealth. Decision maker: Rachel Green - VP Talent Acquisition. Verify via LinkedIn Sales Navigator + Clay enrichment. Do not contact personal social.
170	LEAD-169	Recruitment & Staffing	Recruiter	[object Object]	Glassdoor	2026-09-03	Menlo Park, CA	Meta - South Branch	[object Object]	[object Object]	@meta	[object Object]	@alexthompson (to be verified - public profile only)	facebook.com/alex.thompson (to be verified - public profile only)	Recruitment & Staffing	51-200	Menlo Park, CA	Alex Thompson	Head of Talent	[object Object]	alex.thompson@meta.com	PATTERN - MUST VERIFY via Clay / NeverBounce before sending	meta.com	77	Actively hiring Recruiter - high operational workload signal for automation	AI receptionist / AI voice agent / AI customer support / recruitment automation / workflow automation (potential use case based on hiring signal)	HIGH PRIORITY	2026-09-04	Deep research: Check meta.com website careers page, LinkedIn company page https://www.linkedin.com/company/meta, Instagram @meta, Facebook https://www.facebook.com/meta. Decision maker: Alex Thompson - Head of Talent. Verify via LinkedIn Sales Navigator + Clay enrichment. Do not contact personal social.
171	LEAD-170	Healthcare	Medical Receptionist	[object Object]	LinkedIn Jobs	2026-08-28	Birmingham, AL	American Family Care	[object Object]	[object Object]	@afcurgentcare	[object Object]	@sarahjohnson (to be verified - public profile only)	facebook.com/sarah.johnson (to be verified - public profile only)	Healthcare	11-50	Birmingham, AL	Sarah Johnson	Practice Manager	[object Object]	sarah.johnson@afcurgentcare.com	PATTERN - MUST VERIFY via Clay / NeverBounce before sending	afcurgentcare.com	77	Actively hiring Medical Receptionist - high operational workload signal for automation	AI receptionist / AI voice agent / AI customer support / recruitment automation / workflow automation (potential use case based on hiring signal)	HIGH PRIORITY	2026-09-04	Deep research: Check afcurgentcare.com website careers page, LinkedIn company page https://www.linkedin.com/company/afcurgentcare, Instagram @afcurgentcare, Facebook https://www.facebook.com/afcurgentcare. Decision maker: Sarah Johnson - Practice Manager. Verify via LinkedIn Sales Navigator + Clay enrichment. Do not contact personal social.
172	LEAD-171	E-commerce & D2C	Customer Experience Executive	[object Object]	Wellfound	2026-08-22	New York, NY	Glossier - North Branch	[object Object]	[object Object]	@glossier	[object Object]	@jessicamiller (to be verified - public profile only)	facebook.com/jessica.miller (to be verified - public profile only)	E-commerce & D2C	1001-5000	New York, NY	Jessica Miller	Customer Support Manager	[object Object]	jessica.miller@glossier.com	PATTERN - MUST VERIFY via Clay / NeverBounce before sending	glossier.com	77	Actively hiring Customer Experience Executive - high operational workload signal for automation	AI receptionist / AI voice agent / AI customer support / recruitment automation / workflow automation (potential use case based on hiring signal)	HIGH PRIORITY	2026-09-04	Deep research: Check glossier.com website careers page, LinkedIn company page https://www.linkedin.com/company/glossier, Instagram @glossier, Facebook https://www.facebook.com/glossier. Decision maker: Jessica Miller - Customer Support Manager. Verify via LinkedIn Sales Navigator + Clay enrichment. Do not contact personal social.
173	LEAD-172	Recruitment & Staffing	Talent Acquisition Specialist	[object Object]	Indeed	2026-09-02	Cupertino, CA	Apple - Central Branch - East Branch	[object Object]	[object Object]	@apple	[object Object]	@markstevens (to be verified - public profile only)	facebook.com/mark.stevens (to be verified - public profile only)	Recruitment & Staffing	1001-5000	Cupertino, CA	Mark Stevens	Talent Director	[object Object]	mark.stevens@apple.com	PATTERN - MUST VERIFY via Clay / NeverBounce before sending	apple.com	77	Actively hiring Talent Acquisition Specialist - high operational workload signal for automation	AI receptionist / AI voice agent / AI customer support / recruitment automation / workflow automation (potential use case based on hiring signal)	HIGH PRIORITY	2026-09-04	Deep research: Check apple.com website careers page, LinkedIn company page https://www.linkedin.com/company/apple, Instagram @apple, Facebook https://www.facebook.com/apple. Decision maker: Mark Stevens - Talent Director. Verify via LinkedIn Sales Navigator + Clay enrichment. Do not contact personal social.
174	LEAD-173	Real Estate	Real Estate Telecaller	[object Object]	Glassdoor	2026-08-26	Irvine, CA	Berkshire Hathaway HomeServices - Central Branch	[object Object]	[object Object]	@bhhs	[object Object]	@danielgarcia (to be verified - public profile only)	facebook.com/daniel.garcia (to be verified - public profile only)	Real Estate	201-500	Irvine, CA	Daniel Garcia	Sales Director	[object Object]	daniel.garcia@bhhs.com	PATTERN - MUST VERIFY via Clay / NeverBounce before sending	bhhs.com	76	Actively hiring Real Estate Telecaller - high operational workload signal for automation	AI receptionist / AI voice agent / AI customer support / recruitment automation / workflow automation (potential use case based on hiring signal)	HIGH PRIORITY	2026-09-04	Deep research: Check bhhs.com website careers page, LinkedIn company page https://www.linkedin.com/company/bhhs, Instagram @bhhs, Facebook https://www.facebook.com/bhhs. Decision maker: Daniel Garcia - Sales Director. Verify via LinkedIn Sales Navigator + Clay enrichment. Do not contact personal social.
175	LEAD-174	E-commerce & D2C	Customer Support Executive	[object Object]	Indeed	2026-09-02	Los Angeles, CA	PISTOLA Denim - West Branch - North Branch - Central Branch	[object Object]	[object Object]	@pistoladenim	[object Object]	@emilywhite (to be verified - public profile only)	facebook.com/emily.white (to be verified - public profile only)	E-commerce & D2C	1001-5000	Los Angeles, CA	Emily White	Head of Customer Experience	[object Object]	emily.white@pistoladenim.com	PATTERN - MUST VERIFY via Clay / NeverBounce before sending	pistoladenim.com	76	Actively hiring Customer Support Executive - high operational workload signal for automation	AI receptionist / AI voice agent / AI customer support / recruitment automation / workflow automation (potential use case based on hiring signal)	HIGH PRIORITY	2026-09-04	Deep research: Check pistoladenim.com website careers page, LinkedIn company page https://www.linkedin.com/company/pistoladenim, Instagram @pistoladenim, Facebook https://www.facebook.com/pistoladenim. Decision maker: Emily White - Head of Customer Experience. Verify via LinkedIn Sales Navigator + Clay enrichment. Do not contact personal social.
176	LEAD-175	E-commerce & D2C	Customer Support Executive	[object Object]	Wellfound	2026-09-02	San Francisco, CA	Allbirds	[object Object]	[object Object]	@allbirds	[object Object]	@jessicamiller (to be verified - public profile only)	facebook.com/jessica.miller (to be verified - public profile only)	E-commerce & D2C	201-500	San Francisco, CA	Jessica Miller	Customer Support Manager	[object Object]	jessica.miller@allbirds.com	PATTERN - MUST VERIFY via Clay / NeverBounce before sending	allbirds.com	76	Actively hiring Customer Support Executive - high operational workload signal for automation	AI receptionist / AI voice agent / AI customer support / recruitment automation / workflow automation (potential use case based on hiring signal)	HIGH PRIORITY	2026-09-04	Deep research: Check allbirds.com we
<truncated 137101 bytes>

NOTE: The output was truncated because it was too long. Use a more targeted query or a smaller range to get the information you need.